{
"type": "FeatureCollection",
"name": "Raingauge Stations",
"features": [
{ "type": "Feature", "properties": { "RAINGAUGE": "ABU ROAD", "DISTRICT": "SIROHI", "LONGITUDE": "72:45:44.110", "LATITUDE": "24:29:13.163", "COUNT": "56.00", "MRF_1984": "609.50", "NMRF_1984": "0.00", "ATRF_1984": "609.50", "MRF_1985": "434.80", "NMRF_1985": "69.20", "ATRF_1985": "504.00", "MRF_1986": "257.00", "NMRF_1986": "0.00", "ATRF_1986": "257.00", "MRF_1987": "160.30", "NMRF_1987": "25.90", "ATRF_1987": "186.20", "MRF_1988": "723.00", "NMRF_1988": "12.00", "ATRF_1988": "735.00", "MRF_1989": "464.10", "NMRF_1989": "0.00", "ATRF_1989": "464.10", "MRF_1990": "1094.60", "NMRF_1990": "39.30", "ATRF_1990": "1133.90", "MRF_1991": "374.10", "NMRF_1991": "0.00", "ATRF_1991": "374.10", "MRF_1992": "1028.00", "NMRF_1992": "2.00", "ATRF_1992": "1030.00", "MRF_1993": "474.00", "NMRF_1993": "14.00", "ATRF_1993": "488.00", "MRF_1994": "1313.00", "NMRF_1994": "76.60", "ATRF_1994": "1389.60", "MRF_1995": "666.00", "NMRF_1995": "13.00", "ATRF_1995": "679.00", "MRF_1996": "464.00", "NMRF_1996": "53.00", "ATRF_1996": "517.00", "MRF_1997": "697.60", "NMRF_1997": "57.00", "ATRF_1997": "754.60", "MRF_1998": "375.00", "NMRF_1998": "125.00", "ATRF_1998": "500.00", "MRF_1999": "390.80", "NMRF_1999": "155.50", "ATRF_1999": "546.30", "MRF_2000": "310.60", "NMRF_2000": "15.00", "ATRF_2000": "325.60", "MRF_2001": "529.00", "NMRF_2001": "55.00", "ATRF_2001": "584.00", "MRF_2002": "216.00", "NMRF_2002": "0.00", "ATRF_2002": "216.00", "MRF_2003": "927.00", "NMRF_2003": "22.00", "ATRF_2003": "949.00", "MRF_2004": "482.00", "NMRF_2004": "40.00", "ATRF_2004": "522.00", "MRF_2005": "682.60", "NMRF_2005": "0.00", "ATRF_2005": "682.60", "MRF_2006": "1284.00", "NMRF_2006": "2.00", "ATRF_2006": "1286.00", "MRF_2007": "731.00", "NMRF_2007": "4.00", "ATRF_2007": "735.00", "MRF_2008": "677.00", "NMRF_2008": "9.00", "ATRF_2008": "686.00", "MRF_2009": "447.00", "NMRF_2009": "4.00", "ATRF_2009": "451.00", "MRF_2010": "678.00", "NMRF_2010": "97.00", "ATRF_2010": "775.00", "AGENCY": "RGWD", "ORIG_FID": "0" }, "geometry": { "type": "Point", "coordinates": [ 72.7622528, 24.4869897 ] } },
{ "type": "Feature", "properties": { "RAINGAUGE": "AHORE", "DISTRICT": "JALORE", "LONGITUDE": "72:46:26.936", "LATITUDE": "25:22:58.410", "COUNT": "58.00", "MRF_1984": "286.00", "NMRF_1984": "0.00", "ATRF_1984": "286.00", "MRF_1985": "163.50", "NMRF_1985": "24.50", "ATRF_1985": "188.00", "MRF_1986": "159.30", "NMRF_1986": "30.60", "ATRF_1986": "189.90", "MRF_1987": "100.80", "NMRF_1987": "28.60", "ATRF_1987": "129.40", "MRF_1988": "326.20", "NMRF_1988": "2.80", "ATRF_1988": "329.00", "MRF_1989": "250.00", "NMRF_1989": "12.00", "ATRF_1989": "262.00", "MRF_1990": "737.40", "NMRF_1990": "18.00", "ATRF_1990": "755.40", "MRF_1991": "94.30", "NMRF_1991": "9.10", "ATRF_1991": "103.40", "MRF_1992": "680.80", "NMRF_1992": "12.20", "ATRF_1992": "693.00", "MRF_1993": "296.40", "NMRF_1993": "0.00", "ATRF_1993": "296.40", "MRF_1994": "599.10", "NMRF_1994": "17.20", "ATRF_1994": "616.30", "MRF_1995": "507.80", "NMRF_1995": "21.00", "ATRF_1995": "528.80", "MRF_1996": "339.80", "NMRF_1996": "0.20", "ATRF_1996": "340.00", "MRF_1997": "659.20", "NMRF_1997": "37.40", "ATRF_1997": "696.60", "MRF_1998": "155.40", "NMRF_1998": "113.40", "ATRF_1998": "268.80", "MRF_1999": "243.80", "NMRF_1999": "64.00", "ATRF_1999": "307.80", "MRF_2000": "260.00", "NMRF_2000": "32.80", "ATRF_2000": "292.80", "MRF_2001": "292.20", "NMRF_2001": "41.60", "ATRF_2001": "333.80", "MRF_2002": "125.60", "NMRF_2002": "0.60", "ATRF_2002": "126.20", "MRF_2003": "653.80", "NMRF_2003": "74.00", "ATRF_2003": "727.80", "MRF_2004": "283.30", "NMRF_2004": "59.20", "ATRF_2004": "342.50", "MRF_2005": "436.00", "NMRF_2005": "4.00", "ATRF_2005": "440.00", "MRF_2006": "696.00", "NMRF_2006": "3.00", "ATRF_2006": "699.00", "MRF_2007": "386.00", "NMRF_2007": "26.00", "ATRF_2007": "412.00", "MRF_2008": "231.50", "NMRF_2008": "29.50", "ATRF_2008": "261.00", "MRF_2009": "149.60", "NMRF_2009": "0.00", "ATRF_2009": "149.60", "MRF_2010": "373.80", "NMRF_2010": "175.00", "ATRF_2010": "548.80", "AGENCY": "RGWD", "ORIG_FID": "1" }, "geometry": { "type": "Point", "coordinates": [ 72.7741489, 25.3828917 ] } },
{ "type": "Feature", "properties": { "RAINGAUGE": "ALWAR", "DISTRICT": "ALWAR", "LONGITUDE": "76:36:00.000", "LATITUDE": "27:34:00.000", "COUNT": "60.00", "MRF_1984": "550.00", "NMRF_1984": "2.00", "ATRF_1984": "552.00", "MRF_1985": "570.50", "NMRF_1985": "184.00", "ATRF_1985": "754.50", "MRF_1986": "220.90", "NMRF_1986": "93.00", "ATRF_1986": "313.90", "MRF_1987": "148.10", "NMRF_1987": "69.80", "ATRF_1987": "217.90", "MRF_1988": "527.70", "NMRF_1988": "50.30", "ATRF_1988": "578.00", "MRF_1989": "361.40", "NMRF_1989": "30.40", "ATRF_1989": "391.80", "MRF_1990": "620.00", "NMRF_1990": "147.00", "ATRF_1990": "767.00", "MRF_1991": "306.40", "NMRF_1991": "12.60", "ATRF_1991": "319.00", "MRF_1992": "607.00", "NMRF_1992": "68.00", "ATRF_1992": "675.00", "MRF_1993": "477.20", "NMRF_1993": "44.80", "ATRF_1993": "522.00", "MRF_1994": "453.70", "NMRF_1994": "55.30", "ATRF_1994": "509.00", "MRF_1995": "669.50", "NMRF_1995": "80.50", "ATRF_1995": "750.00", "MRF_1996": "1320.50", "NMRF_1996": "124.00", "ATRF_1996": "1444.50", "MRF_1997": "573.00", "NMRF_1997": "122.40", "ATRF_1997": "695.40", "MRF_1998": "665.30", "NMRF_1998": "69.00", "ATRF_1998": "734.30", "MRF_1999": "415.30", "NMRF_1999": "72.00", "ATRF_1999": "487.30", "MRF_2000": "410.00", "NMRF_2000": "21.70", "ATRF_2000": "431.70", "MRF_2001": "359.00", "NMRF_2001": "168.00", "ATRF_2001": "527.00", "MRF_2002": "217.00", "NMRF_2002": "105.00", "ATRF_2002": "322.00", "MRF_2003": "734.00", "NMRF_2003": "100.00", "ATRF_2003": "834.00", "MRF_2004": "330.00", "NMRF_2004": "90.00", "ATRF_2004": "420.00", "MRF_2005": "624.00", "NMRF_2005": "53.00", "ATRF_2005": "677.00", "MRF_2006": "605.00", "NMRF_2006": "116.00", "ATRF_2006": "721.00", "MRF_2007": "486.00", "NMRF_2007": "171.00", "ATRF_2007": "657.00", "MRF_2008": "924.00", "NMRF_2008": "100.00", "ATRF_2008": "1024.00", "MRF_2009": "533.00", "NMRF_2009": "48.00", "ATRF_2009": "581.00", "MRF_2010": "781.00", "NMRF_2010": "76.00", "ATRF_2010": "857.00", "AGENCY": "RGWD", "ORIG_FID": "2" }, "geometry": { "type": "Point", "coordinates": [ 76.6, 27.5666667 ] } },
{ "type": "Feature", "properties": { "RAINGAUGE": "AMBER", "DISTRICT": "JAIPUR", "LONGITUDE": "75:52:00.000", "LATITUDE": "26:59:00.000", "COUNT": "58.00", "MRF_1984": "495.50", "NMRF_1984": "0.00", "ATRF_1984": "495.50", "MRF_1985": "611.00", "NMRF_1985": "196.80", "ATRF_1985": "807.80", "MRF_1986": "393.30", "NMRF_1986": "161.00", "ATRF_1986": "554.30", "MRF_1987": "294.00", "NMRF_1987": "78.80", "ATRF_1987": "372.80", "MRF_1988": "541.00", "NMRF_1988": "6.40", "ATRF_1988": "547.40", "MRF_1989": "651.50", "NMRF_1989": "0.00", "ATRF_1989": "651.50", "MRF_1990": "667.00", "NMRF_1990": "95.00", "ATRF_1990": "762.00", "MRF_1991": "509.00", "NMRF_1991": "38.00", "ATRF_1991": "547.00", "MRF_1992": "864.50", "NMRF_1992": "64.50", "ATRF_1992": "929.00", "MRF_1993": "879.00", "NMRF_1993": "48.00", "ATRF_1993": "927.00", "MRF_1994": "640.00", "NMRF_1994": "66.00", "ATRF_1994": "706.00", "MRF_1995": "963.00", "NMRF_1995": "0.00", "ATRF_1995": "963.00", "MRF_1996": "890.00", "NMRF_1996": "26.40", "ATRF_1996": "916.40", "MRF_1997": "534.90", "NMRF_1997": "231.30", "ATRF_1997": "766.20", "MRF_1998": "692.60", "NMRF_1998": "29.40", "ATRF_1998": "722.00", "MRF_1999": "376.00", "NMRF_1999": "34.00", "ATRF_1999": "410.00", "MRF_2000": "285.00", "NMRF_2000": "15.00", "ATRF_2000": "300.00", "MRF_2001": "345.80", "NMRF_2001": "73.00", "ATRF_2001": "418.80", "MRF_2002": "182.00", "NMRF_2002": "53.00", "ATRF_2002": "235.00", "MRF_2003": "654.00", "NMRF_2003": "57.00", "ATRF_2003": "711.00", "MRF_2004": "646.00", "NMRF_2004": "144.00", "ATRF_2004": "790.00", "MRF_2005": "464.00", "NMRF_2005": "6.00", "ATRF_2005": "470.00", "MRF_2006": "331.00", "NMRF_2006": "26.00", "ATRF_2006": "357.00", "MRF_2007": "436.00", "NMRF_2007": "93.00", "ATRF_2007": "529.00", "MRF_2008": "486.00", "NMRF_2008": "66.00", "ATRF_2008": "552.00", "MRF_2009": "258.00", "NMRF_2009": "22.00", "ATRF_2009": "280.00", "MRF_2010": "656.00", "NMRF_2010": "75.00", "ATRF_2010": "731.00", "AGENCY": "RGWD", "ORIG_FID": "3" }, "geometry": { "type": "Point", "coordinates": [ 75.8666667, 26.9833333 ] } },
{ "type": "Feature", "properties": { "RAINGAUGE": "AMET", "DISTRICT": "RAJSAMAND", "LONGITUDE": "73:56:00.000", "LATITUDE": "25:19:00.000", "COUNT": "59.00", "MRF_1984": "284.00", "NMRF_1984": "0.00", "ATRF_1984": "284.00", "MRF_1985": "320.00", "NMRF_1985": "32.00", "ATRF_1985": "352.00", "MRF_1986": "429.00", "NMRF_1986": "40.00", "ATRF_1986": "469.00", "MRF_1987": "166.00", "NMRF_1987": "38.00", "ATRF_1987": "204.00", "MRF_1988": "489.00", "NMRF_1988": "9.00", "ATRF_1988": "498.00", "MRF_1989": "463.00", "NMRF_1989": "19.00", "ATRF_1989": "482.00", "MRF_1990": "557.00", "NMRF_1990": "56.00", "ATRF_1990": "613.00", "MRF_1991": "373.00", "NMRF_1991": "17.00", "ATRF_1991": "390.00", "MRF_1992": "509.00", "NMRF_1992": "57.00", "ATRF_1992": "566.00", "MRF_1993": "335.00", "NMRF_1993": "34.00", "ATRF_1993": "369.00", "MRF_1994": "651.50", "NMRF_1994": "33.20", "ATRF_1994": "684.70", "MRF_1995": "588.00", "NMRF_1995": "42.00", "ATRF_1995": "630.00", "MRF_1996": "588.00", "NMRF_1996": "42.00", "ATRF_1996": "630.00", "MRF_1997": "445.00", "NMRF_1997": "125.00", "ATRF_1997": "570.00", "MRF_1998": "524.00", "NMRF_1998": "168.00", "ATRF_1998": "692.00", "MRF_1999": "305.00", "NMRF_1999": "60.00", "ATRF_1999": "365.00", "MRF_2000": "211.00", "NMRF_2000": "52.00", "ATRF_2000": "263.00", "MRF_2001": "589.00", "NMRF_2001": "100.00", "ATRF_2001": "689.00", "MRF_2002": "256.00", "NMRF_2002": "8.00", "ATRF_2002": "264.00", "MRF_2003": "397.00", "NMRF_2003": "32.00", "ATRF_2003": "429.00", "MRF_2004": "380.00", "NMRF_2004": "56.00", "ATRF_2004": "436.00", "MRF_2005": "524.00", "NMRF_2005": "50.00", "ATRF_2005": "574.00", "MRF_2006": "788.00", "NMRF_2006": "4.00", "ATRF_2006": "792.00", "MRF_2007": "654.00", "NMRF_2007": "46.00", "ATRF_2007": "700.00", "MRF_2008": "418.00", "NMRF_2008": "74.00", "ATRF_2008": "492.00", "MRF_2009": "298.00", "NMRF_2009": "38.00", "ATRF_2009": "336.00", "MRF_2010": "503.00", "NMRF_2010": "147.00", "ATRF_2010": "650.00", "AGENCY": "RGWD", "ORIG_FID": "4" }, "geometry": { "type": "Point", "coordinates": [ 73.9333333, 25.3166667 ] } },
{ "type": "Feature", "properties": { "RAINGAUGE": "ANTAH", "DISTRICT": "BARAN", "LONGITUDE": "76:18:00.000", "LATITUDE": "25:09:00.000", "COUNT": "60.00", "MRF_1984": "694.50", "NMRF_1984": "25.00", "ATRF_1984": "719.50", "MRF_1985": "343.00", "NMRF_1985": "174.00", "ATRF_1985": "517.00", "MRF_1986": "1389.00", "NMRF_1986": "66.00", "ATRF_1986": "1455.00", "MRF_1987": "636.50", "NMRF_1987": "158.50", "ATRF_1987": "795.00", "MRF_1988": "638.00", "NMRF_1988": "56.00", "ATRF_1988": "694.00", "MRF_1989": "362.00", "NMRF_1989": "36.00", "ATRF_1989": "398.00", "MRF_1990": "773.60", "NMRF_1990": "14.80", "ATRF_1990": "788.40", "MRF_1991": "833.00", "NMRF_1991": "41.00", "ATRF_1991": "874.00", "MRF_1992": "472.20", "NMRF_1992": "113.60", "ATRF_1992": "585.80", "MRF_1993": "602.00", "NMRF_1993": "0.00", "ATRF_1993": "602.00", "MRF_1994": "1122.60", "NMRF_1994": "22.00", "ATRF_1994": "1144.60", "MRF_1995": "812.00", "NMRF_1995": "46.00", "ATRF_1995": "858.00", "MRF_1996": "1298.60", "NMRF_1996": "73.40", "ATRF_1996": "1372.00", "MRF_1997": "1002.00", "NMRF_1997": "115.00", "ATRF_1997": "1117.00", "MRF_1998": "796.90", "NMRF_1998": "60.00", "ATRF_1998": "856.90", "MRF_1999": "1129.00", "NMRF_1999": "49.00", "ATRF_1999": "1178.00", "MRF_2000": "737.00", "NMRF_2000": "91.00", "ATRF_2000": "828.00", "MRF_2001": "964.00", "NMRF_2001": "37.00", "ATRF_2001": "1001.00", "MRF_2002": "336.00", "NMRF_2002": "29.00", "ATRF_2002": "365.00", "MRF_2003": "721.00", "NMRF_2003": "53.00", "ATRF_2003": "774.00", "MRF_2004": "816.00", "NMRF_2004": "116.00", "ATRF_2004": "932.00", "MRF_2005": "1028.00", "NMRF_2005": "4.00", "ATRF_2005": "1032.00", "MRF_2006": "1219.00", "NMRF_2006": "59.00", "ATRF_2006": "1278.00", "MRF_2007": "504.80", "NMRF_2007": "34.20", "ATRF_2007": "539.00", "MRF_2008": "933.00", "NMRF_2008": "41.00", "ATRF_2008": "974.00", "MRF_2009": "724.00", "NMRF_2009": "124.00", "ATRF_2009": "848.00", "MRF_2010": "498.00", "NMRF_2010": "85.00", "ATRF_2010": "583.00", "AGENCY": "RGWD", "ORIG_FID": "5" }, "geometry": { "type": "Point", "coordinates": [ 76.3, 25.15 ] } },
{ "type": "Feature", "properties": { "RAINGAUGE": "ANUPGARH", "DISTRICT": "GANGANAGAR", "LONGITUDE": "73:13:41.603", "LATITUDE": "29:11:44.137", "COUNT": "58.00", "MRF_1984": "251.00", "NMRF_1984": "25.00", "ATRF_1984": "276.00", "MRF_1985": "263.00", "NMRF_1985": "32.00", "ATRF_1985": "295.00", "MRF_1986": "45.00", "NMRF_1986": "8.00", "ATRF_1986": "53.00", "MRF_1987": "52.00", "NMRF_1987": "108.00", "ATRF_1987": "160.00", "MRF_1988": "250.00", "NMRF_1988": "20.00", "ATRF_1988": "270.00", "MRF_1989": "238.00", "NMRF_1989": "23.00", "ATRF_1989": "261.00", "MRF_1990": "104.00", "NMRF_1990": "55.00", "ATRF_1990": "159.00", "MRF_1991": "43.00", "NMRF_1991": "35.00", "ATRF_1991": "78.00", "MRF_1992": "234.00", "NMRF_1992": "27.00", "ATRF_1992": "261.00", "MRF_1993": "90.50", "NMRF_1993": "40.00", "ATRF_1993": "130.50", "MRF_1994": "91.00", "NMRF_1994": "5.00", "ATRF_1994": "96.00", "MRF_1995": "216.00", "NMRF_1995": "0.00", "ATRF_1995": "216.00", "MRF_1996": "98.00", "NMRF_1996": "50.00", "ATRF_1996": "148.00", "MRF_1997": "229.00", "NMRF_1997": "137.00", "ATRF_1997": "366.00", "MRF_1998": "214.00", "NMRF_1998": "42.00", "ATRF_1998": "256.00", "MRF_1999": "87.00", "NMRF_1999": "60.00", "ATRF_1999": "147.00", "MRF_2000": "202.00", "NMRF_2000": "0.00", "ATRF_2000": "202.00", "MRF_2001": "180.00", "NMRF_2001": "70.00", "ATRF_2001": "250.00", "MRF_2002": "73.00", "NMRF_2002": "42.00", "ATRF_2002": "115.00", "MRF_2003": "171.00", "NMRF_2003": "46.00", "ATRF_2003": "217.00", "MRF_2004": "57.00", "NMRF_2004": "35.00", "ATRF_2004": "92.00", "MRF_2005": "67.00", "NMRF_2005": "113.50", "ATRF_2005": "180.50", "MRF_2006": "211.00", "NMRF_2006": "62.00", "ATRF_2006": "273.00", "MRF_2007": "137.00", "NMRF_2007": "53.00", "ATRF_2007": "190.00", "MRF_2008": "195.00", "NMRF_2008": "62.00", "ATRF_2008": "257.00", "MRF_2009": "140.50", "NMRF_2009": "70.00", "ATRF_2009": "210.50", "MRF_2010": "251.00", "NMRF_2010": "21.00", "ATRF_2010": "272.00", "AGENCY": "RGWD", "ORIG_FID": "6" }, "geometry": { "type": "Point", "coordinates": [ 73.2282231, 29.1955936 ] } },
{ "type": "Feature", "properties": { "RAINGAUGE": "ARAIN", "DISTRICT": "AJMER", "LONGITUDE": "75:03:00.000", "LATITUDE": "26:28:00.000", "COUNT": "19.00", "MRF_1984": "Not Available", "NMRF_1984": "Not Available", "ATRF_1984": "Not Available", "MRF_1985": "Not Available", "NMRF_1985": "Not Available", "ATRF_1985": "Not Available", "MRF_1986": "Not Available", "NMRF_1986": "Not Available", "ATRF_1986": "Not Available", "MRF_1987": "233.50", "NMRF_1987": "0.00", "ATRF_1987": "233.50", "MRF_1988": "560.00", "NMRF_1988": "0.00", "ATRF_1988": "560.00", "MRF_1989": "368.00", "NMRF_1989": "0.00", "ATRF_1989": "368.00", "MRF_1990": "253.00", "NMRF_1990": "28.00", "ATRF_1990": "281.00", "MRF_1991": "66.00", "NMRF_1991": "0.00", "ATRF_1991": "66.00", "MRF_1992": "367.00", "NMRF_1992": "0.00", "ATRF_1992": "367.00", "MRF_1993": "280.00", "NMRF_1993": "15.00", "ATRF_1993": "295.00", "MRF_1994": "Not Available", "NMRF_1994": "Not Available", "ATRF_1994": "Not Available", "MRF_1995": "Not Available", "NMRF_1995": "Not Available", "ATRF_1995": "Not Available", "MRF_1996": "Not Available", "NMRF_1996": "Not Available", "ATRF_1996": "Not Available", "MRF_1997": "Not Available", "NMRF_1997": "Not Available", "ATRF_1997": "Not Available", "MRF_1998": "Not Available", "NMRF_1998": "Not Available", "ATRF_1998": "Not Available", "MRF_1999": "Not Available", "NMRF_1999": "Not Available", "ATRF_1999": "Not Available", "MRF_2000": "Not Available", "NMRF_2000": "Not Available", "ATRF_2000": "Not Available", "MRF_2001": "Not Available", "NMRF_2001": "Not Available", "ATRF_2001": "Not Available", "MRF_2002": "Not Available", "NMRF_2002": "Not Available", "ATRF_2002": "Not Available", "MRF_2003": "Not Available", "NMRF_2003": "Not Available", "ATRF_2003": "Not Available", "MRF_2004": "Not Available", "NMRF_2004": "Not Available", "ATRF_2004": "Not Available", "MRF_2005": "Not Available", "NMRF_2005": "Not Available", "ATRF_2005": "Not Available", "MRF_2006": "Not Available", "NMRF_2006": "Not Available", "ATRF_2006": "Not Available", "MRF_2007": "Not Available", "NMRF_2007": "Not Available", "ATRF_2007": "Not Available", "MRF_2008": "Not Available", "NMRF_2008": "Not Available", "ATRF_2008": "Not Available", "MRF_2009": "Not Available", "NMRF_2009": "Not Available", "ATRF_2009": "Not Available", "MRF_2010": "691.00", "NMRF_2010": "135.00", "ATRF_2010": "826.00", "AGENCY": "RGWD", "ORIG_FID": "7" }, "geometry": { "type": "Point", "coordinates": [ 75.05, 26.4666667 ] } },
{ "type": "Feature", "properties": { "RAINGAUGE": "ARNOD", "DISTRICT": "CHITTAURGARH", "LONGITUDE": "74:45:01.943", "LATITUDE": "24:41:30.585", "COUNT": "50.00", "MRF_1984": "1128.70", "NMRF_1984": "0.00", "ATRF_1984": "1128.70", "MRF_1985": "471.00", "NMRF_1985": "129.20", "ATRF_1985": "600.20", "MRF_1986": "787.50", "NMRF_1986": "24.00", "ATRF_1986": "811.50", "MRF_1987": "658.30", "NMRF_1987": "131.80", "ATRF_1987": "790.10", "MRF_1988": "830.80", "NMRF_1988": "51.20", "ATRF_1988": "882.00", "MRF_1989": "693.00", "NMRF_1989": "0.00", "ATRF_1989": "693.00", "MRF_1990": "1244.00", "NMRF_1990": "27.00", "ATRF_1990": "1271.00", "MRF_1991": "696.80", "NMRF_1991": "13.20", "ATRF_1991": "710.00", "MRF_1992": "523.00", "NMRF_1992": "122.00", "ATRF_1992": "645.00", "MRF_1993": "871.00", "NMRF_1993": "14.00", "ATRF_1993": "885.00", "MRF_1994": "1655.00", "NMRF_1994": "27.00", "ATRF_1994": "1682.00", "MRF_1995": "Not Available", "NMRF_1995": "Not Available", "ATRF_1995": "Not Available", "MRF_1996": "Not Available", "NMRF_1996": "Not Available", "ATRF_1996": "Not Available", "MRF_1997": "1418.00", "NMRF_1997": "59.50", "ATRF_1997": "1477.50", "MRF_1998": "928.00", "NMRF_1998": "110.00", "ATRF_1998": "1038.00", "MRF_1999": "1088.00", "NMRF_1999": "48.00", "ATRF_1999": "1136.00", "MRF_2000": "485.00", "NMRF_2000": "7.00", "ATRF_2000": "492.00", "MRF_2001": "605.00", "NMRF_2001": "29.00", "ATRF_2001": "634.00", "MRF_2002": "529.00", "NMRF_2002": "6.00", "ATRF_2002": "535.00", "MRF_2003": "785.00", "NMRF_2003": "24.00", "ATRF_2003": "809.00", "MRF_2004": "1074.00", "NMRF_2004": "120.00", "ATRF_2004": "1194.00", "MRF_2005": "1088.00", "NMRF_2005": "13.00", "ATRF_2005": "1101.00", "MRF_2006": "2512.00", "NMRF_2006": "6.00", "ATRF_2006": "2518.00", "MRF_2007": "1574.00", "NMRF_2007": "47.00", "ATRF_2007": "1621.00", "MRF_2008": "1017.00", "NMRF_2008": "33.00", "ATRF_2008": "1050.00", "MRF_2009": "1240.00", "NMRF_2009": "101.00", "ATRF_2009": "1341.00", "MRF_2010": "Not Available", "NMRF_2010": "Not Available", "ATRF_2010": "Not Available", "AGENCY": "RGWD", "ORIG_FID": "8" }, "geometry": { "type": "Point", "coordinates": [ 74.7505397, 24.6918292 ] } },
{ "type": "Feature", "properties": { "RAINGAUGE": "ASIND", "DISTRICT": "BHILWARA", "LONGITUDE": "74:20:00.000", "LATITUDE": "25:44:00.000", "COUNT": "55.00", "MRF_1984": "364.00", "NMRF_1984": "0.00", "ATRF_1984": "364.00", "MRF_1985": "133.30", "NMRF_1985": "76.00", "ATRF_1985": "209.30", "MRF_1986": "258.00", "NMRF_1986": "30.00", "ATRF_1986": "288.00", "MRF_1987": "116.00", "NMRF_1987": "45.20", "ATRF_1987": "161.20", "MRF_1988": "317.00", "NMRF_1988": "10.00", "ATRF_1988": "327.00", "MRF_1989": "0.00", "NMRF_1989": "14.00", "ATRF_1989": "14.00", "MRF_1990": "534.70", "NMRF_1990": "47.30", "ATRF_1990": "582.00", "MRF_1991": "333.10", "NMRF_1991": "9.00", "ATRF_1991": "342.10", "MRF_1992": "451.00", "NMRF_1992": "51.00", "ATRF_1992": "502.00", "MRF_1993": "174.00", "NMRF_1993": "16.00", "ATRF_1993": "190.00", "MRF_1994": "551.00", "NMRF_1994": "23.00", "ATRF_1994": "574.00", "MRF_1995": "435.00", "NMRF_1995": "10.00", "ATRF_1995": "445.00", "MRF_1996": "Not Available", "NMRF_1996": "Not Available", "ATRF_1996": "Not Available", "MRF_1997": "529.00", "NMRF_1997": "22.00", "ATRF_1997": "551.00", "MRF_1998": "322.00", "NMRF_1998": "63.00", "ATRF_1998": "385.00", "MRF_1999": "299.00", "NMRF_1999": "5.00", "ATRF_1999": "304.00", "MRF_2000": "221.00", "NMRF_2000": "14.00", "ATRF_2000": "235.00", "MRF_2001": "565.50", "NMRF_2001": "80.50", "ATRF_2001": "646.00", "MRF_2002": "196.00", "NMRF_2002": "36.00", "ATRF_2002": "232.00", "MRF_2003": "285.00", "NMRF_2003": "36.00", "ATRF_2003": "321.00", "MRF_2004": "475.40", "NMRF_2004": "0.00", "ATRF_2004": "475.40", "MRF_2005": "490.00", "NMRF_2005": "41.00", "ATRF_2005": "531.00", "MRF_2006": "439.00", "NMRF_2006": "12.00", "ATRF_2006": "451.00", "MRF_2007": "413.00", "NMRF_2007": "37.00", "ATRF_2007": "450.00", "MRF_2008": "302.00", "NMRF_2008": "24.00", "ATRF_2008": "326.00", "MRF_2009": "370.00", "NMRF_2009": "48.00", "ATRF_2009": "418.00", "MRF_2010": "316.00", "NMRF_2010": "150.00", "ATRF_2010": "466.00", "AGENCY": "RGWD", "ORIG_FID": "9" }, "geometry": { "type": "Point", "coordinates": [ 74.3333333, 25.7333333 ] } },
{ "type": "Feature", "properties": { "RAINGAUGE": "ASPUR", "DISTRICT": "DUNGARPUR", "LONGITUDE": "74:05:00.000", "LATITUDE": "23:57:00.000", "COUNT": "58.00", "MRF_1984": "910.50", "NMRF_1984": "0.00", "ATRF_1984": "910.50", "MRF_1985": "325.00", "NMRF_1985": "101.00", "ATRF_1985": "426.00", "MRF_1986": "501.00", "NMRF_1986": "0.00", "ATRF_1986": "501.00", "MRF_1987": "825.00", "NMRF_1987": "13.00", "ATRF_1987": "838.00", "MRF_1988": "521.00", "NMRF_1988": "0.00", "ATRF_1988": "521.00", "MRF_1989": "754.00", "NMRF_1989": "0.00", "ATRF_1989": "754.00", "MRF_1990": "1060.00", "NMRF_1990": "113.00", "ATRF_1990": "1173.00", "MRF_1991": "690.00", "NMRF_1991": "0.00", "ATRF_1991": "690.00", "MRF_1992": "706.00", "NMRF_1992": "46.00", "ATRF_1992": "752.00", "MRF_1993": "706.00", "NMRF_1993": "46.00", "ATRF_1993": "752.00", "MRF_1994": "1367.00", "NMRF_1994": "12.00", "ATRF_1994": "1379.00", "MRF_1995": "540.00", "NMRF_1995": "40.00", "ATRF_1995": "580.00", "MRF_1996": "Not Available", "NMRF_1996": "Not Available", "ATRF_1996": "Not Available", "MRF_1997": "730.00", "NMRF_1997": "62.00", "ATRF_1997": "792.00", "MRF_1998": "680.00", "NMRF_1998": "103.00", "ATRF_1998": "783.00", "MRF_1999": "523.00", "NMRF_1999": "40.00", "ATRF_1999": "563.00", "MRF_2000": "332.00", "NMRF_2000": "8.00", "ATRF_2000": "340.00", "MRF_2001": "703.00", "NMRF_2001": "1.00", "ATRF_2001": "704.00", "MRF_2002": "449.00", "NMRF_2002": "1.00", "ATRF_2002": "450.00", "MRF_2003": "586.50", "NMRF_2003": "58.00", "ATRF_2003": "644.50", "MRF_2004": "800.00", "NMRF_2004": "0.00", "ATRF_2004": "800.00", "MRF_2005": "509.00", "NMRF_2005": "11.00", "ATRF_2005": "520.00", "MRF_2006": "1494.00", "NMRF_2006": "0.00", "ATRF_2006": "1494.00", "MRF_2007": "859.00", "NMRF_2007": "30.00", "ATRF_2007": "889.00", "MRF_2008": "500.00", "NMRF_2008": "0.00", "ATRF_2008": "500.00", "MRF_2009": "713.00", "NMRF_2009": "25.00", "ATRF_2009": "738.00", "MRF_2010": "522.00", "NMRF_2010": "46.00", "ATRF_2010": "568.00", "AGENCY": "RGWD", "ORIG_FID": "10" }, "geometry": { "type": "Point", "coordinates": [ 74.0833333, 23.95 ] } },
{ "type": "Feature", "properties": { "RAINGAUGE": "ATRU", "DISTRICT": "BARAN", "LONGITUDE": "76:39:40.066", "LATITUDE": "24:51:39.194", "COUNT": "59.00", "MRF_1984": "654.60", "NMRF_1984": "24.90", "ATRF_1984": "679.50", "MRF_1985": "841.70", "NMRF_1985": "0.00", "ATRF_1985": "841.70", "MRF_1986": "954.00", "NMRF_1986": "25.00", "ATRF_1986": "979.00", "MRF_1987": "786.80", "NMRF_1987": "257.20", "ATRF_1987": "1044.00", "MRF_1988": "675.50", "NMRF_1988": "16.00", "ATRF_1988": "691.50", "MRF_1989": "594.20", "NMRF_1989": "3.40", "ATRF_1989": "597.60", "MRF_1990": "772.00", "NMRF_1990": "12.20", "ATRF_1990": "784.20", "MRF_1991": "786.40", "NMRF_1991": "13.60", "ATRF_1991": "800.00", "MRF_1992": "559.20", "NMRF_1992": "111.00", "ATRF_1992": "670.20", "MRF_1993": "798.90", "NMRF_1993": "0.00", "ATRF_1993": "798.90", "MRF_1994": "1089.20", "NMRF_1994": "24.90", "ATRF_1994": "1114.10", "MRF_1995": "826.60", "NMRF_1995": "41.00", "ATRF_1995": "867.60", "MRF_1996": "991.40", "NMRF_1996": "88.00", "ATRF_1996": "1079.40", "MRF_1997": "745.60", "NMRF_1997": "304.60", "ATRF_1997": "1050.20", "MRF_1998": "705.20", "NMRF_1998": "30.40", "ATRF_1998": "735.60", "MRF_1999": "615.60", "NMRF_1999": "53.20", "ATRF_1999": "668.80", "MRF_2000": "591.00", "NMRF_2000": "50.20", "ATRF_2000": "641.20", "MRF_2001": "962.80", "NMRF_2001": "121.20", "ATRF_2001": "1084.00", "MRF_2002": "215.90", "NMRF_2002": "21.60", "ATRF_2002": "237.50", "MRF_2003": "735.40", "NMRF_2003": "23.60", "ATRF_2003": "759.00", "MRF_2004": "856.00", "NMRF_2004": "25.00", "ATRF_2004": "881.00", "MRF_2005": "650.00", "NMRF_2005": "6.00", "ATRF_2005": "656.00", "MRF_2006": "651.00", "NMRF_2006": "100.00", "ATRF_2006": "751.00", "MRF_2007": "827.00", "NMRF_2007": "10.00", "ATRF_2007": "837.00", "MRF_2008": "798.00", "NMRF_2008": "10.00", "ATRF_2008": "808.00", "MRF_2009": "611.00", "NMRF_2009": "75.00", "ATRF_2009": "686.00", "MRF_2010": "615.00", "NMRF_2010": "53.00", "ATRF_2010": "668.00", "AGENCY": "RGWD", "ORIG_FID": "11" }, "geometry": { "type": "Point", "coordinates": [ 76.6611294, 24.8608872 ] } },
{ "type": "Feature", "properties": { "RAINGAUGE": "BAGIDORA", "DISTRICT": "BANSWARA", "LONGITUDE": "74:16:36.050", "LATITUDE": "23:23:57.594", "COUNT": "54.00", "MRF_1984": "1083.10", "NMRF_1984": "0.00", "ATRF_1984": "1083.10", "MRF_1985": "300.00", "NMRF_1985": "367.00", "ATRF_1985": "667.00", "MRF_1986": "766.00", "NMRF_1986": "0.00", "ATRF_1986": "766.00", "MRF_1987": "693.00", "NMRF_1987": "33.00", "ATRF_1987": "726.00", "MRF_1988": "813.00", "NMRF_1988": "33.00", "ATRF_1988": "846.00", "MRF_1989": "492.00", "NMRF_1989": "0.00", "ATRF_1989": "492.00", "MRF_1990": "1025.00", "NMRF_1990": "40.00", "ATRF_1990": "1065.00", "MRF_1991": "761.00", "NMRF_1991": "0.00", "ATRF_1991": "761.00", "MRF_1992": "645.00", "NMRF_1992": "99.30", "ATRF_1992": "744.30", "MRF_1993": "729.00", "NMRF_1993": "69.00", "ATRF_1993": "798.00", "MRF_1994": "1007.00", "NMRF_1994": "15.00", "ATRF_1994": "1022.00", "MRF_1995": "609.00", "NMRF_1995": "106.00", "ATRF_1995": "715.00", "MRF_1996": "Not Available", "NMRF_1996": "Not Available", "ATRF_1996": "Not Available", "MRF_1997": "1028.00", "NMRF_1997": "97.00", "ATRF_1997": "1125.00", "MRF_1998": "923.00", "NMRF_1998": "24.00", "ATRF_1998": "947.00", "MRF_1999": "616.00", "NMRF_1999": "14.00", "ATRF_1999": "630.00", "MRF_2000": "576.00", "NMRF_2000": "34.00", "ATRF_2000": "610.00", "MRF_2001": "493.00", "NMRF_2001": "11.00", "ATRF_2001": "504.00", "MRF_2002": "536.00", "NMRF_2002": "1.00", "ATRF_2002": "537.00", "MRF_2003": "744.00", "NMRF_2003": "17.00", "ATRF_2003": "761.00", "MRF_2004": "1100.00", "NMRF_2004": "58.00", "ATRF_2004": "1158.00", "MRF_2005": "753.00", "NMRF_2005": "6.00", "ATRF_2005": "759.00", "MRF_2006": "1810.00", "NMRF_2006": "23.00", "ATRF_2006": "1833.00", "MRF_2007": "1348.00", "NMRF_2007": "0.00", "ATRF_2007": "1348.00", "MRF_2008": "499.00", "NMRF_2008": "45.00", "ATRF_2008": "544.00", "MRF_2009": "748.00", "NMRF_2009": "22.00", "ATRF_2009": "770.00", "MRF_2010": "656.00", "NMRF_2010": "6.00", "ATRF_2010": "662.00", "AGENCY": "RGWD", "ORIG_FID": "12" }, "geometry": { "type": "Point", "coordinates": [ 74.2766806, 23.3993317 ] } },
{ "type": "Feature", "properties": { "RAINGAUGE": "BAGODA", "DISTRICT": "JALORE", "LONGITUDE": "72:00:31.276", "LATITUDE": "25:14:40.021", "COUNT": "18.00", "MRF_1984": "Not Available", "NMRF_1984": "Not Available", "ATRF_1984": "Not Available", "MRF_1985": "Not Available", "NMRF_1985": "Not Available", "ATRF_1985": "Not Available", "MRF_1986": "Not Available", "NMRF_1986": "Not Available", "ATRF_1986": "Not Available", "MRF_1987": "Not Available", "NMRF_1987": "Not Available", "ATRF_1987": "Not Available", "MRF_1988": "Not Available", "NMRF_1988": "Not Available", "ATRF_1988": "Not Available", "MRF_1989": "Not Available", "NMRF_1989": "Not Available", "ATRF_1989": "Not Available", "MRF_1990": "Not Available", "NMRF_1990": "Not Available", "ATRF_1990": "Not Available", "MRF_1991": "Not Available", "NMRF_1991": "Not Available", "ATRF_1991": "Not Available", "MRF_1992": "Not Available", "NMRF_1992": "Not Available", "ATRF_1992": "Not Available", "MRF_1993": "Not Available", "NMRF_1993": "Not Available", "ATRF_1993": "Not Available", "MRF_1994": "Not Available", "NMRF_1994": "Not Available", "ATRF_1994": "Not Available", "MRF_1995": "Not Available", "NMRF_1995": "Not Available", "ATRF_1995": "Not Available", "MRF_1996": "Not Available", "NMRF_1996": "Not Available", "ATRF_1996": "Not Available", "MRF_1997": "Not Available", "NMRF_1997": "Not Available", "ATRF_1997": "Not Available", "MRF_1998": "Not Available", "NMRF_1998": "Not Available", "ATRF_1998": "Not Available", "MRF_1999": "Not Available", "NMRF_1999": "Not Available", "ATRF_1999": "Not Available", "MRF_2000": "Not Available", "NMRF_2000": "Not Available", "ATRF_2000": "Not Available", "MRF_2001": "Not Available", "NMRF_2001": "Not Available", "ATRF_2001": "Not Available", "MRF_2002": "Not Available", "NMRF_2002": "Not Available", "ATRF_2002": "Not Available", "MRF_2003": "Not Available", "NMRF_2003": "Not Available", "ATRF_2003": "Not Available", "MRF_2004": "Not Available", "NMRF_2004": "Not Available", "ATRF_2004": "Not Available", "MRF_2005": "267.20", "NMRF_2005": "4.80", "ATRF_2005": "272.00", "MRF_2006": "643.00", "NMRF_2006": "12.00", "ATRF_2006": "655.00", "MRF_2007": "248.00", "NMRF_2007": "23.00", "ATRF_2007": "271.00", "MRF_2008": "226.00", "NMRF_2008": "46.00", "ATRF_2008": "272.00", "MRF_2009": "178.00", "NMRF_2009": "20.00", "ATRF_2009": "198.00", "MRF_2010": "442.00", "NMRF_2010": "56.00", "ATRF_2010": "498.00", "AGENCY": "RGWD", "ORIG_FID": "13" }, "geometry": { "type": "Point", "coordinates": [ 72.0086878, 25.2444503 ] } },
{ "type": "Feature", "properties": { "RAINGAUGE": "BAIRATH", "DISTRICT": "JAIPUR", "LONGITUDE": "76:11:00.000", "LATITUDE": "27:27:00.000", "COUNT": "60.00", "MRF_1984": "432.00", "NMRF_1984": "3.00", "ATRF_1984": "435.00", "MRF_1985": "611.00", "NMRF_1985": "85.00", "ATRF_1985": "696.00", "MRF_1986": "304.00", "NMRF_1986": "59.00", "ATRF_1986": "363.00", "MRF_1987": "261.00", "NMRF_1987": "123.00", "ATRF_1987": "384.00", "MRF_1988": "751.00", "NMRF_1988": "28.00", "ATRF_1988": "779.00", "MRF_1989": "412.00", "NMRF_1989": "0.00", "ATRF_1989": "412.00", "MRF_1990": "489.00", "NMRF_1990": "174.00", "ATRF_1990": "663.00", "MRF_1991": "278.00", "NMRF_1991": "21.00", "ATRF_1991": "299.00", "MRF_1992": "695.00", "NMRF_1992": "131.00", "ATRF_1992": "826.00", "MRF_1993": "670.00", "NMRF_1993": "65.50", "ATRF_1993": "735.50", "MRF_1994": "458.20", "NMRF_1994": "46.90", "ATRF_1994": "505.10", "MRF_1995": "853.30", "NMRF_1995": "8.50", "ATRF_1995": "861.80", "MRF_1996": "922.60", "NMRF_1996": "76.40", "ATRF_1996": "999.00", "MRF_1997": "705.00", "NMRF_1997": "205.40", "ATRF_1997": "910.40", "MRF_1998": "658.00", "NMRF_1998": "116.20", "ATRF_1998": "774.20", "MRF_1999": "578.30", "NMRF_1999": "22.60", "ATRF_1999": "600.90", "MRF_2000": "423.00", "NMRF_2000": "49.00", "ATRF_2000": "472.00", "MRF_2001": "403.50", "NMRF_2001": "102.00", "ATRF_2001": "505.50", "MRF_2002": "183.50", "NMRF_2002": "78.50", "ATRF_2002": "262.00", "MRF_2003": "1005.00", "NMRF_2003": "79.00", "ATRF_2003": "1084.00", "MRF_2004": "364.00", "NMRF_2004": "125.50", "ATRF_2004": "489.50", "MRF_2005": "901.00", "NMRF_2005": "75.00", "ATRF_2005": "976.00", "MRF_2006": "398.00", "NMRF_2006": "84.50", "ATRF_2006": "482.50", "MRF_2007": "360.00", "NMRF_2007": "94.00", "ATRF_2007": "454.00", "MRF_2008": "869.50", "NMRF_2008": "100.00", "ATRF_2008": "969.50", "MRF_2009": "300.00", "NMRF_2009": "44.00", "ATRF_2009": "344.00", "MRF_2010": "829.00", "NMRF_2010": "94.00", "ATRF_2010": "923.00", "AGENCY": "RGWD", "ORIG_FID": "14" }, "geometry": { "type": "Point", "coordinates": [ 76.1833333, 27.45 ] } },
{ "type": "Feature", "properties": { "RAINGAUGE": "BAITU", "DISTRICT": "BARMER", "LONGITUDE": "71:46:58.732", "LATITUDE": "25:53:56.252", "COUNT": "51.00", "MRF_1984": "Not Available", "NMRF_1984": "Not Available", "ATRF_1984": "Not Available", "MRF_1985": "Not Available", "NMRF_1985": "Not Available", "ATRF_1985": "Not Available", "MRF_1986": "Not Available", "NMRF_1986": "Not Available", "ATRF_1986": "Not Available", "MRF_1987": "Not Available", "NMRF_1987": "Not Available", "ATRF_1987": "Not Available", "MRF_1988": "Not Available", "NMRF_1988": "Not Available", "ATRF_1988": "Not Available", "MRF_1989": "146.00", "NMRF_1989": "0.00", "ATRF_1989": "146.00", "MRF_1990": "Not Available", "NMRF_1990": "Not Available", "ATRF_1990": "Not Available", "MRF_1991": "Not Available", "NMRF_1991": "Not Available", "ATRF_1991": "Not Available", "MRF_1992": "358.00", "NMRF_1992": "0.00", "ATRF_1992": "358.00", "MRF_1993": "417.00", "NMRF_1993": "23.00", "ATRF_1993": "440.00", "MRF_1994": "400.00", "NMRF_1994": "3.00", "ATRF_1994": "403.00", "MRF_1995": "304.00", "NMRF_1995": "8.00", "ATRF_1995": "312.00", "MRF_1996": "194.00", "NMRF_1996": "60.00", "ATRF_1996": "254.00", "MRF_1997": "231.00", "NMRF_1997": "79.00", "ATRF_1997": "310.00", "MRF_1998": "210.00", "NMRF_1998": "81.00", "ATRF_1998": "291.00", "MRF_1999": "69.00", "NMRF_1999": "40.00", "ATRF_1999": "109.00", "MRF_2000": "267.00", "NMRF_2000": "3.00", "ATRF_2000": "270.00", "MRF_2001": "145.00", "NMRF_2001": "93.00", "ATRF_2001": "238.00", "MRF_2002": "43.00", "NMRF_2002": "13.00", "ATRF_2002": "56.00", "MRF_2003": "685.00", "NMRF_2003": "17.00", "ATRF_2003": "702.00", "MRF_2004": "146.00", "NMRF_2004": "78.00", "ATRF_2004": "224.00", "MRF_2005": "58.00", "NMRF_2005": "8.00", "ATRF_2005": "66.00", "MRF_2006": "638.00", "NMRF_2006": "28.00", "ATRF_2006": "666.00", "MRF_2007": "180.00", "NMRF_2007": "18.00", "ATRF_2007": "198.00", "MRF_2008": "295.00", "NMRF_2008": "11.00", "ATRF_2008": "306.00", "MRF_2009": "215.00", "NMRF_2009": "16.00", "ATRF_2009": "231.00", "MRF_2010": "372.00", "NMRF_2010": "50.00", "ATRF_2010": "422.00", "AGENCY": "RGWD", "ORIG_FID": "15" }, "geometry": { "type": "Point", "coordinates": [ 71.7829811, 25.8989589 ] } },
{ "type": "Feature", "properties": { "RAINGAUGE": "BAKANI", "DISTRICT": "JHALAWAR", "LONGITUDE": "76:14:14.157", "LATITUDE": "24:16:43.093", "COUNT": "60.00", "MRF_1984": "842.50", "NMRF_1984": "24.50", "ATRF_1984": "867.00", "MRF_1985": "781.20", "NMRF_1985": "217.60", "ATRF_1985": "998.80", "MRF_1986": "1202.30", "NMRF_1986": "30.00", "ATRF_1986": "1232.30", "MRF_1987": "1135.20", "NMRF_1987": "111.00", "ATRF_1987": "1246.20", "MRF_1988": "899.90", "NMRF_1988": "57.00", "ATRF_1988": "956.90", "MRF_1989": "899.40", "NMRF_1989": "2.40", "ATRF_1989": "901.80", "MRF_1990": "1010.80", "NMRF_1990": "17.90", "ATRF_1990": "1028.70", "MRF_1991": "754.00", "NMRF_1991": "48.00", "ATRF_1991": "802.00", "MRF_1992": "1078.20", "NMRF_1992": "161.40", "ATRF_1992": "1239.60", "MRF_1993": "1095.00", "NMRF_1993": "25.80", "ATRF_1993": "1120.80", "MRF_1994": "1216.80", "NMRF_1994": "73.40", "ATRF_1994": "1290.20", "MRF_1995": "827.00", "NMRF_1995": "73.00", "ATRF_1995": "900.00", "MRF_1996": "1567.00", "NMRF_1996": "47.80", "ATRF_1996": "1614.80", "MRF_1997": "1018.20", "NMRF_1997": "265.00", "ATRF_1997": "1283.20", "MRF_1998": "612.80", "NMRF_1998": "38.20", "ATRF_1998": "651.00", "MRF_1999": "1097.00", "NMRF_1999": "72.00", "ATRF_1999": "1169.00", "MRF_2000": "738.00", "NMRF_2000": "55.00", "ATRF_2000": "793.00", "MRF_2001": "1212.00", "NMRF_2001": "31.00", "ATRF_2001": "1243.00", "MRF_2002": "415.00", "NMRF_2002": "19.00", "ATRF_2002": "434.00", "MRF_2003": "908.00", "NMRF_2003": "31.00", "ATRF_2003": "939.00", "MRF_2004": "939.60", "NMRF_2004": "79.80", "ATRF_2004": "1019.40", "MRF_2005": "736.20", "NMRF_2005": "19.00", "ATRF_2005": "755.20", "MRF_2006": "1765.80", "NMRF_2006": "61.00", "ATRF_2006": "1826.80", "MRF_2007": "663.80", "NMRF_2007": "21.40", "ATRF_2007": "685.20", "MRF_2008": "722.80", "NMRF_2008": "45.40", "ATRF_2008": "768.20", "MRF_2009": "522.00", "NMRF_2009": "151.60", "ATRF_2009": "673.60", "MRF_2010": "660.50", "NMRF_2010": "60.80", "ATRF_2010": "721.30", "AGENCY": "RGWD", "ORIG_FID": "16" }, "geometry": { "type": "Point", "coordinates": [ 76.2372658, 24.2786369 ] } },
{ "type": "Feature", "properties": { "RAINGAUGE": "BALI", "DISTRICT": "PALI", "LONGITUDE": "73:17:00.000", "LATITUDE": "25:11:00.000", "COUNT": "32.00", "MRF_1984": "Not Available", "NMRF_1984": "Not Available", "ATRF_1984": "Not Available", "MRF_1985": "Not Available", "NMRF_1985": "Not Available", "ATRF_1985": "Not Available", "MRF_1986": "Not Available", "NMRF_1986": "Not Available", "ATRF_1986": "Not Available", "MRF_1987": "134.00", "NMRF_1987": "40.00", "ATRF_1987": "174.00", "MRF_1988": "513.00", "NMRF_1988": "52.00", "ATRF_1988": "565.00", "MRF_1989": "455.00", "NMRF_1989": "10.00", "ATRF_1989": "465.00", "MRF_1990": "1174.00", "NMRF_1990": "31.00", "ATRF_1990": "1205.00", "MRF_1991": "320.00", "NMRF_1991": "26.00", "ATRF_1991": "346.00", "MRF_1992": "933.30", "NMRF_1992": "10.00", "ATRF_1992": "943.30", "MRF_1993": "568.20", "NMRF_1993": "24.00", "ATRF_1993": "592.20", "MRF_1994": "Not Available", "NMRF_1994": "Not Available", "ATRF_1994": "Not Available", "MRF_1995": "Not Available", "NMRF_1995": "Not Available", "ATRF_1995": "Not Available", "MRF_1996": "Not Available", "NMRF_1996": "Not Available", "ATRF_1996": "Not Available", "MRF_1997": "Not Available", "NMRF_1997": "Not Available", "ATRF_1997": "Not Available", "MRF_1998": "Not Available", "NMRF_1998": "Not Available", "ATRF_1998": "Not Available", "MRF_1999": "Not Available", "NMRF_1999": "Not Available", "ATRF_1999": "Not Available", "MRF_2000": "332.50", "NMRF_2000": "19.00", "ATRF_2000": "351.50", "MRF_2001": "515.00", "NMRF_2001": "22.00", "ATRF_2001": "537.00", "MRF_2002": "248.00", "NMRF_2002": "20.00", "ATRF_2002": "268.00", "MRF_2003": "583.00", "NMRF_2003": "49.00", "ATRF_2003": "632.00", "MRF_2004": "375.00", "NMRF_2004": "61.00", "ATRF_2004": "436.00", "MRF_2005": "480.00", "NMRF_2005": "21.00", "ATRF_2005": "501.00", "MRF_2006": "1124.40", "NMRF_2006": "6.00", "ATRF_2006": "1130.40", "MRF_2007": "621.00", "NMRF_2007": "45.00", "ATRF_2007": "666.00", "MRF_2008": "399.00", "NMRF_2008": "18.00", "ATRF_2008": "417.00", "MRF_2009": "271.00", "NMRF_2009": "0.00", "ATRF_2009": "271.00", "MRF_2010": "796.00", "NMRF_2010": "141.00", "ATRF_2010": "937.00", "AGENCY": "RGWD", "ORIG_FID": "17" }, "geometry": { "type": "Point", "coordinates": [ 73.2833333, 25.1833333 ] } },
{ "type": "Feature", "properties": { "RAINGAUGE": "BALOTRA/PACHPADRA", "DISTRICT": "BARMER", "LONGITUDE": "72:14:03.284", "LATITUDE": "25:50:45.752", "COUNT": "14.00", "MRF_1984": "Not Available", "NMRF_1984": "Not Available", "ATRF_1984": "Not Available", "MRF_1985": "Not Available", "NMRF_1985": "Not Available", "ATRF_1985": "Not Available", "MRF_1986": "Not Available", "NMRF_1986": "Not Available", "ATRF_1986": "Not Available", "MRF_1987": "108.60", "NMRF_1987": "19.40", "ATRF_1987": "128.00", "MRF_1988": "141.00", "NMRF_1988": "0.00", "ATRF_1988": "141.00", "MRF_1989": "264.20", "NMRF_1989": "0.00", "ATRF_1989": "264.20", "MRF_1990": "412.00", "NMRF_1990": "0.00", "ATRF_1990": "412.00", "MRF_1991": "79.90", "NMRF_1991": "3.40", "ATRF_1991": "83.30", "MRF_1992": "396.00", "NMRF_1992": "35.00", "ATRF_1992": "431.00", "MRF_1993": "222.00", "NMRF_1993": "9.00", "ATRF_1993": "231.00", "MRF_1994": "Not Available", "NMRF_1994": "Not Available", "ATRF_1994": "Not Available", "MRF_1995": "Not Available", "NMRF_1995": "Not Available", "ATRF_1995": "Not Available", "MRF_1996": "Not Available", "NMRF_1996": "Not Available", "ATRF_1996": "Not Available", "MRF_1997": "Not Available", "NMRF_1997": "Not Available", "ATRF_1997": "Not Available", "MRF_1998": "Not Available", "NMRF_1998": "Not Available", "ATRF_1998": "Not Available", "MRF_1999": "Not Available", "NMRF_1999": "Not Available", "ATRF_1999": "Not Available", "MRF_2000": "Not Available", "NMRF_2000": "Not Available", "ATRF_2000": "Not Available", "MRF_2001": "Not Available", "NMRF_2001": "Not Available", "ATRF_2001": "Not Available", "MRF_2002": "Not Available", "NMRF_2002": "Not Available", "ATRF_2002": "Not Available", "MRF_2003": "548.00", "NMRF_2003": "27.00", "ATRF_2003": "575.00", "MRF_2004": "214.00", "NMRF_2004": "25.00", "ATRF_2004": "239.00", "MRF_2005": "250.00", "NMRF_2005": "26.00", "ATRF_2005": "276.00", "MRF_2006": "429.00", "NMRF_2006": "16.00", "ATRF_2006": "445.00", "MRF_2007": "Not Available", "NMRF_2007": "Not Available", "ATRF_2007": "Not Available", "MRF_2008": "Not Available", "NMRF_2008": "Not Available", "ATRF_2008": "Not Available", "MRF_2009": "126.00", "NMRF_2009": "0.00", "ATRF_2009": "126.00", "MRF_2010": "Not Available", "NMRF_2010": "Not Available", "ATRF_2010": "Not Available", "AGENCY": "RGWD", "ORIG_FID": "18" }, "geometry": { "type": "Point", "coordinates": [ 72.2342456, 25.8460422 ] } },
{ "type": "Feature", "properties": { "RAINGAUGE": "BAMANWAS", "DISTRICT": "SAWAI MADHOPUR", "LONGITUDE": "76:33:00.000", "LATITUDE": "26:34:00.000", "COUNT": "59.00", "MRF_1984": "422.70", "NMRF_1984": "0.00", "ATRF_1984": "422.70", "MRF_1985": "605.40", "NMRF_1985": "131.80", "ATRF_1985": "737.20", "MRF_1986": "350.50", "NMRF_1986": "125.00", "ATRF_1986": "475.50", "MRF_1987": "367.60", "NMRF_1987": "62.90", "ATRF_1987": "430.50", "MRF_1988": "677.50", "NMRF_1988": "41.60", "ATRF_1988": "719.10", "MRF_1989": "341.40", "NMRF_1989": "34.00", "ATRF_1989": "375.40", "MRF_1990": "609.00", "NMRF_1990": "51.50", "ATRF_1990": "660.50", "MRF_1991": "549.80", "NMRF_1991": "0.00", "ATRF_1991": "549.80", "MRF_1992": "892.00", "NMRF_1992": "123.00", "ATRF_1992": "1015.00", "MRF_1993": "455.00", "NMRF_1993": "49.00", "ATRF_1993": "504.00", "MRF_1994": "672.00", "NMRF_1994": "73.00", "ATRF_1994": "745.00", "MRF_1995": "855.00", "NMRF_1995": "5.00", "ATRF_1995": "860.00", "MRF_1996": "696.00", "NMRF_1996": "26.00", "ATRF_1996": "722.00", "MRF_1997": "603.00", "NMRF_1997": "174.00", "ATRF_1997": "777.00", "MRF_1998": "840.00", "NMRF_1998": "60.00", "ATRF_1998": "900.00", "MRF_1999": "642.00", "NMRF_1999": "52.00", "ATRF_1999": "694.00", "MRF_2000": "310.00", "NMRF_2000": "22.00", "ATRF_2000": "332.00", "MRF_2001": "444.00", "NMRF_2001": "94.00", "ATRF_2001": "538.00", "MRF_2002": "176.00", "NMRF_2002": "57.00", "ATRF_2002": "233.00", "MRF_2003": "634.00", "NMRF_2003": "34.00", "ATRF_2003": "668.00", "MRF_2004": "675.00", "NMRF_2004": "56.00", "ATRF_2004": "731.00", "MRF_2005": "671.00", "NMRF_2005": "17.00", "ATRF_2005": "688.00", "MRF_2006": "343.00", "NMRF_2006": "25.00", "ATRF_2006": "368.00", "MRF_2007": "383.00", "NMRF_2007": "40.00", "ATRF_2007": "423.00", "MRF_2008": "834.00", "NMRF_2008": "20.00", "ATRF_2008": "854.00", "MRF_2009": "398.00", "NMRF_2009": "104.00", "ATRF_2009": "502.00", "MRF_2010": "626.00", "NMRF_2010": "116.00", "ATRF_2010": "742.00", "AGENCY": "RGWD", "ORIG_FID": "19" }, "geometry": { "type": "Point", "coordinates": [ 76.55, 26.5666667 ] } },
{ "type": "Feature", "properties": { "RAINGAUGE": "BANERA", "DISTRICT": "BHILWARA", "LONGITUDE": "74:40:00.000", "LATITUDE": "25:30:00.000", "COUNT": "55.00", "MRF_1984": "634.00", "NMRF_1984": "0.00", "ATRF_1984": "634.00", "MRF_1985": "550.00", "NMRF_1985": "112.00", "ATRF_1985": "662.00", "MRF_1986": "554.00", "NMRF_1986": "13.00", "ATRF_1986": "567.00", "MRF_1987": "381.00", "NMRF_1987": "57.00", "ATRF_1987": "438.00", "MRF_1988": "356.00", "NMRF_1988": "21.00", "ATRF_1988": "377.00", "MRF_1989": "0.00", "NMRF_1989": "13.00", "ATRF_1989": "13.00", "MRF_1990": "766.00", "NMRF_1990": "34.00", "ATRF_1990": "800.00", "MRF_1991": "588.00", "NMRF_1991": "32.00", "ATRF_1991": "620.00", "MRF_1992": "339.00", "NMRF_1992": "14.00", "ATRF_1992": "353.00", "MRF_1993": "394.00", "NMRF_1993": "2.00", "ATRF_1993": "396.00", "MRF_1994": "1028.00", "NMRF_1994": "51.00", "ATRF_1994": "1079.00", "MRF_1995": "412.00", "NMRF_1995": "66.00", "ATRF_1995": "478.00", "MRF_1996": "Not Available", "NMRF_1996": "Not Available", "ATRF_1996": "Not Available", "MRF_1997": "749.00", "NMRF_1997": "55.00", "ATRF_1997": "804.00", "MRF_1998": "422.00", "NMRF_1998": "89.00", "ATRF_1998": "511.00", "MRF_1999": "540.00", "NMRF_1999": "54.00", "ATRF_1999": "594.00", "MRF_2000": "528.00", "NMRF_2000": "32.00", "ATRF_2000": "560.00", "MRF_2001": "650.00", "NMRF_2001": "60.00", "ATRF_2001": "710.00", "MRF_2002": "257.00", "NMRF_2002": "40.00", "ATRF_2002": "297.00", "MRF_2003": "433.00", "NMRF_2003": "15.00", "ATRF_2003": "448.00", "MRF_2004": "1150.00", "NMRF_2004": "22.00", "ATRF_2004": "1172.00", "MRF_2005": "477.00", "NMRF_2005": "28.00", "ATRF_2005": "505.00", "MRF_2006": "856.00", "NMRF_2006": "97.00", "ATRF_2006": "953.00", "MRF_2007": "354.00", "NMRF_2007": "31.00", "ATRF_2007": "385.00", "MRF_2008": "594.00", "NMRF_2008": "25.00", "ATRF_2008": "619.00", "MRF_2009": "243.00", "NMRF_2009": "0.00", "ATRF_2009": "243.00", "MRF_2010": "684.00", "NMRF_2010": "162.00", "ATRF_2010": "846.00", "AGENCY": "RGWD", "ORIG_FID": "20" }, "geometry": { "type": "Point", "coordinates": [ 74.6666667, 25.5 ] } },
{ "type": "Feature", "properties": { "RAINGAUGE": "BANSUR", "DISTRICT": "ALWAR", "LONGITUDE": "76:21:00.000", "LATITUDE": "27:42:00.000", "COUNT": "59.00", "MRF_1984": "607.20", "NMRF_1984": "17.60", "ATRF_1984": "624.80", "MRF_1985": "889.00", "NMRF_1985": "202.80", "ATRF_1985": "1091.80", "MRF_1986": "319.60", "NMRF_1986": "75.20", "ATRF_1986": "394.80", "MRF_1987": "236.40", "NMRF_1987": "110.00", "ATRF_1987": "346.40", "MRF_1988": "902.70", "NMRF_1988": "80.40", "ATRF_1988": "983.10", "MRF_1989": "393.50", "NMRF_1989": "34.50", "ATRF_1989": "428.00", "MRF_1990": "748.80", "NMRF_1990": "205.40", "ATRF_1990": "954.20", "MRF_1991": "541.00", "NMRF_1991": "34.40", "ATRF_1991": "575.40", "MRF_1992": "856.40", "NMRF_1992": "72.80", "ATRF_1992": "929.20", "MRF_1993": "743.70", "NMRF_1993": "37.00", "ATRF_1993": "780.70", "MRF_1994": "522.00", "NMRF_1994": "58.00", "ATRF_1994": "580.00", "MRF_1995": "779.70", "NMRF_1995": "87.00", "ATRF_1995": "866.70", "MRF_1996": "1275.60", "NMRF_1996": "96.40", "ATRF_1996": "1372.00", "MRF_1997": "651.00", "NMRF_1997": "145.00", "ATRF_1997": "796.00", "MRF_1998": "416.00", "NMRF_1998": "52.00", "ATRF_1998": "468.00", "MRF_1999": "464.00", "NMRF_1999": "48.00", "ATRF_1999": "512.00", "MRF_2000": "265.00", "NMRF_2000": "52.00", "ATRF_2000": "317.00", "MRF_2001": "464.00", "NMRF_2001": "141.00", "ATRF_2001": "605.00", "MRF_2002": "73.00", "NMRF_2002": "50.00", "ATRF_2002": "123.00", "MRF_2003": "848.00", "NMRF_2003": "106.00", "ATRF_2003": "954.00", "MRF_2004": "326.00", "NMRF_2004": "99.00", "ATRF_2004": "425.00", "MRF_2005": "570.00", "NMRF_2005": "69.00", "ATRF_2005": "639.00", "MRF_2006": "413.00", "NMRF_2006": "56.00", "ATRF_2006": "469.00", "MRF_2007": "487.00", "NMRF_2007": "134.00", "ATRF_2007": "621.00", "MRF_2008": "658.00", "NMRF_2008": "144.00", "ATRF_2008": "802.00", "MRF_2009": "308.00", "NMRF_2009": "0.00", "ATRF_2009": "308.00", "MRF_2010": "678.00", "NMRF_2010": "40.00", "ATRF_2010": "718.00", "AGENCY": "RGWD", "ORIG_FID": "21" }, "geometry": { "type": "Point", "coordinates": [ 76.35, 27.7 ] } },
{ "type": "Feature", "properties": { "RAINGAUGE": "BANSWARA", "DISTRICT": "BANSWARA", "LONGITUDE": "74:27:00.000", "LATITUDE": "23:33:00.000", "COUNT": "48.00", "MRF_1984": "Not Available", "NMRF_1984": "Not Available", "ATRF_1984": "Not Available", "MRF_1985": "Not Available", "NMRF_1985": "Not Available", "ATRF_1985": "Not Available", "MRF_1986": "Not Available", "NMRF_1986": "Not Available", "ATRF_1986": "Not Available", "MRF_1987": "935.00", "NMRF_1987": "38.00", "ATRF_1987": "973.00", "MRF_1988": "984.00", "NMRF_1988": "41.00", "ATRF_1988": "1025.00", "MRF_1989": "675.00", "NMRF_1989": "0.00", "ATRF_1989": "675.00", "MRF_1990": "1345.00", "NMRF_1990": "65.00", "ATRF_1990": "1410.00", "MRF_1991": "1203.00", "NMRF_1991": "0.00", "ATRF_1991": "1203.00", "MRF_1992": "1047.00", "NMRF_1992": "149.00", "ATRF_1992": "1196.00", "MRF_1993": "1176.00", "NMRF_1993": "28.00", "ATRF_1993": "1204.00", "MRF_1994": "1639.00", "NMRF_1994": "24.60", "ATRF_1994": "1663.60", "MRF_1995": "689.00", "NMRF_1995": "117.00", "ATRF_1995": "806.00", "MRF_1996": "Not Available", "NMRF_1996": "Not Available", "ATRF_1996": "Not Available", "MRF_1997": "1104.00", "NMRF_1997": "83.00", "ATRF_1997": "1187.00", "MRF_1998": "863.00", "NMRF_1998": "47.00", "ATRF_1998": "910.00", "MRF_1999": "648.00", "NMRF_1999": "54.00", "ATRF_1999": "702.00", "MRF_2000": "545.00", "NMRF_2000": "6.00", "ATRF_2000": "551.00", "MRF_2001": "618.00", "NMRF_2001": "6.00", "ATRF_2001": "624.00", "MRF_2002": "569.00", "NMRF_2002": "2.00", "ATRF_2002": "571.00", "MRF_2003": "1051.00", "NMRF_2003": "23.00", "ATRF_2003": "1074.00", "MRF_2004": "1350.00", "NMRF_2004": "33.00", "ATRF_2004": "1383.00", "MRF_2005": "940.00", "NMRF_2005": "4.00", "ATRF_2005": "944.00", "MRF_2006": "2565.00", "NMRF_2006": "26.00", "ATRF_2006": "2591.00", "MRF_2007": "1380.00", "NMRF_2007": "11.00", "ATRF_2007": "1391.00", "MRF_2008": "653.00", "NMRF_2008": "33.00", "ATRF_2008": "686.00", "MRF_2009": "930.00", "NMRF_2009": "39.00", "ATRF_2009": "969.00", "MRF_2010": "594.00", "NMRF_2010": "42.00", "ATRF_2010": "636.00", "AGENCY": "RGWD", "ORIG_FID": "22" }, "geometry": { "type": "Point", "coordinates": [ 74.45, 23.55 ] } },
{ "type": "Feature", "properties": { "RAINGAUGE": "BARAN", "DISTRICT": "BARAN", "LONGITUDE": "76:31:00.000", "LATITUDE": "25:07:00.000", "COUNT": "60.00", "MRF_1984": "538.80", "NMRF_1984": "10.00", "ATRF_1984": "548.80", "MRF_1985": "338.00", "NMRF_1985": "262.00", "ATRF_1985": "600.00", "MRF_1986": "1244.00", "NMRF_1986": "33.00", "ATRF_1986": "1277.00", "MRF_1987": "562.00", "NMRF_1987": "336.00", "ATRF_1987": "898.00", "MRF_1988": "657.60", "NMRF_1988": "49.00", "ATRF_1988": "706.60", "MRF_1989": "518.50", "NMRF_1989": "30.50", "ATRF_1989": "549.00", "MRF_1990": "715.50", "NMRF_1990": "45.00", "ATRF_1990": "760.50", "MRF_1991": "1003.50", "NMRF_1991": "11.80", "ATRF_1991": "1015.30", "MRF_1992": "494.80", "NMRF_1992": "93.90", "ATRF_1992": "588.70", "MRF_1993": "626.20", "NMRF_1993": "0.00", "ATRF_1993": "626.20", "MRF_1994": "962.60", "NMRF_1994": "24.00", "ATRF_1994": "986.60", "MRF_1995": "668.00", "NMRF_1995": "55.00", "ATRF_1995": "723.00", "MRF_1996": "726.00", "NMRF_1996": "71.00", "ATRF_1996": "797.00", "MRF_1997": "574.00", "NMRF_1997": "117.00", "ATRF_1997": "691.00", "MRF_1998": "554.00", "NMRF_1998": "91.00", "ATRF_1998": "645.00", "MRF_1999": "743.00", "NMRF_1999": "42.00", "ATRF_1999": "785.00", "MRF_2000": "814.00", "NMRF_2000": "46.00", "ATRF_2000": "860.00", "MRF_2001": "772.00", "NMRF_2001": "96.00", "ATRF_2001": "868.00", "MRF_2002": "224.00", "NMRF_2002": "30.00", "ATRF_2002": "254.00", "MRF_2003": "532.00", "NMRF_2003": "37.00", "ATRF_2003": "569.00", "MRF_2004": "692.00", "NMRF_2004": "23.00", "ATRF_2004": "715.00", "MRF_2005": "966.80", "NMRF_2005": "27.00", "ATRF_2005": "993.80", "MRF_2006": "860.40", "NMRF_2006": "65.00", "ATRF_2006": "925.40", "MRF_2007": "586.00", "NMRF_2007": "27.00", "ATRF_2007": "613.00", "MRF_2008": "684.00", "NMRF_2008": "19.00", "ATRF_2008": "703.00", "MRF_2009": "502.00", "NMRF_2009": "143.00", "ATRF_2009": "645.00", "MRF_2010": "560.00", "NMRF_2010": "54.00", "ATRF_2010": "614.00", "AGENCY": "RGWD", "ORIG_FID": "23" }, "geometry": { "type": "Point", "coordinates": [ 76.5166667, 25.1166667 ] } },
{ "type": "Feature", "properties": { "RAINGAUGE": "BARI", "DISTRICT": "DHOLPUR", "LONGITUDE": "77:36:00.000", "LATITUDE": "26:39:00.000", "COUNT": "59.00", "MRF_1984": "366.40", "NMRF_1984": "0.00", "ATRF_1984": "366.40", "MRF_1985": "517.00", "NMRF_1985": "93.50", "ATRF_1985": "610.50", "MRF_1986": "444.00", "NMRF_1986": "85.00", "ATRF_1986": "529.00", "MRF_1987": "392.50", "NMRF_1987": "77.00", "ATRF_1987": "469.50", "MRF_1988": "685.00", "NMRF_1988": "87.00", "ATRF_1988": "772.00", "MRF_1989": "503.00", "NMRF_1989": "0.00", "ATRF_1989": "503.00", "MRF_1990": "850.80", "NMRF_1990": "38.50", "ATRF_1990": "889.30", "MRF_1991": "522.80", "NMRF_1991": "69.00", "ATRF_1991": "591.80", "MRF_1992": "567.80", "NMRF_1992": "185.20", "ATRF_1992": "753.00", "MRF_1993": "640.00", "NMRF_1993": "75.00", "ATRF_1993": "715.00", "MRF_1994": "487.50", "NMRF_1994": "77.50", "ATRF_1994": "565.00", "MRF_1995": "1123.00", "NMRF_1995": "23.00", "ATRF_1995": "1146.00", "MRF_1996": "1066.70", "NMRF_1996": "38.20", "ATRF_1996": "1104.90", "MRF_1997": "572.10", "NMRF_1997": "24.00", "ATRF_1997": "596.10", "MRF_1998": "772.00", "NMRF_1998": "51.00", "ATRF_1998": "823.00", "MRF_1999": "596.60", "NMRF_1999": "39.50", "ATRF_1999": "636.10", "MRF_2000": "508.00", "NMRF_2000": "35.00", "ATRF_2000": "543.00", "MRF_2001": "763.00", "NMRF_2001": "165.00", "ATRF_2001": "928.00", "MRF_2002": "462.00", "NMRF_2002": "114.00", "ATRF_2002": "576.00", "MRF_2003": "641.00", "NMRF_2003": "64.00", "ATRF_2003": "705.00", "MRF_2004": "610.00", "NMRF_2004": "267.00", "ATRF_2004": "877.00", "MRF_2005": "572.50", "NMRF_2005": "35.00", "ATRF_2005": "607.50", "MRF_2006": "484.00", "NMRF_2006": "29.00", "ATRF_2006": "513.00", "MRF_2007": "445.00", "NMRF_2007": "153.00", "ATRF_2007": "598.00", "MRF_2008": "994.00", "NMRF_2008": "46.00", "ATRF_2008": "1040.00", "MRF_2009": "349.00", "NMRF_2009": "123.00", "ATRF_2009": "472.00", "MRF_2010": "Not Available", "NMRF_2010": "Not Available", "ATRF_2010": "Not Available", "AGENCY": "RGWD", "ORIG_FID": "24" }, "geometry": { "type": "Point", "coordinates": [ 77.6, 26.65 ] } },
{ "type": "Feature", "properties": { "RAINGAUGE": "BARISADARI", "DISTRICT": "CHITTAURGARH", "LONGITUDE": "74:28:48.387", "LATITUDE": "24:23:56.024", "COUNT": "54.00", "MRF_1984": "734.00", "NMRF_1984": "30.20", "ATRF_1984": "764.20", "MRF_1985": "601.00", "NMRF_1985": "227.00", "ATRF_1985": "828.00", "MRF_1986": "667.00", "NMRF_1986": "24.00", "ATRF_1986": "691.00", "MRF_1987": "623.00", "NMRF_1987": "49.00", "ATRF_1987": "672.00", "MRF_1988": "703.00", "NMRF_1988": "8.00", "ATRF_1988": "711.00", "MRF_1989": "963.00", "NMRF_1989": "7.00", "ATRF_1989": "970.00", "MRF_1990": "1169.00", "NMRF_1990": "65.00", "ATRF_1990": "1234.00", "MRF_1991": "710.00", "NMRF_1991": "17.00", "ATRF_1991": "727.00", "MRF_1992": "694.00", "NMRF_1992": "67.00", "ATRF_1992": "761.00", "MRF_1993": "639.00", "NMRF_1993": "30.00", "ATRF_1993": "669.00", "MRF_1994": "865.00", "NMRF_1994": "8.00", "ATRF_1994": "873.00", "MRF_1995": "Not Available", "NMRF_1995": "Not Available", "ATRF_1995": "Not Available", "MRF_1996": "Not Available", "NMRF_1996": "Not Available", "ATRF_1996": "Not Available", "MRF_1997": "595.00", "NMRF_1997": "115.00", "ATRF_1997": "710.00", "MRF_1998": "537.00", "NMRF_1998": "60.00", "ATRF_1998": "597.00", "MRF_1999": "528.00", "NMRF_1999": "52.00", "ATRF_1999": "580.00", "MRF_2000": "365.00", "NMRF_2000": "59.00", "ATRF_2000": "424.00", "MRF_2001": "605.00", "NMRF_2001": "15.00", "ATRF_2001": "620.00", "MRF_2002": "348.00", "NMRF_2002": "18.00", "ATRF_2002": "366.00", "MRF_2003": "461.00", "NMRF_2003": "50.00", "ATRF_2003": "511.00", "MRF_2004": "906.00", "NMRF_2004": "129.00", "ATRF_2004": "1035.00", "MRF_2005": "536.00", "NMRF_2005": "21.00", "ATRF_2005": "557.00", "MRF_2006": "1236.00", "NMRF_2006": "30.00", "ATRF_2006": "1266.00", "MRF_2007": "483.00", "NMRF_2007": "6.00", "ATRF_2007": "489.00", "MRF_2008": "875.00", "NMRF_2008": "63.00", "ATRF_2008": "938.00", "MRF_2009": "423.00", "NMRF_2009": "6.00", "ATRF_2009": "429.00", "MRF_2010": "464.00", "NMRF_2010": "105.00", "ATRF_2010": "569.00", "AGENCY": "RGWD", "ORIG_FID": "25" }, "geometry": { "type": "Point", "coordinates": [ 74.4801075, 24.3988956 ] } },
{ "type": "Feature", "properties": { "RAINGAUGE": "BARMER", "DISTRICT": "BARMER", "LONGITUDE": "71:22:04.680", "LATITUDE": "25:42:07.727", "COUNT": "54.00", "MRF_1984": "248.20", "NMRF_1984": "56.40", "ATRF_1984": "304.60", "MRF_1985": "Not Available", "NMRF_1985": "Not Available", "ATRF_1985": "Not Available", "MRF_1986": "Not Available", "NMRF_1986": "Not Available", "ATRF_1986": "Not Available", "MRF_1987": "41.80", "NMRF_1987": "58.00", "ATRF_1987": "99.80", "MRF_1988": "148.80", "NMRF_1988": "15.40", "ATRF_1988": "164.20", "MRF_1989": "235.50", "NMRF_1989": "0.00", "ATRF_1989": "235.50", "MRF_1990": "731.60", "NMRF_1990": "0.00", "ATRF_1990": "731.60", "MRF_1991": "49.00", "NMRF_1991": "0.00", "ATRF_1991": "49.00", "MRF_1992": "385.40", "NMRF_1992": "28.00", "ATRF_1992": "413.40", "MRF_1993": "362.00", "NMRF_1993": "24.00", "ATRF_1993": "386.00", "MRF_1994": "604.00", "NMRF_1994": "4.00", "ATRF_1994": "608.00", "MRF_1995": "161.00", "NMRF_1995": "18.00", "ATRF_1995": "179.00", "MRF_1996": "206.00", "NMRF_1996": "15.00", "ATRF_1996": "221.00", "MRF_1997": "302.00", "NMRF_1997": "63.00", "ATRF_1997": "365.00", "MRF_1998": "194.00", "NMRF_1998": "133.00", "ATRF_1998": "327.00", "MRF_1999": "66.00", "NMRF_1999": "98.00", "ATRF_1999": "164.00", "MRF_2000": "206.00", "NMRF_2000": "11.00", "ATRF_2000": "217.00", "MRF_2001": "234.00", "NMRF_2001": "30.00", "ATRF_2001": "264.00", "MRF_2002": "105.00", "NMRF_2002": "21.00", "ATRF_2002": "126.00", "MRF_2003": "456.00", "NMRF_2003": "19.00", "ATRF_2003": "475.00", "MRF_2004": "198.00", "NMRF_2004": "22.00", "ATRF_2004": "220.00", "MRF_2005": "112.00", "NMRF_2005": "27.00", "ATRF_2005": "139.00", "MRF_2006": "714.00", "NMRF_2006": "45.00", "ATRF_2006": "759.00", "MRF_2007": "203.00", "NMRF_2007": "52.00", "ATRF_2007": "255.00", "MRF_2008": "156.00", "NMRF_2008": "51.00", "ATRF_2008": "207.00", "MRF_2009": "164.00", "NMRF_2009": "3.00", "ATRF_2009": "167.00", "MRF_2010": "339.50", "NMRF_2010": "94.00", "ATRF_2010": "433.50", "AGENCY": "RGWD", "ORIG_FID": "26" }, "geometry": { "type": "Point", "coordinates": [ 71.3679667, 25.7021464 ] } },
{ "type": "Feature", "properties": { "RAINGAUGE": "BASERI", "DISTRICT": "DHOLPUR", "LONGITUDE": "77:32:00.000", "LATITUDE": "26:45:00.000", "COUNT": "59.00", "MRF_1984": "773.70", "NMRF_1984": "0.00", "ATRF_1984": "773.70", "MRF_1985": "301.50", "NMRF_1985": "79.50", "ATRF_1985": "381.00", "MRF_1986": "303.00", "NMRF_1986": "58.00", "ATRF_1986": "361.00", "MRF_1987": "217.50", "NMRF_1987": "66.00", "ATRF_1987": "283.50", "MRF_1988": "298.00", "NMRF_1988": "12.00", "ATRF_1988": "310.00", "MRF_1989": "174.00", "NMRF_1989": "4.00", "ATRF_1989": "178.00", "MRF_1990": "552.00", "NMRF_1990": "24.50", "ATRF_1990": "576.50", "MRF_1991": "233.00", "NMRF_1991": "22.50", "ATRF_1991": "255.50", "MRF_1992": "463.80", "NMRF_1992": "100.00", "ATRF_1992": "563.80", "MRF_1993": "637.00", "NMRF_1993": "67.60", "ATRF_1993": "704.60", "MRF_1994": "389.30", "NMRF_1994": "33.00", "ATRF_1994": "422.30", "MRF_1995": "636.00", "NMRF_1995": "16.00", "ATRF_1995": "652.00", "MRF_1996": "720.00", "NMRF_1996": "44.00", "ATRF_1996": "764.00", "MRF_1997": "384.50", "NMRF_1997": "46.50", "ATRF_1997": "431.00", "MRF_1998": "449.00", "NMRF_1998": "13.00", "ATRF_1998": "462.00", "MRF_1999": "467.00", "NMRF_1999": "62.00", "ATRF_1999": "529.00", "MRF_2000": "424.00", "NMRF_2000": "24.00", "ATRF_2000": "448.00", "MRF_2001": "622.00", "NMRF_2001": "95.00", "ATRF_2001": "717.00", "MRF_2002": "319.00", "NMRF_2002": "85.00", "ATRF_2002": "404.00", "MRF_2003": "489.00", "NMRF_2003": "36.00", "ATRF_2003": "525.00", "MRF_2004": "551.00", "NMRF_2004": "149.00", "ATRF_2004": "700.00", "MRF_2005": "595.00", "NMRF_2005": "14.00", "ATRF_2005": "609.00", "MRF_2006": "429.00", "NMRF_2006": "26.00", "ATRF_2006": "455.00", "MRF_2007": "343.00", "NMRF_2007": "196.00", "ATRF_2007": "539.00", "MRF_2008": "1056.00", "NMRF_2008": "37.00", "ATRF_2008": "1093.00", "MRF_2009": "393.00", "NMRF_2009": "64.00", "ATRF_2009": "457.00", "MRF_2010": "Not Available", "NMRF_2010": "Not Available", "ATRF_2010": "Not Available", "AGENCY": "RGWD", "ORIG_FID": "27" }, "geometry": { "type": "Point", "coordinates": [ 77.5333333, 26.75 ] } },
{ "type": "Feature", "properties": { "RAINGAUGE": "BASSI", "DISTRICT": "JAIPUR", "LONGITUDE": "76:03:52.479", "LATITUDE": "26:50:00.868", "COUNT": "58.00", "MRF_1984": "152.50", "NMRF_1984": "0.00", "ATRF_1984": "152.50", "MRF_1985": "240.00", "NMRF_1985": "67.00", "ATRF_1985": "307.00", "MRF_1986": "213.50", "NMRF_1986": "35.50", "ATRF_1986": "249.00", "MRF_1987": "280.50", "NMRF_1987": "38.60", "ATRF_1987": "319.10", "MRF_1988": "482.00", "NMRF_1988": "14.00", "ATRF_1988": "496.00", "MRF_1989": "325.00", "NMRF_1989": "0.00", "ATRF_1989": "325.00", "MRF_1990": "874.40", "NMRF_1990": "40.00", "ATRF_1990": "914.40", "MRF_1991": "670.00", "NMRF_1991": "32.00", "ATRF_1991": "702.00", "MRF_1992": "1296.80", "NMRF_1992": "21.60", "ATRF_1992": "1318.40", "MRF_1993": "685.00", "NMRF_1993": "58.00", "ATRF_1993": "743.00", "MRF_1994": "885.00", "NMRF_1994": "40.00", "ATRF_1994": "925.00", "MRF_1995": "1204.00", "NMRF_1995": "0.00", "ATRF_1995": "1204.00", "MRF_1996": "1181.00", "NMRF_1996": "76.00", "ATRF_1996": "1257.00", "MRF_1997": "703.00", "NMRF_1997": "343.80", "ATRF_1997": "1046.80", "MRF_1998": "932.30", "NMRF_1998": "138.40", "ATRF_1998": "1070.70", "MRF_1999": "348.50", "NMRF_1999": "22.80", "ATRF_1999": "371.30", "MRF_2000": "293.00", "NMRF_2000": "19.00", "ATRF_2000": "312.00", "MRF_2001": "306.00", "NMRF_2001": "103.00", "ATRF_2001": "409.00", "MRF_2002": "159.00", "NMRF_2002": "42.00", "ATRF_2002": "201.00", "MRF_2003": "610.00", "NMRF_2003": "35.00", "ATRF_2003": "645.00", "MRF_2004": "427.00", "NMRF_2004": "164.00", "ATRF_2004": "591.00", "MRF_2005": "619.00", "NMRF_2005": "15.00", "ATRF_2005": "634.00", "MRF_2006": "231.50", "NMRF_2006": "64.00", "ATRF_2006": "295.50", "MRF_2007": "423.00", "NMRF_2007": "64.00", "ATRF_2007": "487.00", "MRF_2008": "510.00", "NMRF_2008": "68.00", "ATRF_2008": "578.00", "MRF_2009": "301.00", "NMRF_2009": "47.00", "ATRF_2009": "348.00", "MRF_2010": "848.00", "NMRF_2010": "97.00", "ATRF_2010": "945.00", "AGENCY": "RGWD", "ORIG_FID": "28" }, "geometry": { "type": "Point", "coordinates": [ 76.0645775, 26.8335744 ] } },
{ "type": "Feature", "properties": { "RAINGAUGE": "BASWA", "DISTRICT": "DAUSA", "LONGITUDE": "76:34:50.776", "LATITUDE": "27:08:44.809", "COUNT": "59.00", "MRF_1984": "490.60", "NMRF_1984": "12.00", "ATRF_1984": "502.60", "MRF_1985": "665.60", "NMRF_1985": "196.40", "ATRF_1985": "862.00", "MRF_1986": "263.80", "NMRF_1986": "67.40", "ATRF_1986": "331.20", "MRF_1987": "Not Available", "NMRF_1987": "Not Available", "ATRF_1987": "Not Available", "MRF_1988": "Not Available", "NMRF_1988": "Not Available", "ATRF_1988": "Not Available", "MRF_1989": "Not Available", "NMRF_1989": "Not Available", "ATRF_1989": "Not Available", "MRF_1990": "Not Available", "NMRF_1990": "Not Available", "ATRF_1990": "Not Available", "MRF_1991": "Not Available", "NMRF_1991": "Not Available", "ATRF_1991": "Not Available", "MRF_1992": "Not Available", "NMRF_1992": "Not Available", "ATRF_1992": "Not Available", "MRF_1993": "Not Available", "NMRF_1993": "Not Available", "ATRF_1993": "Not Available", "MRF_1994": "627.00", "NMRF_1994": "57.20", "ATRF_1994": "684.20", "MRF_1995": "1058.00", "NMRF_1995": "0.00", "ATRF_1995": "1058.00", "MRF_1996": "1019.00", "NMRF_1996": "114.00", "ATRF_1996": "1133.00", "MRF_1997": "508.00", "NMRF_1997": "169.00", "ATRF_1997": "677.00", "MRF_1998": "817.00", "NMRF_1998": "45.00", "ATRF_1998": "862.00", "MRF_1999": "449.00", "NMRF_1999": "89.00", "ATRF_1999": "538.00", "MRF_2000": "500.00", "NMRF_2000": "36.00", "ATRF_2000": "536.00", "MRF_2001": "430.00", "NMRF_2001": "65.00", "ATRF_2001": "495.00", "MRF_2002": "199.00", "NMRF_2002": "53.00", "ATRF_2002": "252.00", "MRF_2003": "736.00", "NMRF_2003": "41.00", "ATRF_2003": "777.00", "MRF_2004": "392.00", "NMRF_2004": "131.00", "ATRF_2004": "523.00", "MRF_2005": "567.00", "NMRF_2005": "71.00", "ATRF_2005": "638.00", "MRF_2006": "366.00", "NMRF_2006": "59.00", "ATRF_2006": "425.00", "MRF_2007": "415.00", "NMRF_2007": "64.00", "ATRF_2007": "479.00", "MRF_2008": "836.00", "NMRF_2008": "95.00", "ATRF_2008": "931.00", "MRF_2009": "381.00", "NMRF_2009": "74.00", "ATRF_2009": "455.00", "MRF_2010": "547.00", "NMRF_2010": "103.00", "ATRF_2010": "650.00", "AGENCY": "RGWD", "ORIG_FID": "29" }, "geometry": { "type": "Point", "coordinates": [ 76.5807711, 27.1457803 ] } },
{ "type": "Feature", "properties": { "RAINGAUGE": "BAYANA", "DISTRICT": "BHARATPUR", "LONGITUDE": "77:17:00.000", "LATITUDE": "26:54:00.000", "COUNT": "59.00", "MRF_1984": "597.10", "NMRF_1984": "0.00", "ATRF_1984": "597.10", "MRF_1985": "554.00", "NMRF_1985": "158.00", "ATRF_1985": "712.00", "MRF_1986": "273.00", "NMRF_1986": "152.00", "ATRF_1986": "425.00", "MRF_1987": "364.00", "NMRF_1987": "94.00", "ATRF_1987": "458.00", "MRF_1988": "526.80", "NMRF_1988": "5.00", "ATRF_1988": "531.80", "MRF_1989": "497.00", "NMRF_1989": "12.00", "ATRF_1989": "509.00", "MRF_1990": "596.00", "NMRF_1990": "36.00", "ATRF_1990": "632.00", "MRF_1991": "358.00", "NMRF_1991": "27.00", "ATRF_1991": "385.00", "MRF_1992": "531.00", "NMRF_1992": "120.00", "ATRF_1992": "651.00", "MRF_1993": "523.40", "NMRF_1993": "36.00", "ATRF_1993": "559.40", "MRF_1994": "760.00", "NMRF_1994": "25.00", "ATRF_1994": "785.00", "MRF_1995": "1256.00", "NMRF_1995": "58.00", "ATRF_1995": "1314.00", "MRF_1996": "953.00", "NMRF_1996": "59.00", "ATRF_1996": "1012.00", "MRF_1997": "538.00", "NMRF_1997": "123.00", "ATRF_1997": "661.00", "MRF_1998": "822.50", "NMRF_1998": "25.50", "ATRF_1998": "848.00", "MRF_1999": "413.00", "NMRF_1999": "56.00", "ATRF_1999": "469.00", "MRF_2000": "325.00", "NMRF_2000": "8.00", "ATRF_2000": "333.00", "MRF_2001": "380.00", "NMRF_2001": "69.00", "ATRF_2001": "449.00", "MRF_2002": "205.00", "NMRF_2002": "99.00", "ATRF_2002": "304.00", "MRF_2003": "603.00", "NMRF_2003": "46.00", "ATRF_2003": "649.00", "MRF_2004": "364.00", "NMRF_2004": "84.00", "ATRF_2004": "448.00", "MRF_2005": "619.00", "NMRF_2005": "11.00", "ATRF_2005": "630.00", "MRF_2006": "317.00", "NMRF_2006": "198.00", "ATRF_2006": "515.00", "MRF_2007": "356.00", "NMRF_2007": "65.00", "ATRF_2007": "421.00", "MRF_2008": "1045.00", "NMRF_2008": "14.00", "ATRF_2008": "1059.00", "MRF_2009": "552.00", "NMRF_2009": "81.00", "ATRF_2009": "633.00", "MRF_2010": "618.00", "NMRF_2010": "115.00", "ATRF_2010": "733.00", "AGENCY": "RGWD", "ORIG_FID": "30" }, "geometry": { "type": "Point", "coordinates": [ 77.2833333, 26.9 ] } },
{ "type": "Feature", "properties": { "RAINGAUGE": "BEGUN", "DISTRICT": "CHITTAURGARH", "LONGITUDE": "75:02:14.839", "LATITUDE": "24:59:24.723", "COUNT": "54.00", "MRF_1984": "530.80", "NMRF_1984": "28.70", "ATRF_1984": "559.50", "MRF_1985": "678.60", "NMRF_1985": "233.50", "ATRF_1985": "912.10", "MRF_1986": "1044.10", "NMRF_1986": "128.00", "ATRF_1986": "1172.10", "MRF_1987": "486.80", "NMRF_1987": "62.60", "ATRF_1987": "549.40", "MRF_1988": "402.00", "NMRF_1988": "10.00", "ATRF_1988": "412.00", "MRF_1989": "812.90", "NMRF_1989": "6.10", "ATRF_1989": "819.00", "MRF_1990": "928.40", "NMRF_1990": "40.40", "ATRF_1990": "968.80", "MRF_1991": "813.20", "NMRF_1991": "11.00", "ATRF_1991": "824.20", "MRF_1992": "590.50", "NMRF_1992": "82.30", "ATRF_1992": "672.80", "MRF_1993": "796.10", "NMRF_1993": "12.00", "ATRF_1993": "808.10", "MRF_1994": "1279.00", "NMRF_1994": "17.00", "ATRF_1994": "1296.00", "MRF_1995": "Not Available", "NMRF_1995": "Not Available", "ATRF_1995": "Not Available", "MRF_1996": "Not Available", "NMRF_1996": "Not Available", "ATRF_1996": "Not Available", "MRF_1997": "541.00", "NMRF_1997": "120.60", "ATRF_1997": "661.60", "MRF_1998": "520.20", "NMRF_1998": "52.00", "ATRF_1998": "572.20", "MRF_1999": "780.00", "NMRF_1999": "58.00", "ATRF_1999": "838.00", "MRF_2000": "462.30", "NMRF_2000": "25.30", "ATRF_2000": "487.60", "MRF_2001": "657.00", "NMRF_2001": "32.00", "ATRF_2001": "689.00", "MRF_2002": "219.00", "NMRF_2002": "12.00", "ATRF_2002": "231.00", "MRF_2003": "711.00", "NMRF_2003": "12.00", "ATRF_2003": "723.00", "MRF_2004": "917.00", "NMRF_2004": "49.00", "ATRF_2004": "966.00", "MRF_2005": "986.00", "NMRF_2005": "6.00", "ATRF_2005": "992.00", "MRF_2006": "1397.00", "NMRF_2006": "49.00", "ATRF_2006": "1446.00", "MRF_2007": "819.00", "NMRF_2007": "48.00", "ATRF_2007": "867.00", "MRF_2008": "1256.00", "NMRF_2008": "11.00", "ATRF_2008": "1267.00", "MRF_2009": "485.00", "NMRF_2009": "27.00", "ATRF_2009": "512.00", "MRF_2010": "1624.00", "NMRF_2010": "164.00", "ATRF_2010": "1788.00", "AGENCY": "RGWD", "ORIG_FID": "31" }, "geometry": { "type": "Point", "coordinates": [ 75.0374553, 24.9902008 ] } },
{ "type": "Feature", "properties": { "RAINGAUGE": "BEHROD", "DISTRICT": "ALWAR", "LONGITUDE": "76:17:00.000", "LATITUDE": "27:53:00.000", "COUNT": "59.00", "MRF_1984": "333.00", "NMRF_1984": "0.00", "ATRF_1984": "333.00", "MRF_1985": "444.00", "NMRF_1985": "174.40", "ATRF_1985": "618.40", "MRF_1986": "200.00", "NMRF_1986": "60.00", "ATRF_1986": "260.00", "MRF_1987": "101.00", "NMRF_1987": "101.00", "ATRF_1987": "202.00", "MRF_1988": "487.00", "NMRF_1988": "72.00", "ATRF_1988": "559.00", "MRF_1989": "201.00", "NMRF_1989": "26.00", "ATRF_1989": "227.00", "MRF_1990": "437.00", "NMRF_1990": "104.00", "ATRF_1990": "541.00", "MRF_1991": "423.10", "NMRF_1991": "62.00", "ATRF_1991": "485.10", "MRF_1992": "487.00", "NMRF_1992": "97.00", "ATRF_1992": "584.00", "MRF_1993": "506.00", "NMRF_1993": "49.00", "ATRF_1993": "555.00", "MRF_1994": "357.30", "NMRF_1994": "44.00", "ATRF_1994": "401.30", "MRF_1995": "894.40", "NMRF_1995": "84.00", "ATRF_1995": "978.40", "MRF_1996": "1159.00", "NMRF_1996": "79.00", "ATRF_1996": "1238.00", "MRF_1997": "617.00", "NMRF_1997": "220.00", "ATRF_1997": "837.00", "MRF_1998": "360.00", "NMRF_1998": "93.00", "ATRF_1998": "453.00", "MRF_1999": "329.00", "NMRF_1999": "25.00", "ATRF_1999": "354.00", "MRF_2000": "423.00", "NMRF_2000": "60.00", "ATRF_2000": "483.00", "MRF_2001": "503.00", "NMRF_2001": "179.00", "ATRF_2001": "682.00", "MRF_2002": "161.00", "NMRF_2002": "71.00", "ATRF_2002": "232.00", "MRF_2003": "638.00", "NMRF_2003": "84.00", "ATRF_2003": "722.00", "MRF_2004": "376.00", "NMRF_2004": "131.00", "ATRF_2004": "507.00", "MRF_2005": "674.00", "NMRF_2005": "76.00", "ATRF_2005": "750.00", "MRF_2006": "613.00", "NMRF_2006": "110.00", "ATRF_2006": "723.00", "MRF_2007": "441.00", "NMRF_2007": "235.00", "ATRF_2007": "676.00", "MRF_2008": "719.00", "NMRF_2008": "132.00", "ATRF_2008": "851.00", "MRF_2009": "362.00", "NMRF_2009": "25.00", "ATRF_2009": "387.00", "MRF_2010": "381.00", "NMRF_2010": "36.00", "ATRF_2010": "417.00", "AGENCY": "RGWD", "ORIG_FID": "32" }, "geometry": { "type": "Point", "coordinates": [ 76.2833333, 27.8833333 ] } },
{ "type": "Feature", "properties": { "RAINGAUGE": "BHADESAR", "DISTRICT": "CHITTAURGARH", "LONGITUDE": "74:30:00.000", "LATITUDE": "24:41:00.000", "COUNT": "53.00", "MRF_1984": "749.00", "NMRF_1984": "3.00", "ATRF_1984": "752.00", "MRF_1985": "546.00", "NMRF_1985": "101.20", "ATRF_1985": "647.20", "MRF_1986": "628.00", "NMRF_1986": "28.00", "ATRF_1986": "656.00", "MRF_1987": "501.00", "NMRF_1987": "63.00", "ATRF_1987": "564.00", "MRF_1988": "515.00", "NMRF_1988": "1.00", "ATRF_1988": "516.00", "MRF_1989": "869.00", "NMRF_1989": "5.00", "ATRF_1989": "874.00", "MRF_1990": "772.00", "NMRF_1990": "53.00", "ATRF_1990": "825.00", "MRF_1991": "628.00", "NMRF_1991": "39.00", "ATRF_1991": "667.00", "MRF_1992": "698.00", "NMRF_1992": "52.00", "ATRF_1992": "750.00", "MRF_1993": "597.00", "NMRF_1993": "0.00", "ATRF_1993": "597.00", "MRF_1994": "657.00", "NMRF_1994": "16.00", "ATRF_1994": "673.00", "MRF_1995": "Not Available", "NMRF_1995": "Not Available", "ATRF_1995": "Not Available", "MRF_1996": "Not Available", "NMRF_1996": "Not Available", "ATRF_1996": "Not Available", "MRF_1997": "540.00", "NMRF_1997": "174.00", "ATRF_1997": "714.00", "MRF_1998": "422.00", "NMRF_1998": "50.00", "ATRF_1998": "472.00", "MRF_1999": "477.00", "NMRF_1999": "71.00", "ATRF_1999": "548.00", "MRF_2000": "354.00", "NMRF_2000": "57.00", "ATRF_2000": "411.00", "MRF_2001": "639.00", "NMRF_2001": "21.00", "ATRF_2001": "660.00", "MRF_2002": "547.00", "NMRF_2002": "26.00", "ATRF_2002": "573.00", "MRF_2003": "556.00", "NMRF_2003": "55.00", "ATRF_2003": "611.00", "MRF_2004": "878.00", "NMRF_2004": "7.00", "ATRF_2004": "885.00", "MRF_2005": "850.00", "NMRF_2005": "0.00", "ATRF_2005": "850.00", "MRF_2006": "1078.00", "NMRF_2006": "7.00", "ATRF_2006": "1085.00", "MRF_2007": "572.00", "NMRF_2007": "25.00", "ATRF_2007": "597.00", "MRF_2008": "754.00", "NMRF_2008": "20.00", "ATRF_2008": "774.00", "MRF_2009": "981.00", "NMRF_2009": "17.00", "ATRF_2009": "998.00", "MRF_2010": "945.00", "NMRF_2010": "135.00", "ATRF_2010": "1080.00", "AGENCY": "RGWD", "ORIG_FID": "33" }, "geometry": { "type": "Point", "coordinates": [ 74.5, 24.6833333 ] } },
{ "type": "Feature", "properties": { "RAINGAUGE": "BHADRA", "DISTRICT": "HANUMANGARH", "LONGITUDE": "75:10:19.946", "LATITUDE": "29:06:51.435", "COUNT": "56.00", "MRF_1984": "413.00", "NMRF_1984": "72.00", "ATRF_1984": "485.00", "MRF_1985": "355.00", "NMRF_1985": "20.00", "ATRF_1985": "375.00", "MRF_1986": "510.00", "NMRF_1986": "1.00", "ATRF_1986": "511.00", "MRF_1987": "Not Available", "NMRF_1987": "Not Available", "ATRF_1987": "Not Available", "MRF_1988": "Not Available", "NMRF_1988": "Not Available", "ATRF_1988": "Not Available", "MRF_1989": "Not Available", "NMRF_1989": "Not Available", "ATRF_1989": "Not Available", "MRF_1990": "Not Available", "NMRF_1990": "Not Available", "ATRF_1990": "Not Available", "MRF_1991": "Not Available", "NMRF_1991": "Not Available", "ATRF_1991": "Not Available", "MRF_1992": "Not Available", "NMRF_1992": "Not Available", "ATRF_1992": "Not Available", "MRF_1993": "Not Available", "NMRF_1993": "Not Available", "ATRF_1993": "Not Available", "MRF_1994": "533.00", "NMRF_1994": "50.00", "ATRF_1994": "583.00", "MRF_1995": "436.00", "NMRF_1995": "70.00", "ATRF_1995": "506.00", "MRF_1996": "Not Available", "NMRF_1996": "Not Available", "ATRF_1996": "Not Available", "MRF_1997": "502.00", "NMRF_1997": "236.00", "ATRF_1997": "738.00", "MRF_1998": "376.00", "NMRF_1998": "112.00", "ATRF_1998": "488.00", "MRF_1999": "108.00", "NMRF_1999": "67.00", "ATRF_1999": "175.00", "MRF_2000": "111.00", "NMRF_2000": "0.00", "ATRF_2000": "111.00", "MRF_2001": "314.00", "NMRF_2001": "98.00", "ATRF_2001": "412.00", "MRF_2002": "119.00", "NMRF_2002": "132.00", "ATRF_2002": "251.00", "MRF_2003": "306.00", "NMRF_2003": "22.00", "ATRF_2003": "328.00", "MRF_2004": "86.00", "NMRF_2004": "65.00", "ATRF_2004": "151.00", "MRF_2005": "290.00", "NMRF_2005": "114.00", "ATRF_2005": "404.00", "MRF_2006": "306.00", "NMRF_2006": "104.00", "ATRF_2006": "410.00", "MRF_2007": "288.00", "NMRF_2007": "100.00", "ATRF_2007": "388.00", "MRF_2008": "471.00", "NMRF_2008": "37.00", "ATRF_2008": "508.00", "MRF_2009": "134.00", "NMRF_2009": "27.00", "ATRF_2009": "161.00", "MRF_2010": "594.00", "NMRF_2010": "44.00", "ATRF_2010": "638.00", "AGENCY": "RGWD", "ORIG_FID": "34" }, "geometry": { "type": "Point", "coordinates": [ 75.1722072, 29.1142875 ] } },
{ "type": "Feature", "properties": { "RAINGAUGE": "BHAINSRODGARH", "DISTRICT": "CHITTAURGARH", "LONGITUDE": "75:32:00.000", "LATITUDE": "24:58:00.000", "COUNT": "53.00", "MRF_1984": "260.00", "NMRF_1984": "13.50", "ATRF_1984": "273.50", "MRF_1985": "743.70", "NMRF_1985": "43.00", "ATRF_1985": "786.70", "MRF_1986": "784.00", "NMRF_1986": "56.00", "ATRF_1986": "840.00", "MRF_1987": "474.00", "NMRF_1987": "138.00", "ATRF_1987": "612.00", "MRF_1988": "795.00", "NMRF_1988": "0.00", "ATRF_1988": "795.00", "MRF_1989": "581.00", "NMRF_1989": "0.00", "ATRF_1989": "581.00", "MRF_1990": "772.00", "NMRF_1990": "0.00", "ATRF_1990": "772.00", "MRF_1991": "589.00", "NMRF_1991": "0.00", "ATRF_1991": "589.00", "MRF_1992": "755.00", "NMRF_1992": "0.00", "ATRF_1992": "755.00", "MRF_1993": "761.00", "NMRF_1993": "0.00", "ATRF_1993": "761.00", "MRF_1994": "1134.00", "NMRF_1994": "13.00", "ATRF_1994": "1147.00", "MRF_1995": "Not Available", "NMRF_1995": "Not Available", "ATRF_1995": "Not Available", "MRF_1996": "Not Available", "NMRF_1996": "Not Available", "ATRF_1996": "Not Available", "MRF_1997": "791.00", "NMRF_1997": "147.00", "ATRF_1997": "938.00", "MRF_1998": "476.00", "NMRF_1998": "77.00", "ATRF_1998": "553.00", "MRF_1999": "618.20", "NMRF_1999": "0.00", "ATRF_1999": "618.20", "MRF_2000": "543.90", "NMRF_2000": "41.50", "ATRF_2000": "585.40", "MRF_2001": "881.00", "NMRF_2001": "67.60", "ATRF_2001": "948.60", "MRF_2002": "463.00", "NMRF_2002": "17.20", "ATRF_2002": "480.20", "MRF_2003": "789.00", "NMRF_2003": "31.00", "ATRF_2003": "820.00", "MRF_2004": "1368.00", "NMRF_2004": "40.00", "ATRF_2004": "1408.00", "MRF_2005": "773.00", "NMRF_2005": "3.00", "ATRF_2005": "776.00", "MRF_2006": "1434.00", "NMRF_2006": "29.00", "ATRF_2006": "1463.00", "MRF_2007": "861.00", "NMRF_2007": "10.00", "ATRF_2007": "871.00", "MRF_2008": "946.00", "NMRF_2008": "53.00", "ATRF_2008": "999.00", "MRF_2009": "757.00", "NMRF_2009": "57.00", "ATRF_2009": "814.00", "MRF_2010": "623.00", "NMRF_2010": "70.00", "ATRF_2010": "693.00", "AGENCY": "RGWD", "ORIG_FID": "35" }, "geometry": { "type": "Point", "coordinates": [ 75.5333333, 24.9666667 ] } },
{ "type": "Feature", "properties": { "RAINGAUGE": "BHARATPUR", "DISTRICT": "BHARATPUR", "LONGITUDE": "77:30:00.000", "LATITUDE": "27:13:00.000", "COUNT": "54.00", "MRF_1984": "Not Available", "NMRF_1984": "Not Available", "ATRF_1984": "Not Available", "MRF_1985": "538.00", "NMRF_1985": "124.50", "ATRF_1985": "662.50", "MRF_1986": "281.90", "NMRF_1986": "94.80", "ATRF_1986": "376.70", "MRF_1987": "296.60", "NMRF_1987": "67.20", "ATRF_1987": "363.80", "MRF_1988": "525.60", "NMRF_1988": "47.40", "ATRF_1988": "573.00", "MRF_1989": "511.40", "NMRF_1989": "35.20", "ATRF_1989": "546.60", "MRF_1990": "599.80", "NMRF_1990": "71.50", "ATRF_1990": "671.30", "MRF_1991": "518.60", "NMRF_1991": "30.10", "ATRF_1991": "548.70", "MRF_1992": "555.30", "NMRF_1992": "98.10", "ATRF_1992": "653.40", "MRF_1993": "517.20", "NMRF_1993": "39.20", "ATRF_1993": "556.40", "MRF_1994": "Not Available", "NMRF_1994": "Not Available", "ATRF_1994": "Not Available", "MRF_1995": "801.40", "NMRF_1995": "36.00", "ATRF_1995": "837.40", "MRF_1996": "794.00", "NMRF_1996": "57.00", "ATRF_1996": "851.00", "MRF_1997": "536.70", "NMRF_1997": "93.80", "ATRF_1997": "630.50", "MRF_1998": "909.40", "NMRF_1998": "42.40", "ATRF_1998": "951.80", "MRF_1999": "770.00", "NMRF_1999": "15.00", "ATRF_1999": "785.00", "MRF_2000": "377.00", "NMRF_2000": "28.00", "ATRF_2000": "405.00", "MRF_2001": "553.00", "NMRF_2001": "93.00", "ATRF_2001": "646.00", "MRF_2002": "360.00", "NMRF_2002": "105.00", "ATRF_2002": "465.00", "MRF_2003": "762.00", "NMRF_2003": "39.00", "ATRF_2003": "801.00", "MRF_2004": "423.00", "NMRF_2004": "185.00", "ATRF_2004": "608.00", "MRF_2005": "982.00", "NMRF_2005": "59.00", "ATRF_2005": "1041.00", "MRF_2006": "294.00", "NMRF_2006": "79.50", "ATRF_2006": "373.50", "MRF_2007": "360.00", "NMRF_2007": "179.00", "ATRF_2007": "539.00", "MRF_2008": "743.00", "NMRF_2008": "43.00", "ATRF_2008": "786.00", "MRF_2009": "558.00", "NMRF_2009": "84.00", "ATRF_2009": "642.00", "MRF_2010": "684.00", "NMRF_2010": "70.00", "ATRF_2010": "754.00", "AGENCY": "RGWD", "ORIG_FID": "36" }, "geometry": { "type": "Point", "coordinates": [ 77.5, 27.2166667 ] } },
{ "type": "Feature", "properties": { "RAINGAUGE": "BHILWARA", "DISTRICT": "BHILWARA", "LONGITUDE": "74:38:00.000", "LATITUDE": "25:21:00.000", "COUNT": "54.00", "MRF_1984": "634.00", "NMRF_1984": "0.00", "ATRF_1984": "634.00", "MRF_1985": "391.90", "NMRF_1985": "81.20", "ATRF_1985": "473.10", "MRF_1986": "530.90", "NMRF_1986": "0.00", "ATRF_1986": "530.90", "MRF_1987": "Not Available", "NMRF_1987": "Not Available", "ATRF_1987": "Not Available", "MRF_1988": "Not Available", "NMRF_1988": "Not Available", "ATRF_1988": "Not Available", "MRF_1989": "Not Available", "NMRF_1989": "Not Available", "ATRF_1989": "Not Available", "MRF_1990": "Not Available", "NMRF_1990": "Not Available", "ATRF_1990": "Not Available", "MRF_1991": "Not Available", "NMRF_1991": "Not Available", "ATRF_1991": "Not Available", "MRF_1992": "Not Available", "NMRF_1992": "Not Available", "ATRF_1992": "Not Available", "MRF_1993": "Not Available", "NMRF_1993": "Not Available", "ATRF_1993": "Not Available", "MRF_1994": "1022.00", "NMRF_1994": "29.00", "ATRF_1994": "1051.00", "MRF_1995": "575.00", "NMRF_1995": "65.50", "ATRF_1995": "640.50", "MRF_1996": "Not Available", "NMRF_1996": "Not Available", "ATRF_1996": "Not Available", "MRF_1997": "683.80", "NMRF_1997": "98.40", "ATRF_1997": "782.20", "MRF_1998": "326.40", "NMRF_1998": "126.80", "ATRF_1998": "453.20", "MRF_1999": "641.00", "NMRF_1999": "7.60", "ATRF_1999": "648.60", "MRF_2000": "440.00", "NMRF_2000": "12.00", "ATRF_2000": "452.00", "MRF_2001": "632.00", "NMRF_2001": "52.00", "ATRF_2001": "684.00", "MRF_2002": "275.00", "NMRF_2002": "42.00", "ATRF_2002": "317.00", "MRF_2003": "462.50", "NMRF_2003": "36.00", "ATRF_2003": "498.50", "MRF_2004": "900.00", "NMRF_2004": "22.00", "ATRF_2004": "922.00", "MRF_2005": "428.00", "NMRF_2005": "22.00", "ATRF_2005": "450.00", "MRF_2006": "1104.00", "NMRF_2006": "16.00", "ATRF_2006": "1120.00", "MRF_2007": "449.00", "NMRF_2007": "25.00", "ATRF_2007": "474.00", "MRF_2008": "620.00", "NMRF_2008": "0.00", "ATRF_2008": "620.00", "MRF_2009": "300.00", "NMRF_2009": "7.00", "ATRF_2009": "307.00", "MRF_2010": "478.00", "NMRF_2010": "159.00", "ATRF_2010": "637.00", "AGENCY": "RGWD", "ORIG_FID": "37" }, "geometry": { "type": "Point", "coordinates": [ 74.6333333, 25.35 ] } },
{ "type": "Feature", "properties": { "RAINGAUGE": "BHIM", "DISTRICT": "RAJSAMAND", "LONGITUDE": "74:05:00.000", "LATITUDE": "25:45:00.000", "COUNT": "59.00", "MRF_1984": "397.00", "NMRF_1984": "0.00", "ATRF_1984": "397.00", "MRF_1985": "218.00", "NMRF_1985": "77.00", "ATRF_1985": "295.00", "MRF_1986": "267.00", "NMRF_1986": "28.00", "ATRF_1986": "295.00", "MRF_1987": "142.00", "NMRF_1987": "9.00", "ATRF_1987": "151.00", "MRF_1988": "367.00", "NMRF_1988": "0.00", "ATRF_1988": "367.00", "MRF_1989": "590.00", "NMRF_1989": "18.00", "ATRF_1989": "608.00", "MRF_1990": "745.00", "NMRF_1990": "91.00", "ATRF_1990": "836.00", "MRF_1991": "473.00", "NMRF_1991": "44.00", "ATRF_1991": "517.00", "MRF_1992": "709.00", "NMRF_1992": "25.00", "ATRF_1992": "734.00", "MRF_1993": "316.00", "NMRF_1993": "86.00", "ATRF_1993": "402.00", "MRF_1994": "621.00", "NMRF_1994": "47.00", "ATRF_1994": "668.00", "MRF_1995": "480.00", "NMRF_1995": "23.00", "ATRF_1995": "503.00", "MRF_1996": "480.00", "NMRF_1996": "23.00", "ATRF_1996": "503.00", "MRF_1997": "606.00", "NMRF_1997": "150.00", "ATRF_1997": "756.00", "MRF_1998": "322.00", "NMRF_1998": "135.00", "ATRF_1998": "457.00", "MRF_1999": "481.00", "NMRF_1999": "41.00", "ATRF_1999": "522.00", "MRF_2000": "217.00", "NMRF_2000": "68.00", "ATRF_2000": "285.00", "MRF_2001": "697.00", "NMRF_2001": "74.00", "ATRF_2001": "771.00", "MRF_2002": "247.00", "NMRF_2002": "39.00", "ATRF_2002": "286.00", "MRF_2003": "355.00", "NMRF_2003": "61.00", "ATRF_2003": "416.00", "MRF_2004": "426.00", "NMRF_2004": "37.00", "ATRF_2004": "463.00", "MRF_2005": "607.00", "NMRF_2005": "50.00", "ATRF_2005": "657.00", "MRF_2006": "612.00", "NMRF_2006": "11.00", "ATRF_2006": "623.00", "MRF_2007": "424.00", "NMRF_2007": "27.00", "ATRF_2007": "451.00", "MRF_2008": "301.00", "NMRF_2008": "77.00", "ATRF_2008": "378.00", "MRF_2009": "339.00", "NMRF_2009": "38.00", "ATRF_2009": "377.00", "MRF_2010": "472.00", "NMRF_2010": "230.00", "ATRF_2010": "702.00", "AGENCY": "RGWD", "ORIG_FID": "38" }, "geometry": { "type": "Point", "coordinates": [ 74.0833333, 25.75 ] } },
{ "type": "Feature", "properties": { "RAINGAUGE": "BHINAI", "DISTRICT": "AJMER", "LONGITUDE": "74:47:00.000", "LATITUDE": "26:03:00.000", "COUNT": "20.00", "MRF_1984": "Not Available", "NMRF_1984": "Not Available", "ATRF_1984": "Not Available", "MRF_1985": "Not Available", "NMRF_1985": "Not Available", "ATRF_1985": "Not Available", "MRF_1986": "Not Available", "NMRF_1986": "Not Available", "ATRF_1986": "Not Available", "MRF_1987": "101.00", "NMRF_1987": "0.00", "ATRF_1987": "101.00", "MRF_1988": "224.00", "NMRF_1988": "0.00", "ATRF_1988": "224.00", "MRF_1989": "462.50", "NMRF_1989": "0.00", "ATRF_1989": "462.50", "MRF_1990": "844.00", "NMRF_1990": "48.00", "ATRF_1990": "892.00", "MRF_1991": "551.50", "NMRF_1991": "4.00", "ATRF_1991": "555.50", "MRF_1992": "481.00", "NMRF_1992": "0.00", "ATRF_1992": "481.00", "MRF_1993": "461.00", "NMRF_1993": "38.00", "ATRF_1993": "499.00", "MRF_1994": "Not Available", "NMRF_1994": "Not Available", "ATRF_1994": "Not Available", "MRF_1995": "Not Available", "NMRF_1995": "Not Available", "ATRF_1995": "Not Available", "MRF_1996": "Not Available", "NMRF_1996": "Not Available", "ATRF_1996": "Not Available", "MRF_1997": "Not Available", "NMRF_1997": "Not Available", "ATRF_1997": "Not Available", "MRF_1998": "Not Available", "NMRF_1998": "Not Available", "ATRF_1998": "Not Available", "MRF_1999": "Not Available", "NMRF_1999": "Not Available", "ATRF_1999": "Not Available", "MRF_2000": "Not Available", "NMRF_2000": "Not Available", "ATRF_2000": "Not Available", "MRF_2001": "Not Available", "NMRF_2001": "Not Available", "ATRF_2001": "Not Available", "MRF_2002": "Not Available", "NMRF_2002": "Not Available", "ATRF_2002": "Not Available", "MRF_2003": "Not Available", "NMRF_2003": "Not Available", "ATRF_2003": "Not Available", "MRF_2004": "Not Available", "NMRF_2004": "Not Available", "ATRF_2004": "Not Available", "MRF_2005": "Not Available", "NMRF_2005": "Not Available", "ATRF_2005": "Not Available", "MRF_2006": "Not Available", "NMRF_2006": "Not Available", "ATRF_2006": "Not Available", "MRF_2007": "Not Available", "NMRF_2007": "Not Available", "ATRF_2007": "Not Available", "MRF_2008": "Not Available", "NMRF_2008": "Not Available", "ATRF_2008": "Not Available", "MRF_2009": "Not Available", "NMRF_2009": "Not Available", "ATRF_2009": "Not Available", "MRF_2010": "768.00", "NMRF_2010": "160.00", "ATRF_2010": "928.00", "AGENCY": "RGWD", "ORIG_FID": "39" }, "geometry": { "type": "Point", "coordinates": [ 74.7833333, 26.05 ] } },
{ "type": "Feature", "properties": { "RAINGAUGE": "BHINMAL", "DISTRICT": "JALORE", "LONGITUDE": "72:16:00.000", "LATITUDE": "25:01:00.000", "COUNT": "57.00", "MRF_1984": "224.00", "NMRF_1984": "0.00", "ATRF_1984": "224.00", "MRF_1985": "204.70", "NMRF_1985": "17.70", "ATRF_1985": "222.40", "MRF_1986": "176.60", "NMRF_1986": "5.80", "ATRF_1986": "182.40", "MRF_1987": "48.80", "NMRF_1987": "0.00", "ATRF_1987": "48.80", "MRF_1988": "355.40", "NMRF_1988": "1.00", "ATRF_1988": "356.40", "MRF_1989": "312.90", "NMRF_1989": "9.60", "ATRF_1989": "322.50", "MRF_1990": "1017.60", "NMRF_1990": "6.80", "ATRF_1990": "1024.40", "MRF_1991": "156.60", "NMRF_1991": "1.77", "ATRF_1991": "158.37", "MRF_1992": "720.80", "NMRF_1992": "64.00", "ATRF_1992": "784.80", "MRF_1993": "295.80", "NMRF_1993": "10.20", "ATRF_1993": "306.00", "MRF_1994": "669.00", "NMRF_1994": "5.80", "ATRF_1994": "674.80", "MRF_1995": "386.40", "NMRF_1995": "13.60", "ATRF_1995": "400.00", "MRF_1996": "259.60", "NMRF_1996": "9.20", "ATRF_1996": "268.80", "MRF_1997": "614.00", "NMRF_1997": "92.20", "ATRF_1997": "706.20", "MRF_1998": "124.00", "NMRF_1998": "127.00", "ATRF_1998": "251.00", "MRF_1999": "104.00", "NMRF_1999": "94.30", "ATRF_1999": "198.30", "MRF_2000": "384.20", "NMRF_2000": "0.00", "ATRF_2000": "384.20", "MRF_2001": "275.00", "NMRF_2001": "21.00", "ATRF_2001": "296.00", "MRF_2002": "141.40", "NMRF_2002": "0.20", "ATRF_2002": "141.60", "MRF_2003": "661.00", "NMRF_2003": "56.40", "ATRF_2003": "717.40", "MRF_2004": "272.00", "NMRF_2004": "63.00", "ATRF_2004": "335.00", "MRF_2005": "464.40", "NMRF_2005": "20.00", "ATRF_2005": "484.40", "MRF_2006": "1031.00", "NMRF_2006": "0.00", "ATRF_2006": "1031.00", "MRF_2007": "427.00", "NMRF_2007": "28.00", "ATRF_2007": "455.00", "MRF_2008": "346.00", "NMRF_2008": "37.00", "ATRF_2008": "383.00", "MRF_2009": "171.00", "NMRF_2009": "45.00", "ATRF_2009": "216.00", "MRF_2010": "605.00", "NMRF_2010": "128.00", "ATRF_2010": "733.00", "AGENCY": "RGWD", "ORIG_FID": "40" }, "geometry": { "type": "Point", "coordinates": [ 72.2666667, 25.0166667 ] } },
{ "type": "Feature", "properties": { "RAINGAUGE": "BHOPALGARH", "DISTRICT": "JODHPUR", "LONGITUDE": "73:30:19.046", "LATITUDE": "26:38:27.719", "COUNT": "58.00", "MRF_1984": "318.00", "NMRF_1984": "0.00", "ATRF_1984": "318.00", "MRF_1985": "184.00", "NMRF_1985": "95.00", "ATRF_1985": "279.00", "MRF_1986": "241.00", "NMRF_1986": "37.00", "ATRF_1986": "278.00", "MRF_1987": "Not Available", "NMRF_1987": "Not Available", "ATRF_1987": "Not Available", "MRF_1988": "Not Available", "NMRF_1988": "Not Available", "ATRF_1988": "Not Available", "MRF_1989": "Not Available", "NMRF_1989": "Not Available", "ATRF_1989": "Not Available", "MRF_1990": "Not Available", "NMRF_1990": "Not Available", "ATRF_1990": "Not Available", "MRF_1991": "Not Available", "NMRF_1991": "Not Available", "ATRF_1991": "Not Available", "MRF_1992": "Not Available", "NMRF_1992": "Not Available", "ATRF_1992": "Not Available", "MRF_1993": "Not Available", "NMRF_1993": "Not Available", "ATRF_1993": "Not Available", "MRF_1994": "542.00", "NMRF_1994": "66.00", "ATRF_1994": "608.00", "MRF_1995": "555.00", "NMRF_1995": "22.00", "ATRF_1995": "577.00", "MRF_1996": "659.00", "NMRF_1996": "24.00", "ATRF_1996": "683.00", "MRF_1997": "465.00", "NMRF_1997": "137.00", "ATRF_1997": "602.00", "MRF_1998": "306.00", "NMRF_1998": "61.00", "ATRF_1998": "367.00", "MRF_1999": "256.00", "NMRF_1999": "36.00", "ATRF_1999": "292.00", "MRF_2000": "269.00", "NMRF_2000": "26.00", "ATRF_2000": "295.00", "MRF_2001": "319.00", "NMRF_2001": "80.00", "ATRF_2001": "399.00", "MRF_2002": "74.00", "NMRF_2002": "24.00", "ATRF_2002": "98.00", "MRF_2003": "361.00", "NMRF_2003": "33.00", "ATRF_2003": "394.00", "MRF_2004": "269.00", "NMRF_2004": "16.00", "ATRF_2004": "285.00", "MRF_2005": "244.00", "NMRF_2005": "41.00", "ATRF_2005": "285.00", "MRF_2006": "268.00", "NMRF_2006": "0.00", "ATRF_2006": "268.00", "MRF_2007": "351.00", "NMRF_2007": "55.00", "ATRF_2007": "406.00", "MRF_2008": "571.00", "NMRF_2008": "48.00", "ATRF_2008": "619.00", "MRF_2009": "180.10", "NMRF_2009": "16.00", "ATRF_2009": "196.10", "MRF_2010": "462.00", "NMRF_2010": "32.00", "ATRF_2010": "494.00", "AGENCY": "RGWD", "ORIG_FID": "41" }, "geometry": { "type": "Point", "coordinates": [ 73.5052906, 26.6410331 ] } },
{ "type": "Feature", "properties": { "RAINGAUGE": "BHOPALSAGAR", "DISTRICT": "CHITTAURGARH", "LONGITUDE": "74:11:32.854", "LATITUDE": "24:51:32.205", "COUNT": "54.00", "MRF_1984": "730.00", "NMRF_1984": "47.30", "ATRF_1984": "777.30", "MRF_1985": "477.60", "NMRF_1985": "52.50", "ATRF_1985": "530.10", "MRF_1986": "493.10", "NMRF_1986": "33.20", "ATRF_1986": "526.30", "MRF_1987": "242.00", "NMRF_1987": "20.00", "ATRF_1987": "262.00", "MRF_1988": "594.30", "NMRF_1988": "4.00", "ATRF_1988": "598.30", "MRF_1989": "1010.00", "NMRF_1989": "0.00", "ATRF_1989": "1010.00", "MRF_1990": "688.00", "NMRF_1990": "0.00", "ATRF_1990": "688.00", "MRF_1991": "696.10", "NMRF_1991": "38.90", "ATRF_1991": "735.00", "MRF_1992": "777.00", "NMRF_1992": "25.00", "ATRF_1992": "802.00", "MRF_1993": "306.00", "NMRF_1993": "50.00", "ATRF_1993": "356.00", "MRF_1994": "728.00", "NMRF_1994": "7.00", "ATRF_1994": "735.00", "MRF_1995": "Not Available", "NMRF_1995": "Not Available", "ATRF_1995": "Not Available", "MRF_1996": "Not Available", "NMRF_1996": "Not Available", "ATRF_1996": "Not Available", "MRF_1997": "482.00", "NMRF_1997": "20.00", "ATRF_1997": "502.00", "MRF_1998": "411.00", "NMRF_1998": "25.00", "ATRF_1998": "436.00", "MRF_1999": "411.00", "NMRF_1999": "57.00", "ATRF_1999": "468.00", "MRF_2000": "426.00", "NMRF_2000": "30.00", "ATRF_2000": "456.00", "MRF_2001": "546.00", "NMRF_2001": "7.00", "ATRF_2001": "553.00", "MRF_2002": "275.50", "NMRF_2002": "10.20", "ATRF_2002": "285.70", "MRF_2003": "371.00", "NMRF_2003": "22.00", "ATRF_2003": "393.00", "MRF_2004": "661.00", "NMRF_2004": "87.00", "ATRF_2004": "748.00", "MRF_2005": "874.00", "NMRF_2005": "29.00", "ATRF_2005": "903.00", "MRF_2006": "730.00", "NMRF_2006": "16.00", "ATRF_2006": "746.00", "MRF_2007": "665.00", "NMRF_2007": "11.00", "ATRF_2007": "676.00", "MRF_2008": "341.50", "NMRF_2008": "13.00", "ATRF_2008": "354.50", "MRF_2009": "287.00", "NMRF_2009": "37.00", "ATRF_2009": "324.00", "MRF_2010": "448.00", "NMRF_2010": "69.00", "ATRF_2010": "517.00", "AGENCY": "RGWD", "ORIG_FID": "42" }, "geometry": { "type": "Point", "coordinates": [ 74.1924594, 24.8589458 ] } },
{ "type": "Feature", "properties": { "RAINGAUGE": "BICHHIWARA", "DISTRICT": "DUNGARPUR", "LONGITUDE": "73:32:03.519", "LATITUDE": "23:45:47.684", "COUNT": "53.00", "MRF_1984": "933.50", "NMRF_1984": "0.00", "ATRF_1984": "933.50", "MRF_1985": "245.00", "NMRF_1985": "58.00", "ATRF_1985": "303.00", "MRF_1986": "588.00", "NMRF_1986": "0.00", "ATRF_1986": "588.00", "MRF_1987": "393.00", "NMRF_1987": "0.00", "ATRF_1987": "393.00", "MRF_1988": "595.50", "NMRF_1988": "5.00", "ATRF_1988": "600.50", "MRF_1989": "604.40", "NMRF_1989": "0.00", "ATRF_1989": "604.40", "MRF_1990": "967.00", "NMRF_1990": "0.00", "ATRF_1990": "967.00", "MRF_1991": "465.00", "NMRF_1991": "0.00", "ATRF_1991": "465.00", "MRF_1992": "579.00", "NMRF_1992": "0.00", "ATRF_1992": "579.00", "MRF_1993": "579.00", "NMRF_1993": "0.00", "ATRF_1993": "579.00", "MRF_1994": "1036.00", "NMRF_1994": "2.00", "ATRF_1994": "1038.00", "MRF_1995": "591.00", "NMRF_1995": "18.00", "ATRF_1995": "609.00", "MRF_1996": "Not Available", "NMRF_1996": "Not Available", "ATRF_1996": "Not Available", "MRF_1997": "707.00", "NMRF_1997": "14.00", "ATRF_1997": "721.00", "MRF_1998": "1014.00", "NMRF_1998": "23.00", "ATRF_1998": "1037.00", "MRF_1999": "568.00", "NMRF_1999": "49.00", "ATRF_1999": "617.00", "MRF_2000": "499.00", "NMRF_2000": "0.00", "ATRF_2000": "499.00", "MRF_2001": "540.00", "NMRF_2001": "53.00", "ATRF_2001": "593.00", "MRF_2002": "390.00", "NMRF_2002": "0.00", "ATRF_2002": "390.00", "MRF_2003": "733.00", "NMRF_2003": "62.00", "ATRF_2003": "795.00", "MRF_2004": "688.00", "NMRF_2004": "0.00", "ATRF_2004": "688.00", "MRF_2005": "383.00", "NMRF_2005": "5.00", "ATRF_2005": "388.00", "MRF_2006": "1611.00", "NMRF_2006": "0.00", "ATRF_2006": "1611.00", "MRF_2007": "817.00", "NMRF_2007": "7.00", "ATRF_2007": "824.00", "MRF_2008": "648.00", "NMRF_2008": "0.00", "ATRF_2008": "648.00", "MRF_2009": "794.00", "NMRF_2009": "19.00", "ATRF_2009": "813.00", "MRF_2010": "Not Available", "NMRF_2010": "Not Available", "ATRF_2010": "Not Available", "AGENCY": "RGWD", "ORIG_FID": "43" }, "geometry": { "type": "Point", "coordinates": [ 73.5343108, 23.7632456 ] } },
{ "type": "Feature", "properties": { "RAINGAUGE": "BIJOLIA", "DISTRICT": "BHILWARA", "LONGITUDE": "75:19:22.000", "LATITUDE": "25:10:12.000", "COUNT": "18.00", "MRF_1984": "Not Available", "NMRF_1984": "Not Available", "ATRF_1984": "Not Available", "MRF_1985": "Not Available", "NMRF_1985": "Not Available", "ATRF_1985": "Not Available", "MRF_1986": "Not Available", "NMRF_1986": "Not Available", "ATRF_1986": "Not Available", "MRF_1987": "Not Available", "NMRF_1987": "Not Available", "ATRF_1987": "Not Available", "MRF_1988": "Not Available", "NMRF_1988": "Not Available", "ATRF_1988": "Not Available", "MRF_1989": "Not Available", "NMRF_1989": "Not Available", "ATRF_1989": "Not Available", "MRF_1990": "Not Available", "NMRF_1990": "Not Available", "ATRF_1990": "Not Available", "MRF_1991": "Not Available", "NMRF_1991": "Not Available", "ATRF_1991": "Not Available", "MRF_1992": "Not Available", "NMRF_1992": "Not Available", "ATRF_1992": "Not Available", "MRF_1993": "Not Available", "NMRF_1993": "Not Available", "ATRF_1993": "Not Available", "MRF_1994": "Not Available", "NMRF_1994": "Not Available", "ATRF_1994": "Not Available", "MRF_1995": "Not Available", "NMRF_1995": "Not Available", "ATRF_1995": "Not Available", "MRF_1996": "Not Available", "NMRF_1996": "Not Available", "ATRF_1996": "Not Available", "MRF_1997": "Not Available", "NMRF_1997": "Not Available", "ATRF_1997": "Not Available", "MRF_1998": "Not Available", "NMRF_1998": "Not Available", "ATRF_1998": "Not Available", "MRF_1999": "Not Available", "NMRF_1999": "Not Available", "ATRF_1999": "Not Available", "MRF_2000": "Not Available", "NMRF_2000": "Not Available", "ATRF_2000": "Not Available", "MRF_2001": "Not Available", "NMRF_2001": "Not Available", "ATRF_2001": "Not Available", "MRF_2002": "Not Available", "NMRF_2002": "Not Available", "ATRF_2002": "Not Available", "MRF_2003": "Not Available", "NMRF_2003": "Not Available", "ATRF_2003": "Not Available", "MRF_2004": "Not Available", "NMRF_2004": "Not Available", "ATRF_2004": "Not Available", "MRF_2005": "597.00", "NMRF_2005": "5.00", "ATRF_2005": "602.00", "MRF_2006": "966.00", "NMRF_2006": "61.00", "ATRF_2006": "1027.00", "MRF_2007": "452.00", "NMRF_2007": "22.00", "ATRF_2007": "474.00", "MRF_2008": "712.00", "NMRF_2008": "12.00", "ATRF_2008": "724.00", "MRF_2009": "543.00", "NMRF_2009": "9.00", "ATRF_2009": "552.00", "MRF_2010": "787.00", "NMRF_2010": "93.00", "ATRF_2010": "880.00", "AGENCY": "RGWD", "ORIG_FID": "44" }, "geometry": { "type": "Point", "coordinates": [ 75.3227778, 25.17 ] } },
{ "type": "Feature", "properties": { "RAINGAUGE": "BIKANER", "DISTRICT": "BIKANER", "LONGITUDE": "73:18:00.000", "LATITUDE": "28:00:00.000", "COUNT": "53.00", "MRF_1984": "123.00", "NMRF_1984": "13.50", "ATRF_1984": "136.50", "MRF_1985": "Not Available", "NMRF_1985": "Not Available", "ATRF_1985": "Not Available", "MRF_1986": "210.70", "NMRF_1986": "18.60", "ATRF_1986": "229.30", "MRF_1987": "16.20", "NMRF_1987": "169.60", "ATRF_1987": "185.80", "MRF_1988": "163.00", "NMRF_1988": "58.60", "ATRF_1988": "221.60", "MRF_1989": "172.00", "NMRF_1989": "23.00", "ATRF_1989": "195.00", "MRF_1990": "153.00", "NMRF_1990": "107.00", "ATRF_1990": "260.00", "MRF_1991": "57.00", "NMRF_1991": "102.00", "ATRF_1991": "159.00", "MRF_1992": "287.00", "NMRF_1992": "48.00", "ATRF_1992": "335.00", "MRF_1993": "174.00", "NMRF_1993": "10.00", "ATRF_1993": "184.00", "MRF_1994": "294.00", "NMRF_1994": "20.00", "ATRF_1994": "314.00", "MRF_1995": "291.00", "NMRF_1995": "54.00", "ATRF_1995": "345.00", "MRF_1996": "Not Available", "NMRF_1996": "Not Available", "ATRF_1996": "Not Available", "MRF_1997": "208.00", "NMRF_1997": "229.00", "ATRF_1997": "437.00", "MRF_1998": "198.00", "NMRF_1998": "124.00", "ATRF_1998": "322.00", "MRF_1999": "93.00", "NMRF_1999": "78.00", "ATRF_1999": "171.00", "MRF_2000": "144.00", "NMRF_2000": "0.00", "ATRF_2000": "144.00", "MRF_2001": "156.00", "NMRF_2001": "48.00", "ATRF_2001": "204.00", "MRF_2002": "9.00", "NMRF_2002": "23.00", "ATRF_2002": "32.00", "MRF_2003": "208.00", "NMRF_2003": "37.00", "ATRF_2003": "245.00", "MRF_2004": "89.00", "NMRF_2004": "8.00", "ATRF_2004": "97.00", "MRF_2005": "260.00", "NMRF_2005": "53.00", "ATRF_2005": "313.00", "MRF_2006": "129.00", "NMRF_2006": "141.00", "ATRF_2006": "270.00", "MRF_2007": "161.00", "NMRF_2007": "201.00", "ATRF_2007": "362.00", "MRF_2008": "175.00", "NMRF_2008": "79.00", "ATRF_2008": "254.00", "MRF_2009": "247.50", "NMRF_2009": "46.00", "ATRF_2009": "293.50", "MRF_2010": "379.00", "NMRF_2010": "30.00", "ATRF_2010": "409.00", "AGENCY": "RGWD", "ORIG_FID": "45" }, "geometry": { "type": "Point", "coordinates": [ 73.3, 28.0 ] } },
{ "type": "Feature", "properties": { "RAINGAUGE": "BILARA", "DISTRICT": "JODHPUR", "LONGITUDE": "73:42:00.000", "LATITUDE": "26:11:00.000", "COUNT": "58.00", "MRF_1984": "318.00", "NMRF_1984": "0.00", "ATRF_1984": "318.00", "MRF_1985": "184.00", "NMRF_1985": "95.00", "ATRF_1985": "279.00", "MRF_1986": "241.00", "NMRF_1986": "37.00", "ATRF_1986": "278.00", "MRF_1987": "153.50", "NMRF_1987": "48.00", "ATRF_1987": "201.50", "MRF_1988": "392.90", "NMRF_1988": "5.20", "ATRF_1988": "398.10", "MRF_1989": "331.80", "NMRF_1989": "9.20", "ATRF_1989": "341.00", "MRF_1990": "587.00", "NMRF_1990": "45.40", "ATRF_1990": "632.40", "MRF_1991": "273.00", "NMRF_1991": "0.00", "ATRF_1991": "273.00", "MRF_1992": "461.00", "NMRF_1992": "35.00", "ATRF_1992": "496.00", "MRF_1993": "229.00", "NMRF_1993": "27.00", "ATRF_1993": "256.00", "MRF_1994": "551.00", "NMRF_1994": "20.00", "ATRF_1994": "571.00", "MRF_1995": "573.00", "NMRF_1995": "10.00", "ATRF_1995": "583.00", "MRF_1996": "323.80", "NMRF_1996": "32.20", "ATRF_1996": "356.00", "MRF_1997": "516.00", "NMRF_1997": "72.00", "ATRF_1997": "588.00", "MRF_1998": "259.00", "NMRF_1998": "62.00", "ATRF_1998": "321.00", "MRF_1999": "181.00", "NMRF_1999": "43.00", "ATRF_1999": "224.00", "MRF_2000": "274.00", "NMRF_2000": "0.00", "ATRF_2000": "274.00", "MRF_2001": "342.00", "NMRF_2001": "59.00", "ATRF_2001": "401.00", "MRF_2002": "113.00", "NMRF_2002": "36.00", "ATRF_2002": "149.00", "MRF_2003": "322.00", "NMRF_2003": "35.00", "ATRF_2003": "357.00", "MRF_2004": "481.00", "NMRF_2004": "10.00", "ATRF_2004": "491.00", "MRF_2005": "454.00", "NMRF_2005": "56.00", "ATRF_2005": "510.00", "MRF_2006": "450.00", "NMRF_2006": "5.00", "ATRF_2006": "455.00", "MRF_2007": "392.00", "NMRF_2007": "26.00", "ATRF_2007": "418.00", "MRF_2008": "345.00", "NMRF_2008": "31.00", "ATRF_2008": "376.00", "MRF_2009": "101.00", "NMRF_2009": "26.00", "ATRF_2009": "127.00", "MRF_2010": "302.00", "NMRF_2010": "37.00", "ATRF_2010": "339.00", "AGENCY": "RGWD", "ORIG_FID": "46" }, "geometry": { "type": "Point", "coordinates": [ 73.7, 26.1833333 ] } },
{ "type": "Feature", "properties": { "RAINGAUGE": "BONLI", "DISTRICT": "SAWAI MADHOPUR", "LONGITUDE": "76:14:00.000", "LATITUDE": "26:20:00.000", "COUNT": "56.00", "MRF_1984": "356.00", "NMRF_1984": "0.00", "ATRF_1984": "356.00", "MRF_1985": "664.00", "NMRF_1985": "206.00", "ATRF_1985": "870.00", "MRF_1986": "731.00", "NMRF_1986": "123.00", "ATRF_1986": "854.00", "MRF_1987": "334.00", "NMRF_1987": "46.00", "ATRF_1987": "380.00", "MRF_1988": "680.00", "NMRF_1988": "83.00", "ATRF_1988": "763.00", "MRF_1989": "404.60", "NMRF_1989": "0.00", "ATRF_1989": "404.60", "MRF_1990": "404.00", "NMRF_1990": "0.00", "ATRF_1990": "404.00", "MRF_1991": "282.00", "NMRF_1991": "0.00", "ATRF_1991": "282.00", "MRF_1992": "658.00", "NMRF_1992": "61.00", "ATRF_1992": "719.00", "MRF_1993": "349.00", "NMRF_1993": "5.00", "ATRF_1993": "354.00", "MRF_1994": "767.00", "NMRF_1994": "14.00", "ATRF_1994": "781.00", "MRF_1995": "714.00", "NMRF_1995": "0.00", "ATRF_1995": "714.00", "MRF_1996": "1028.00", "NMRF_1996": "0.00", "ATRF_1996": "1028.00", "MRF_1997": "526.00", "NMRF_1997": "152.00", "ATRF_1997": "678.00", "MRF_1998": "716.00", "NMRF_1998": "8.00", "ATRF_1998": "724.00", "MRF_1999": "398.00", "NMRF_1999": "49.00", "ATRF_1999": "447.00", "MRF_2000": "195.00", "NMRF_2000": "40.00", "ATRF_2000": "235.00", "MRF_2001": "392.00", "NMRF_2001": "85.00", "ATRF_2001": "477.00", "MRF_2002": "82.00", "NMRF_2002": "15.00", "ATRF_2002": "97.00", "MRF_2003": "446.00", "NMRF_2003": "33.00", "ATRF_2003": "479.00", "MRF_2004": "316.00", "NMRF_2004": "77.00", "ATRF_2004": "393.00", "MRF_2005": "394.00", "NMRF_2005": "51.00", "ATRF_2005": "445.00", "MRF_2006": "272.00", "NMRF_2006": "40.00", "ATRF_2006": "312.00", "MRF_2007": "284.00", "NMRF_2007": "24.00", "ATRF_2007": "308.00", "MRF_2008": "524.00", "NMRF_2008": "0.00", "ATRF_2008": "524.00", "MRF_2009": "268.00", "NMRF_2009": "98.00", "ATRF_2009": "366.00", "MRF_2010": "467.00", "NMRF_2010": "127.00", "ATRF_2010": "594.00", "AGENCY": "RGWD", "ORIG_FID": "47" }, "geometry": { "type": "Point", "coordinates": [ 76.2333333, 26.3333333 ] } },
{ "type": "Feature", "properties": { "RAINGAUGE": "BUHANA", "DISTRICT": "JHUNJHUNU", "LONGITUDE": "75:52:42.000", "LATITUDE": "28:12:00.000", "COUNT": "42.00", "MRF_1984": "Not Available", "NMRF_1984": "Not Available", "ATRF_1984": "Not Available", "MRF_1985": "Not Available", "NMRF_1985": "Not Available", "ATRF_1985": "Not Available", "MRF_1986": "Not Available", "NMRF_1986": "Not Available", "ATRF_1986": "Not Available", "MRF_1987": "Not Available", "NMRF_1987": "Not Available", "ATRF_1987": "Not Available", "MRF_1988": "Not Available", "NMRF_1988": "Not Available", "ATRF_1988": "Not Available", "MRF_1989": "Not Available", "NMRF_1989": "Not Available", "ATRF_1989": "Not Available", "MRF_1990": "Not Available", "NMRF_1990": "Not Available", "ATRF_1990": "Not Available", "MRF_1991": "Not Available", "NMRF_1991": "Not Available", "ATRF_1991": "Not Available", "MRF_1992": "Not Available", "NMRF_1992": "Not Available", "ATRF_1992": "Not Available", "MRF_1993": "Not Available", "NMRF_1993": "Not Available", "ATRF_1993": "Not Available", "MRF_1994": "Not Available", "NMRF_1994": "Not Available", "ATRF_1994": "Not Available", "MRF_1995": "Not Available", "NMRF_1995": "Not Available", "ATRF_1995": "Not Available", "MRF_1996": "860.00", "NMRF_1996": "55.00", "ATRF_1996": "915.00", "MRF_1997": "426.00", "NMRF_1997": "202.00", "ATRF_1997": "628.00", "MRF_1998": "408.00", "NMRF_1998": "90.00", "ATRF_1998": "498.00", "MRF_1999": "229.00", "NMRF_1999": "50.00", "ATRF_1999": "279.00", "MRF_2000": "313.00", "NMRF_2000": "11.00", "ATRF_2000": "324.00", "MRF_2001": "473.00", "NMRF_2001": "92.00", "ATRF_2001": "565.00", "MRF_2002": "77.00", "NMRF_2002": "56.00", "ATRF_2002": "133.00", "MRF_2003": "492.00", "NMRF_2003": "40.00", "ATRF_2003": "532.00", "MRF_2004": "254.00", "NMRF_2004": "122.00", "ATRF_2004": "376.00", "MRF_2005": "364.00", "NMRF_2005": "94.00", "ATRF_2005": "458.00", "MRF_2006": "324.00", "NMRF_2006": "130.00", "ATRF_2006": "454.00", "MRF_2007": "414.00", "NMRF_2007": "147.00", "ATRF_2007": "561.00", "MRF_2008": "598.00", "NMRF_2008": "81.00", "ATRF_2008": "679.00", "MRF_2009": "Not Available", "NMRF_2009": "Not Available", "ATRF_2009": "Not Available", "MRF_2010": "517.00", "NMRF_2010": "61.00", "ATRF_2010": "578.00", "AGENCY": "RGWD", "ORIG_FID": "48" }, "geometry": { "type": "Point", "coordinates": [ 75.8783333, 28.2 ] } },
{ "type": "Feature", "properties": { "RAINGAUGE": "CHAKSU", "DISTRICT": "JAIPUR", "LONGITUDE": "75:57:00.000", "LATITUDE": "26:36:00.000", "COUNT": "58.00", "MRF_1984": "193.90", "NMRF_1984": "0.00", "ATRF_1984": "193.90", "MRF_1985": "233.30", "NMRF_1985": "136.70", "ATRF_1985": "370.00", "MRF_1986": "357.30", "NMRF_1986": "93.30", "ATRF_1986": "450.60", "MRF_1987": "307.70", "NMRF_1987": "99.00", "ATRF_1987": "406.70", "MRF_1988": "396.90", "NMRF_1988": "3.60", "ATRF_1988": "400.50", "MRF_1989": "363.90", "NMRF_1989": "0.00", "ATRF_1989": "363.90", "MRF_1990": "383.40", "NMRF_1990": "51.00", "ATRF_1990": "434.40", "MRF_1991": "461.80", "NMRF_1991": "41.60", "ATRF_1991": "503.40", "MRF_1992": "522.20", "NMRF_1992": "23.80", "ATRF_1992": "546.00", "MRF_1993": "438.20", "NMRF_1993": "10.00", "ATRF_1993": "448.20", "MRF_1994": "228.20", "NMRF_1994": "59.00", "ATRF_1994": "287.20", "MRF_1995": "536.50", "NMRF_1995": "0.00", "ATRF_1995": "536.50", "MRF_1996": "1112.50", "NMRF_1996": "40.50", "ATRF_1996": "1153.00", "MRF_1997": "521.00", "NMRF_1997": "197.50", "ATRF_1997": "718.50", "MRF_1998": "580.00", "NMRF_1998": "44.60", "ATRF_1998": "624.60", "MRF_1999": "407.00", "NMRF_1999": "19.00", "ATRF_1999": "426.00", "MRF_2000": "366.00", "NMRF_2000": "30.00", "ATRF_2000": "396.00", "MRF_2001": "324.00", "NMRF_2001": "89.00", "ATRF_2001": "413.00", "MRF_2002": "164.30", "NMRF_2002": "50.70", "ATRF_2002": "215.00", "MRF_2003": "598.80", "NMRF_2003": "43.80", "ATRF_2003": "642.60", "MRF_2004": "330.20", "NMRF_2004": "111.80", "ATRF_2004": "442.00", "MRF_2005": "458.00", "NMRF_2005": "55.40", "ATRF_2005": "513.40", "MRF_2006": "307.90", "NMRF_2006": "34.70", "ATRF_2006": "342.60", "MRF_2007": "529.40", "NMRF_2007": "48.00", "ATRF_2007": "577.40", "MRF_2008": "681.90", "NMRF_2008": "53.50", "ATRF_2008": "735.40", "MRF_2009": "370.80", "NMRF_2009": "53.20", "ATRF_2009": "424.00", "MRF_2010": "813.00", "NMRF_2010": "115.00", "ATRF_2010": "928.00", "AGENCY": "RGWD", "ORIG_FID": "49" }, "geometry": { "type": "Point", "coordinates": [ 75.95, 26.6 ] } },
{ "type": "Feature", "properties": { "RAINGAUGE": "CHHABRA", "DISTRICT": "BARAN", "LONGITUDE": "76:51:00.000", "LATITUDE": "24:40:00.000", "COUNT": "60.00", "MRF_1984": "899.50", "NMRF_1984": "26.00", "ATRF_1984": "925.50", "MRF_1985": "1059.00", "NMRF_1985": "10.00", "ATRF_1985": "1069.00", "MRF_1986": "1031.00", "NMRF_1986": "116.00", "ATRF_1986": "1147.00", "MRF_1987": "914.40", "NMRF_1987": "132.00", "ATRF_1987": "1046.40", "MRF_1988": "866.00", "NMRF_1988": "15.00", "ATRF_1988": "881.00", "MRF_1989": "614.40", "NMRF_1989": "6.50", "ATRF_1989": "620.90", "MRF_1990": "1082.30", "NMRF_1990": "139.70", "ATRF_1990": "1222.00", "MRF_1991": "923.90", "NMRF_1991": "28.60", "ATRF_1991": "952.50", "MRF_1992": "530.40", "NMRF_1992": "159.00", "ATRF_1992": "689.40", "MRF_1993": "1087.50", "NMRF_1993": "0.00", "ATRF_1993": "1087.50", "MRF_1994": "1093.30", "NMRF_1994": "31.70", "ATRF_1994": "1125.00", "MRF_1995": "1036.00", "NMRF_1995": "64.00", "ATRF_1995": "1100.00", "MRF_1996": "1190.00", "NMRF_1996": "87.00", "ATRF_1996": "1277.00", "MRF_1997": "794.00", "NMRF_1997": "322.00", "ATRF_1997": "1116.00", "MRF_1998": "898.80", "NMRF_1998": "58.00", "ATRF_1998": "956.80", "MRF_1999": "905.00", "NMRF_1999": "18.00", "ATRF_1999": "923.00", "MRF_2000": "916.00", "NMRF_2000": "12.00", "ATRF_2000": "928.00", "MRF_2001": "679.00", "NMRF_2001": "72.00", "ATRF_2001": "751.00", "MRF_2002": "423.00", "NMRF_2002": "17.50", "ATRF_2002": "440.50", "MRF_2003": "962.00", "NMRF_2003": "25.00", "ATRF_2003": "987.00", "MRF_2004": "932.00", "NMRF_2004": "62.00", "ATRF_2004": "994.00", "MRF_2005": "848.00", "NMRF_2005": "16.00", "ATRF_2005": "864.00", "MRF_2006": "837.00", "NMRF_2006": "50.00", "ATRF_2006": "887.00", "MRF_2007": "737.00", "NMRF_2007": "12.00", "ATRF_2007": "749.00", "MRF_2008": "929.00", "NMRF_2008": "21.00", "ATRF_2008": "950.00", "MRF_2009": "646.00", "NMRF_2009": "76.00", "ATRF_2009": "722.00", "MRF_2010": "529.00", "NMRF_2010": "33.00", "ATRF_2010": "562.00", "AGENCY": "RGWD", "ORIG_FID": "50" }, "geometry": { "type": "Point", "coordinates": [ 76.85, 24.6666667 ] } },
{ "type": "Feature", "properties": { "RAINGAUGE": "CHHIPABAROD", "DISTRICT": "BARAN", "LONGITUDE": "76:47:00.000", "LATITUDE": "24:37:00.000", "COUNT": "59.00", "MRF_1984": "543.80", "NMRF_1984": "31.80", "ATRF_1984": "575.60", "MRF_1985": "1122.00", "NMRF_1985": "288.80", "ATRF_1985": "1410.80", "MRF_1986": "1019.30", "NMRF_1986": "81.10", "ATRF_1986": "1100.40", "MRF_1987": "1068.00", "NMRF_1987": "161.00", "ATRF_1987": "1229.00", "MRF_1988": "873.00", "NMRF_1988": "33.50", "ATRF_1988": "906.50", "MRF_1989": "567.30", "NMRF_1989": "2.50", "ATRF_1989": "569.80", "MRF_1990": "839.00", "NMRF_1990": "114.00", "ATRF_1990": "953.00", "MRF_1991": "819.00", "NMRF_1991": "50.00", "ATRF_1991": "869.00", "MRF_1992": "434.00", "NMRF_1992": "97.00", "ATRF_1992": "531.00", "MRF_1993": "976.00", "NMRF_1993": "0.00", "ATRF_1993": "976.00", "MRF_1994": "972.00", "NMRF_1994": "32.00", "ATRF_1994": "1004.00", "MRF_1995": "809.50", "NMRF_1995": "78.00", "ATRF_1995": "887.50", "MRF_1996": "1006.00", "NMRF_1996": "66.00", "ATRF_1996": "1072.00", "MRF_1997": "736.00", "NMRF_1997": "395.00", "ATRF_1997": "1131.00", "MRF_1998": "846.00", "NMRF_1998": "36.00", "ATRF_1998": "882.00", "MRF_1999": "788.00", "NMRF_1999": "44.00", "ATRF_1999": "832.00", "MRF_2000": "967.00", "NMRF_2000": "0.00", "ATRF_2000": "967.00", "MRF_2001": "696.00", "NMRF_2001": "71.00", "ATRF_2001": "767.00", "MRF_2002": "295.00", "NMRF_2002": "19.00", "ATRF_2002": "314.00", "MRF_2003": "750.00", "NMRF_2003": "28.80", "ATRF_2003": "778.80", "MRF_2004": "858.00", "NMRF_2004": "64.00", "ATRF_2004": "922.00", "MRF_2005": "885.00", "NMRF_2005": "19.00", "ATRF_2005": "904.00", "MRF_2006": "686.00", "NMRF_2006": "74.00", "ATRF_2006": "760.00", "MRF_2007": "779.00", "NMRF_2007": "24.00", "ATRF_2007": "803.00", "MRF_2008": "1034.00", "NMRF_2008": "46.00", "ATRF_2008": "1080.00", "MRF_2009": "786.00", "NMRF_2009": "156.00", "ATRF_2009": "942.00", "MRF_2010": "650.00", "NMRF_2010": "38.00", "ATRF_2010": "688.00", "AGENCY": "RGWD", "ORIG_FID": "51" }, "geometry": { "type": "Point", "coordinates": [ 76.7833333, 24.6166667 ] } },
{ "type": "Feature", "properties": { "RAINGAUGE": "CHHOTI SADRI", "DISTRICT": "CHITTAURGARH", "LONGITUDE": "74:43:00.949", "LATITUDE": "24:20:51.592", "COUNT": "51.00", "MRF_1984": "841.00", "NMRF_1984": "12.00", "ATRF_1984": "853.00", "MRF_1985": "691.00", "NMRF_1985": "106.00", "ATRF_1985": "797.00", "MRF_1986": "829.00", "NMRF_1986": "24.00", "ATRF_1986": "853.00", "MRF_1987": "849.00", "NMRF_1987": "86.00", "ATRF_1987": "935.00", "MRF_1988": "1085.00", "NMRF_1988": "6.00", "ATRF_1988": "1091.00", "MRF_1989": "945.00", "NMRF_1989": "9.00", "ATRF_1989": "954.00", "MRF_1990": "997.00", "NMRF_1990": "87.00", "ATRF_1990": "1084.00", "MRF_1991": "898.00", "NMRF_1991": "9.00", "ATRF_1991": "907.00", "MRF_1992": "801.00", "NMRF_1992": "51.00", "ATRF_1992": "852.00", "MRF_1993": "828.00", "NMRF_1993": "42.00", "ATRF_1993": "870.00", "MRF_1994": "923.00", "NMRF_1994": "13.00", "ATRF_1994": "936.00", "MRF_1995": "Not Available", "NMRF_1995": "Not Available", "ATRF_1995": "Not Available", "MRF_1996": "Not Available", "NMRF_1996": "Not Available", "ATRF_1996": "Not Available", "MRF_1997": "621.00", "NMRF_1997": "93.00", "ATRF_1997": "714.00", "MRF_1998": "533.00", "NMRF_1998": "98.00", "ATRF_1998": "631.00", "MRF_1999": "622.00", "NMRF_1999": "61.00", "ATRF_1999": "683.00", "MRF_2000": "389.00", "NMRF_2000": "91.00", "ATRF_2000": "480.00", "MRF_2001": "838.00", "NMRF_2001": "2.00", "ATRF_2001": "840.00", "MRF_2002": "363.00", "NMRF_2002": "15.00", "ATRF_2002": "378.00", "MRF_2003": "593.90", "NMRF_2003": "60.00", "ATRF_2003": "653.90", "MRF_2004": "982.00", "NMRF_2004": "30.00", "ATRF_2004": "1012.00", "MRF_2005": "725.00", "NMRF_2005": "25.00", "ATRF_2005": "750.00", "MRF_2006": "1608.00", "NMRF_2006": "21.00", "ATRF_2006": "1629.00", "MRF_2007": "658.00", "NMRF_2007": "23.00", "ATRF_2007": "681.00", "MRF_2008": "668.00", "NMRF_2008": "39.00", "ATRF_2008": "707.00", "MRF_2009": "712.00", "NMRF_2009": "60.00", "ATRF_2009": "772.00", "MRF_2010": "Not Available", "NMRF_2010": "Not Available", "ATRF_2010": "Not Available", "AGENCY": "RGWD", "ORIG_FID": "52" }, "geometry": { "type": "Point", "coordinates": [ 74.7169303, 24.3476644 ] } },
{ "type": "Feature", "properties": { "RAINGAUGE": "CHIRAWA", "DISTRICT": "JHUNJHUNU", "LONGITUDE": "75:39:00.000", "LATITUDE": "28:14:00.000", "COUNT": "60.00", "MRF_1984": "221.70", "NMRF_1984": "2.20", "ATRF_1984": "223.90", "MRF_1985": "454.30", "NMRF_1985": "3.00", "ATRF_1985": "457.30", "MRF_1986": "175.60", "NMRF_1986": "21.20", "ATRF_1986": "196.80", "MRF_1987": "109.80", "NMRF_1987": "125.60", "ATRF_1987": "235.40", "MRF_1988": "528.00", "NMRF_1988": "43.60", "ATRF_1988": "571.60", "MRF_1989": "164.00", "NMRF_1989": "10.00", "ATRF_1989": "174.00", "MRF_1990": "173.00", "NMRF_1990": "104.00", "ATRF_1990": "277.00", "MRF_1991": "329.00", "NMRF_1991": "26.00", "ATRF_1991": "355.00", "MRF_1992": "352.00", "NMRF_1992": "24.00", "ATRF_1992": "376.00", "MRF_1993": "516.00", "NMRF_1993": "59.00", "ATRF_1993": "575.00", "MRF_1994": "417.00", "NMRF_1994": "29.00", "ATRF_1994": "446.00", "MRF_1995": "492.00", "NMRF_1995": "70.00", "ATRF_1995": "562.00", "MRF_1996": "686.00", "NMRF_1996": "60.00", "ATRF_1996": "746.00", "MRF_1997": "381.00", "NMRF_1997": "217.00", "ATRF_1997": "598.00", "MRF_1998": "442.00", "NMRF_1998": "124.00", "ATRF_1998": "566.00", "MRF_1999": "274.00", "NMRF_1999": "64.00", "ATRF_1999": "338.00", "MRF_2000": "358.00", "NMRF_2000": "5.00", "ATRF_2000": "363.00", "MRF_2001": "421.00", "NMRF_2001": "54.00", "ATRF_2001": "475.00", "MRF_2002": "92.00", "NMRF_2002": "73.00", "ATRF_2002": "165.00", "MRF_2003": "508.00", "NMRF_2003": "45.00", "ATRF_2003": "553.00", "MRF_2004": "297.00", "NMRF_2004": "67.00", "ATRF_2004": "364.00", "MRF_2005": "348.00", "NMRF_2005": "190.00", "ATRF_2005": "538.00", "MRF_2006": "425.00", "NMRF_2006": "131.00", "ATRF_2006": "556.00", "MRF_2007": "306.00", "NMRF_2007": "173.00", "ATRF_2007": "479.00", "MRF_2008": "572.00", "NMRF_2008": "109.00", "ATRF_2008": "681.00", "MRF_2009": "223.00", "NMRF_2009": "41.00", "ATRF_2009": "264.00", "MRF_2010": "494.00", "NMRF_2010": "72.00", "ATRF_2010": "566.00", "AGENCY": "RGWD", "ORIG_FID": "53" }, "geometry": { "type": "Point", "coordinates": [ 75.65, 28.2333333 ] } },
{ "type": "Feature", "properties": { "RAINGAUGE": "CHITTAURGARH", "DISTRICT": "CHITTAURGARH", "LONGITUDE": "74:38:00.000", "LATITUDE": "24:53:00.000", "COUNT": "53.00", "MRF_1984": "641.70", "NMRF_1984": "0.00", "ATRF_1984": "641.70", "MRF_1985": "483.10", "NMRF_1985": "67.10", "ATRF_1985": "550.20", "MRF_1986": "729.00", "NMRF_1986": "53.20", "ATRF_1986": "782.20", "MRF_1987": "570.40", "NMRF_1987": "91.80", "ATRF_1987": "662.20", "MRF_1988": "796.90", "NMRF_1988": "14.50", "ATRF_1988": "811.40", "MRF_1989": "817.90", "NMRF_1989": "11.40", "ATRF_1989": "829.30", "MRF_1990": "1061.60", "NMRF_1990": "54.40", "ATRF_1990": "1116.00", "MRF_1991": "911.20", "NMRF_1991": "40.50", "ATRF_1991": "951.70", "MRF_1992": "747.10", "NMRF_1992": "76.80", "ATRF_1992": "823.90", "MRF_1993": "447.00", "NMRF_1993": "75.40", "ATRF_1993": "522.40", "MRF_1994": "939.60", "NMRF_1994": "41.90", "ATRF_1994": "981.50", "MRF_1995": "Not Available", "NMRF_1995": "Not Available", "ATRF_1995": "Not Available", "MRF_1996": "Not Available", "NMRF_1996": "Not Available", "ATRF_1996": "Not Available", "MRF_1997": "500.00", "NMRF_1997": "105.50", "ATRF_1997": "605.50", "MRF_1998": "425.80", "NMRF_1998": "84.50", "ATRF_1998": "510.30", "MRF_1999": "962.10", "NMRF_1999": "43.70", "ATRF_1999": "1005.80", "MRF_2000": "485.10", "NMRF_2000": "92.80", "ATRF_2000": "577.90", "MRF_2001": "748.60", "NMRF_2001": "16.00", "ATRF_2001": "764.60", "MRF_2002": "448.10", "NMRF_2002": "22.60", "ATRF_2002": "470.70", "MRF_2003": "785.10", "NMRF_2003": "32.90", "ATRF_2003": "818.00", "MRF_2004": "928.00", "NMRF_2004": "17.00", "ATRF_2004": "945.00", "MRF_2005": "815.00", "NMRF_2005": "23.50", "ATRF_2005": "838.50", "MRF_2006": "1049.00", "NMRF_2006": "23.20", "ATRF_2006": "1072.20", "MRF_2007": "582.00", "NMRF_2007": "46.00", "ATRF_2007": "628.00", "MRF_2008": "983.00", "NMRF_2008": "72.00", "ATRF_2008": "1055.00", "MRF_2009": "641.00", "NMRF_2009": "36.00", "ATRF_2009": "677.00", "MRF_2010": "775.00", "NMRF_2010": "92.00", "ATRF_2010": "867.00", "AGENCY": "RGWD", "ORIG_FID": "54" }, "geometry": { "type": "Point", "coordinates": [ 74.6333333, 24.8833333 ] } },
{ "type": "Feature", "properties": { "RAINGAUGE": "CHOHTAN", "DISTRICT": "BARMER", "LONGITUDE": "71:04:00.000", "LATITUDE": "25:29:00.000", "COUNT": "53.00", "MRF_1984": "239.60", "NMRF_1984": "6.80", "ATRF_1984": "246.40", "MRF_1985": "Not Available", "NMRF_1985": "Not Available", "ATRF_1985": "Not Available", "MRF_1986": "Not Available", "NMRF_1986": "Not Available", "ATRF_1986": "Not Available", "MRF_1987": "28.20", "NMRF_1987": "11.80", "ATRF_1987": "40.00", "MRF_1988": "315.90", "NMRF_1988": "3.60", "ATRF_1988": "319.50", "MRF_1989": "208.00", "NMRF_1989": "0.00", "ATRF_1989": "208.00", "MRF_1990": "737.40", "NMRF_1990": "0.00", "ATRF_1990": "737.40", "MRF_1991": "142.20", "NMRF_1991": "0.00", "ATRF_1991": "142.20", "MRF_1992": "491.00", "NMRF_1992": "5.60", "ATRF_1992": "496.60", "MRF_1993": "244.00", "NMRF_1993": "41.00", "ATRF_1993": "285.00", "MRF_1994": "618.70", "NMRF_1994": "0.00", "ATRF_1994": "618.70", "MRF_1995": "306.00", "NMRF_1995": "7.00", "ATRF_1995": "313.00", "MRF_1996": "270.00", "NMRF_1996": "11.00", "ATRF_1996": "281.00", "MRF_1997": "281.00", "NMRF_1997": "63.00", "ATRF_1997": "344.00", "MRF_1998": "363.00", "NMRF_1998": "212.00", "ATRF_1998": "575.00", "MRF_1999": "99.00", "NMRF_1999": "152.00", "ATRF_1999": "251.00", "MRF_2000": "241.00", "NMRF_2000": "13.00", "ATRF_2000": "254.00", "MRF_2001": "346.00", "NMRF_2001": "125.00", "ATRF_2001": "471.00", "MRF_2002": "69.00", "NMRF_2002": "3.00", "ATRF_2002": "72.00", "MRF_2003": "421.00", "NMRF_2003": "53.00", "ATRF_2003": "474.00", "MRF_2004": "160.00", "NMRF_2004": "22.00", "ATRF_2004": "182.00", "MRF_2005": "192.00", "NMRF_2005": "8.00", "ATRF_2005": "200.00", "MRF_2006": "834.00", "NMRF_2006": "41.00", "ATRF_2006": "875.00", "MRF_2007": "138.00", "NMRF_2007": "43.00", "ATRF_2007": "181.00", "MRF_2008": "243.00", "NMRF_2008": "51.00", "ATRF_2008": "294.00", "MRF_2009": "196.00", "NMRF_2009": "12.00", "ATRF_2009": "208.00", "MRF_2010": "544.00", "NMRF_2010": "16.00", "ATRF_2010": "560.00", "AGENCY": "RGWD", "ORIG_FID": "55" }, "geometry": { "type": "Point", "coordinates": [ 71.0666667, 25.4833333 ] } },
{ "type": "Feature", "properties": { "RAINGAUGE": "CHURU", "DISTRICT": "CHURU", "LONGITUDE": "74:58:00.000", "LATITUDE": "28:18:00.000", "COUNT": "45.00", "MRF_1984": "Not Available", "NMRF_1984": "Not Available", "ATRF_1984": "Not Available", "MRF_1985": "Not Available", "NMRF_1985": "Not Available", "ATRF_1985": "Not Available", "MRF_1986": "Not Available", "NMRF_1986": "Not Available", "ATRF_1986": "Not Available", "MRF_1987": "151.00", "NMRF_1987": "69.00", "ATRF_1987": "220.00", "MRF_1988": "591.00", "NMRF_1988": "52.00", "ATRF_1988": "643.00", "MRF_1989": "129.00", "NMRF_1989": "15.00", "ATRF_1989": "144.00", "MRF_1990": "283.00", "NMRF_1990": "65.00", "ATRF_1990": "348.00", "MRF_1991": "292.00", "NMRF_1991": "11.00", "ATRF_1991": "303.00", "MRF_1992": "354.00", "NMRF_1992": "40.00", "ATRF_1992": "394.00", "MRF_1993": "227.00", "NMRF_1993": "20.00", "ATRF_1993": "247.00", "MRF_1994": "345.00", "NMRF_1994": "32.00", "ATRF_1994": "377.00", "MRF_1995": "418.00", "NMRF_1995": "28.00", "ATRF_1995": "446.00", "MRF_1996": "Not Available", "NMRF_1996": "Not Available", "ATRF_1996": "Not Available", "MRF_1997": "474.00", "NMRF_1997": "144.00", "ATRF_1997": "618.00", "MRF_1998": "420.00", "NMRF_1998": "230.00", "ATRF_1998": "650.00", "MRF_1999": "164.00", "NMRF_1999": "57.00", "ATRF_1999": "221.00", "MRF_2000": "188.00", "NMRF_2000": "25.00", "ATRF_2000": "213.00", "MRF_2001": "331.00", "NMRF_2001": "82.00", "ATRF_2001": "413.00", "MRF_2002": "198.00", "NMRF_2002": "90.00", "ATRF_2002": "288.00", "MRF_2003": "513.00", "NMRF_2003": "57.00", "ATRF_2003": "570.00", "MRF_2004": "225.00", "NMRF_2004": "86.00", "ATRF_2004": "311.00", "MRF_2005": "256.00", "NMRF_2005": "188.00", "ATRF_2005": "444.00", "MRF_2006": "162.00", "NMRF_2006": "89.00", "ATRF_2006": "251.00", "MRF_2007": "334.00", "NMRF_2007": "108.00", "ATRF_2007": "442.00", "MRF_2008": "538.00", "NMRF_2008": "78.00", "ATRF_2008": "616.00", "MRF_2009": "Not Available", "NMRF_2009": "Not Available", "ATRF_2009": "Not Available", "MRF_2010": "570.00", "NMRF_2010": "65.00", "ATRF_2010": "635.00", "AGENCY": "RGWD", "ORIG_FID": "56" }, "geometry": { "type": "Point", "coordinates": [ 74.9666667, 28.3 ] } },
{ "type": "Feature", "properties": { "RAINGAUGE": "DANTARAMGARH", "DISTRICT": "SIKAR", "LONGITUDE": "75:11:26.012", "LATITUDE": "27:15:41.925", "COUNT": "59.00", "MRF_1984": "218.00", "NMRF_1984": "0.00", "ATRF_1984": "218.00", "MRF_1985": "486.00", "NMRF_1985": "97.00", "ATRF_1985": "583.00", "MRF_1986": "273.00", "NMRF_1986": "100.60", "ATRF_1986": "373.60", "MRF_1987": "133.50", "NMRF_1987": "96.50", "ATRF_1987": "230.00", "MRF_1988": "334.50", "NMRF_1988": "41.80", "ATRF_1988": "376.30", "MRF_1989": "331.00", "NMRF_1989": "15.00", "ATRF_1989": "346.00", "MRF_1990": "242.00", "NMRF_1990": "183.50", "ATRF_1990": "425.50", "MRF_1991": "253.40", "NMRF_1991": "56.60", "ATRF_1991": "310.00", "MRF_1992": "542.20", "NMRF_1992": "62.10", "ATRF_1992": "604.30", "MRF_1993": "343.80", "NMRF_1993": "20.00", "ATRF_1993": "363.80", "MRF_1994": "473.00", "NMRF_1994": "44.00", "ATRF_1994": "517.00", "MRF_1995": "788.00", "NMRF_1995": "6.00", "ATRF_1995": "794.00", "MRF_1996": "711.00", "NMRF_1996": "62.00", "ATRF_1996": "773.00", "MRF_1997": "554.00", "NMRF_1997": "357.00", "ATRF_1997": "911.00", "MRF_1998": "474.00", "NMRF_1998": "93.00", "ATRF_1998": "567.00", "MRF_1999": "218.00", "NMRF_1999": "52.00", "ATRF_1999": "270.00", "MRF_2000": "319.00", "NMRF_2000": "6.00", "ATRF_2000": "325.00", "MRF_2001": "418.00", "NMRF_2001": "136.00", "ATRF_2001": "554.00", "MRF_2002": "189.00", "NMRF_2002": "59.00", "ATRF_2002": "248.00", "MRF_2003": "425.00", "NMRF_2003": "26.00", "ATRF_2003": "451.00", "MRF_2004": "228.00", "NMRF_2004": "9.00", "ATRF_2004": "237.00", "MRF_2005": "263.00", "NMRF_2005": "42.00", "ATRF_2005": "305.00", "MRF_2006": "377.50", "NMRF_2006": "88.00", "ATRF_2006": "465.50", "MRF_2007": "326.00", "NMRF_2007": "100.00", "ATRF_2007": "426.00", "MRF_2008": "221.00", "NMRF_2008": "58.00", "ATRF_2008": "279.00", "MRF_2009": "243.00", "NMRF_2009": "104.00", "ATRF_2009": "347.00", "MRF_2010": "489.00", "NMRF_2010": "83.00", "ATRF_2010": "572.00", "AGENCY": "RGWD", "ORIG_FID": "57" }, "geometry": { "type": "Point", "coordinates": [ 75.1905589, 27.2616458 ] } },
{ "type": "Feature", "properties": { "RAINGAUGE": "DAUSA", "DISTRICT": "DAUSA", "LONGITUDE": "76:19:48.193", "LATITUDE": "26:53:39.086", "COUNT": "58.00", "MRF_1984": "726.60", "NMRF_1984": "0.00", "ATRF_1984": "726.60", "MRF_1985": "806.60", "NMRF_1985": "48.00", "ATRF_1985": "854.60", "MRF_1986": "376.20", "NMRF_1986": "116.00", "ATRF_1986": "492.20", "MRF_1987": "319.40", "NMRF_1987": "90.60", "ATRF_1987": "410.00", "MRF_1988": "440.60", "NMRF_1988": "7.90", "ATRF_1988": "448.50", "MRF_1989": "404.20", "NMRF_1989": "0.00", "ATRF_1989": "404.20", "MRF_1990": "435.80", "NMRF_1990": "64.50", "ATRF_1990": "500.30", "MRF_1991": "659.00", "NMRF_1991": "41.00", "ATRF_1991": "700.00", "MRF_1992": "799.50", "NMRF_1992": "0.00", "ATRF_1992": "799.50", "MRF_1993": "640.00", "NMRF_1993": "24.00", "ATRF_1993": "664.00", "MRF_1994": "621.00", "NMRF_1994": "40.00", "ATRF_1994": "661.00", "MRF_1995": "968.00", "NMRF_1995": "0.00", "ATRF_1995": "968.00", "MRF_1996": "683.00", "NMRF_1996": "25.00", "ATRF_1996": "708.00", "MRF_1997": "529.50", "NMRF_1997": "136.00", "ATRF_1997": "665.50", "MRF_1998": "747.00", "NMRF_1998": "15.00", "ATRF_1998": "762.00", "MRF_1999": "433.00", "NMRF_1999": "31.00", "ATRF_1999": "464.00", "MRF_2000": "452.00", "NMRF_2000": "36.00", "ATRF_2000": "488.00", "MRF_2001": "437.50", "NMRF_2001": "68.00", "ATRF_2001": "505.50", "MRF_2002": "254.00", "NMRF_2002": "46.00", "ATRF_2002": "300.00", "MRF_2003": "609.00", "NMRF_2003": "51.00", "ATRF_2003": "660.00", "MRF_2004": "474.00", "NMRF_2004": "99.00", "ATRF_2004": "573.00", "MRF_2005": "634.00", "NMRF_2005": "64.00", "ATRF_2005": "698.00", "MRF_2006": "346.00", "NMRF_2006": "27.00", "ATRF_2006": "373.00", "MRF_2007": "486.00", "NMRF_2007": "76.00", "ATRF_2007": "562.00", "MRF_2008": "778.00", "NMRF_2008": "32.00", "ATRF_2008": "810.00", "MRF_2009": "322.00", "NMRF_2009": "57.00", "ATRF_2009": "379.00", "MRF_2010": "640.00", "NMRF_2010": "78.00", "ATRF_2010": "718.00", "AGENCY": "RGWD", "ORIG_FID": "58" }, "geometry": { "type": "Point", "coordinates": [ 76.3300536, 26.8941906 ] } },
{ "type": "Feature", "properties": { "RAINGAUGE": "DEEG", "DISTRICT": "BHARATPUR", "LONGITUDE": "77:20:00.000", "LATITUDE": "27:28:00.000", "COUNT": "60.00", "MRF_1984": "379.00", "NMRF_1984": "25.00", "ATRF_1984": "404.00", "MRF_1985": "301.00", "NMRF_1985": "90.00", "ATRF_1985": "391.00", "MRF_1986": "110.50", "NMRF_1986": "8.50", "ATRF_1986": "119.00", "MRF_1987": "163.00", "NMRF_1987": "61.00", "ATRF_1987": "224.00", "MRF_1988": "334.00", "NMRF_1988": "25.00", "ATRF_1988": "359.00", "MRF_1989": "351.00", "NMRF_1989": "5.00", "ATRF_1989": "356.00", "MRF_1990": "418.00", "NMRF_1990": "77.00", "ATRF_1990": "495.00", "MRF_1991": "290.00", "NMRF_1991": "101.00", "ATRF_1991": "391.00", "MRF_1992": "283.40", "NMRF_1992": "68.00", "ATRF_1992": "351.40", "MRF_1993": "442.00", "NMRF_1993": "9.00", "ATRF_1993": "451.00", "MRF_1994": "445.00", "NMRF_1994": "66.00", "ATRF_1994": "511.00", "MRF_1995": "752.00", "NMRF_1995": "39.00", "ATRF_1995": "791.00", "MRF_1996": "1128.00", "NMRF_1996": "39.00", "ATRF_1996": "1167.00", "MRF_1997": "395.00", "NMRF_1997": "100.00", "ATRF_1997": "495.00", "MRF_1998": "775.00", "NMRF_1998": "45.00", "ATRF_1998": "820.00", "MRF_1999": "647.00", "NMRF_1999": "70.00", "ATRF_1999": "717.00", "MRF_2000": "299.00", "NMRF_2000": "56.00", "ATRF_2000": "355.00", "MRF_2001": "698.00", "NMRF_2001": "101.00", "ATRF_2001": "799.00", "MRF_2002": "471.00", "NMRF_2002": "112.00", "ATRF_2002": "583.00", "MRF_2003": "838.00", "NMRF_2003": "60.00", "ATRF_2003": "898.00", "MRF_2004": "265.00", "NMRF_2004": "130.00", "ATRF_2004": "395.00", "MRF_2005": "587.00", "NMRF_2005": "32.00", "ATRF_2005": "619.00", "MRF_2006": "353.00", "NMRF_2006": "87.00", "ATRF_2006": "440.00", "MRF_2007": "353.00", "NMRF_2007": "141.00", "ATRF_2007": "494.00", "MRF_2008": "686.00", "NMRF_2008": "53.00", "ATRF_2008": "739.00", "MRF_2009": "568.00", "NMRF_2009": "59.00", "ATRF_2009": "627.00", "MRF_2010": "869.00", "NMRF_2010": "58.00", "ATRF_2010": "927.00", "AGENCY": "RGWD", "ORIG_FID": "59" }, "geometry": { "type": "Point", "coordinates": [ 77.3333333, 27.4666667 ] } },
{ "type": "Feature", "properties": { "RAINGAUGE": "DEGANA", "DISTRICT": "NAGAUR", "LONGITUDE": "74:21:01.062", "LATITUDE": "26:49:23.606", "COUNT": "57.00", "MRF_1984": "514.00", "NMRF_1984": "9.00", "ATRF_1984": "523.00", "MRF_1985": "260.00", "NMRF_1985": "128.00", "ATRF_1985": "388.00", "MRF_1986": "209.00", "NMRF_1986": "14.00", "ATRF_1986": "223.00", "MRF_1987": "57.00", "NMRF_1987": "38.00", "ATRF_1987": "95.00", "MRF_1988": "396.70", "NMRF_1988": "0.00", "ATRF_1988": "396.70", "MRF_1989": "273.00", "NMRF_1989": "0.00", "ATRF_1989": "273.00", "MRF_1990": "306.00", "NMRF_1990": "79.00", "ATRF_1990": "385.00", "MRF_1991": "333.00", "NMRF_1991": "7.00", "ATRF_1991": "340.00", "MRF_1992": "486.00", "NMRF_1992": "30.00", "ATRF_1992": "516.00", "MRF_1993": "424.00", "NMRF_1993": "0.00", "ATRF_1993": "424.00", "MRF_1994": "331.00", "NMRF_1994": "26.00", "ATRF_1994": "357.00", "MRF_1995": "461.00", "NMRF_1995": "5.00", "ATRF_1995": "466.00", "MRF_1996": "810.00", "NMRF_1996": "34.00", "ATRF_1996": "844.00", "MRF_1997": "586.00", "NMRF_1997": "189.00", "ATRF_1997": "775.00", "MRF_1998": "369.00", "NMRF_1998": "126.00", "ATRF_1998": "495.00", "MRF_1999": "246.00", "NMRF_1999": "28.50", "ATRF_1999": "274.50", "MRF_2000": "324.00", "NMRF_2000": "12.00", "ATRF_2000": "336.00", "MRF_2001": "262.00", "NMRF_2001": "85.00", "ATRF_2001": "347.00", "MRF_2002": "131.00", "NMRF_2002": "63.00", "ATRF_2002": "194.00", "MRF_2003": "492.00", "NMRF_2003": "31.00", "ATRF_2003": "523.00", "MRF_2004": "320.00", "NMRF_2004": "7.00", "ATRF_2004": "327.00", "MRF_2005": "454.00", "NMRF_2005": "15.00", "ATRF_2005": "469.00", "MRF_2006": "228.00", "NMRF_2006": "30.00", "ATRF_2006": "258.00", "MRF_2007": "166.00", "NMRF_2007": "96.00", "ATRF_2007": "262.00", "MRF_2008": "378.00", "NMRF_2008": "89.00", "ATRF_2008": "467.00", "MRF_2009": "Not Available", "NMRF_2009": "Not Available", "ATRF_2009": "Not Available", "MRF_2010": "541.00", "NMRF_2010": "64.00", "ATRF_2010": "605.00", "AGENCY": "RGWD", "ORIG_FID": "60" }, "geometry": { "type": "Point", "coordinates": [ 74.350295, 26.8232239 ] } },
{ "type": "Feature", "properties": { "RAINGAUGE": "DEOGARH", "DISTRICT": "RAJSAMAND", "LONGITUDE": "73:56:07.718", "LATITUDE": "25:33:03.281", "COUNT": "59.00", "MRF_1984": "272.10", "NMRF_1984": "0.00", "ATRF_1984": "272.10", "MRF_1985": "195.00", "NMRF_1985": "67.20", "ATRF_1985": "262.20", "MRF_1986": "375.80", "NMRF_1986": "24.20", "ATRF_1986": "400.00", "MRF_1987": "110.00", "NMRF_1987": "65.00", "ATRF_1987": "175.00", "MRF_1988": "491.00", "NMRF_1988": "6.00", "ATRF_1988": "497.00", "MRF_1989": "370.00", "NMRF_1989": "13.50", "ATRF_1989": "383.50", "MRF_1990": "658.00", "NMRF_1990": "135.00", "ATRF_1990": "793.00", "MRF_1991": "509.00", "NMRF_1991": "36.00", "ATRF_1991": "545.00", "MRF_1992": "715.00", "NMRF_1992": "36.00", "ATRF_1992": "751.00", "MRF_1993": "316.00", "NMRF_1993": "59.00", "ATRF_1993": "375.00", "MRF_1994": "991.00", "NMRF_1994": "26.00", "ATRF_1994": "1017.00", "MRF_1995": "530.00", "NMRF_1995": "62.00", "ATRF_1995": "592.00", "MRF_1996": "530.00", "NMRF_1996": "62.00", "ATRF_1996": "592.00", "MRF_1997": "673.00", "NMRF_1997": "124.00", "ATRF_1997": "797.00", "MRF_1998": "346.00", "NMRF_1998": "132.00", "ATRF_1998": "478.00", "MRF_1999": "440.00", "NMRF_1999": "33.00", "ATRF_1999": "473.00", "MRF_2000": "190.00", "NMRF_2000": "56.00", "ATRF_2000": "246.00", "MRF_2001": "231.00", "NMRF_2001": "32.00", "ATRF_2001": "263.00", "MRF_2002": "218.00", "NMRF_2002": "41.00", "ATRF_2002": "259.00", "MRF_2003": "433.00", "NMRF_2003": "66.00", "ATRF_2003": "499.00", "MRF_2004": "452.00", "NMRF_2004": "78.00", "ATRF_2004": "530.00", "MRF_2005": "640.00", "NMRF_2005": "40.00", "ATRF_2005": "680.00", "MRF_2006": "777.00", "NMRF_2006": "11.00", "ATRF_2006": "788.00", "MRF_2007": "475.00", "NMRF_2007": "34.00", "ATRF_2007": "509.00", "MRF_2008": "386.00", "NMRF_2008": "107.00", "ATRF_2008": "493.00", "MRF_2009": "305.00", "NMRF_2009": "16.00", "ATRF_2009": "321.00", "MRF_2010": "532.00", "NMRF_2010": "220.00", "ATRF_2010": "752.00", "AGENCY": "RGWD", "ORIG_FID": "61" }, "geometry": { "type": "Point", "coordinates": [ 73.9354772, 25.5509114 ] } },
{ "type": "Feature", "properties": { "RAINGAUGE": "DEOLI", "DISTRICT": "TONK", "LONGITUDE": "75:22:36.193", "LATITUDE": "25:47:16.792", "COUNT": "57.00", "MRF_1984": "436.80", "NMRF_1984": "0.00", "ATRF_1984": "436.80", "MRF_1985": "332.20", "NMRF_1985": "110.50", "ATRF_1985": "442.70", "MRF_1986": "611.00", "NMRF_1986": "60.30", "ATRF_1986": "671.30", "MRF_1987": "286.00", "NMRF_1987": "60.00", "ATRF_1987": "346.00", "MRF_1988": "448.00", "NMRF_1988": "17.00", "ATRF_1988": "465.00", "MRF_1989": "568.40", "NMRF_1989": "0.00", "ATRF_1989": "568.40", "MRF_1990": "510.80", "NMRF_1990": "40.20", "ATRF_1990": "551.00", "MRF_1991": "691.00", "NMRF_1991": "0.00", "ATRF_1991": "691.00", "MRF_1992": "710.00", "NMRF_1992": "17.00", "ATRF_1992": "727.00", "MRF_1993": "640.20", "NMRF_1993": "106.90", "ATRF_1993": "747.10", "MRF_1994": "556.00", "NMRF_1994": "0.00", "ATRF_1994": "556.00", "MRF_1995": "477.30", "NMRF_1995": "58.20", "ATRF_1995": "535.50", "MRF_1996": "703.00", "NMRF_1996": "0.00", "ATRF_1996": "703.00", "MRF_1997": "539.60", "NMRF_1997": "102.50", "ATRF_1997": "642.10", "MRF_1998": "412.00", "NMRF_1998": "27.00", "ATRF_1998": "439.00", "MRF_1999": "549.00", "NMRF_1999": "44.30", "ATRF_1999": "593.30", "MRF_2000": "610.00", "NMRF_2000": "76.00", "ATRF_2000": "686.00", "MRF_2001": "477.00", "NMRF_2001": "65.20", "ATRF_2001": "542.20", "MRF_2002": "209.10", "NMRF_2002": "89.00", "ATRF_2002": "298.10", "MRF_2003": "537.00", "NMRF_2003": "35.00", "ATRF_2003": "572.00", "MRF_2004": "677.00", "NMRF_2004": "61.00", "ATRF_2004": "738.00", "MRF_2005": "475.00", "NMRF_2005": "17.00", "ATRF_2005": "492.00", "MRF_2006": "611.00", "NMRF_2006": "41.00", "ATRF_2006": "652.00", "MRF_2007": "565.00", "NMRF_2007": "37.00", "ATRF_2007": "602.00", "MRF_2008": "513.00", "NMRF_2008": "12.00", "ATRF_2008": "525.00", "MRF_2009": "367.00", "NMRF_2009": "83.00", "ATRF_2009": "450.00", "MRF_2010": "Not Available", "NMRF_2010": "Not Available", "ATRF_2010": "Not Available", "AGENCY": "RGWD", "ORIG_FID": "62" }, "geometry": { "type": "Point", "coordinates": [ 75.3767203, 25.7879978 ] } },
{ "type": "Feature", "properties": { "RAINGAUGE": "DESURI", "DISTRICT": "PALI", "LONGITUDE": "73:33:45.767", "LATITUDE": "25:16:47.738", "COUNT": "59.00", "MRF_1984": "444.00", "NMRF_1984": "0.00", "ATRF_1984": "444.00", "MRF_1985": "276.00", "NMRF_1985": "10.00", "ATRF_1985": "286.00", "MRF_1986": "438.00", "NMRF_1986": "24.00", "ATRF_1986": "462.00", "MRF_1987": "159.00", "NMRF_1987": "33.50", "ATRF_1987": "192.50", "MRF_1988": "787.50", "NMRF_1988": "27.50", "ATRF_1988": "815.00", "MRF_1989": "490.00", "NMRF_1989": "10.00", "ATRF_1989": "500.00", "MRF_1990": "1024.30", "NMRF_1990": "108.70", "ATRF_1990": "1133.00", "MRF_1991": "580.00", "NMRF_1991": "47.00", "ATRF_1991": "627.00", "MRF_1992": "845.00", "NMRF_1992": "39.00", "ATRF_1992": "884.00", "MRF_1993": "598.00", "NMRF_1993": "51.00", "ATRF_1993": "649.00", "MRF_1994": "926.60", "NMRF_1994": "21.00", "ATRF_1994": "947.60", "MRF_1995": "850.00", "NMRF_1995": "4.00", "ATRF_1995": "854.00", "MRF_1996": "645.00", "NMRF_1996": "14.00", "ATRF_1996": "659.00", "MRF_1997": "759.00", "NMRF_1997": "61.00", "ATRF_1997": "820.00", "MRF_1998": "333.00", "NMRF_1998": "119.00", "ATRF_1998": "452.00", "MRF_1999": "430.00", "NMRF_1999": "42.00", "ATRF_1999": "472.00", "MRF_2000": "336.70", "NMRF_2000": "35.00", "ATRF_2000": "371.70", "MRF_2001": "646.00", "NMRF_2001": "37.00", "ATRF_2001": "683.00", "MRF_2002": "326.20", "NMRF_2002": "23.00", "ATRF_2002": "349.20", "MRF_2003": "734.00", "NMRF_2003": "51.00", "ATRF_2003": "785.00", "MRF_2004": "480.00", "NMRF_2004": "40.00", "ATRF_2004": "520.00", "MRF_2005": "546.00", "NMRF_2005": "27.00", "ATRF_2005": "573.00", "MRF_2006": "1143.20", "NMRF_2006": "38.00", "ATRF_2006": "1181.20", "MRF_2007": "622.30", "NMRF_2007": "17.00", "ATRF_2007": "639.30", "MRF_2008": "367.00", "NMRF_2008": "17.00", "ATRF_2008": "384.00", "MRF_2009": "417.00", "NMRF_2009": "9.00", "ATRF_2009": "426.00", "MRF_2010": "525.00", "NMRF_2010": "121.00", "ATRF_2010": "646.00", "AGENCY": "RGWD", "ORIG_FID": "63" }, "geometry": { "type": "Point", "coordinates": [ 73.5627131, 25.2799272 ] } },
{ "type": "Feature", "properties": { "RAINGAUGE": "DHARIAWAD", "DISTRICT": "PRATAPGARH", "LONGITUDE": "74:26:19.065", "LATITUDE": "24:06:50.179", "COUNT": "53.00", "MRF_1984": "949.20", "NMRF_1984": "0.00", "ATRF_1984": "949.20", "MRF_1985": "664.40", "NMRF_1985": "122.20", "ATRF_1985": "786.60", "MRF_1986": "865.40", "NMRF_1986": "0.40", "ATRF_1986": "865.80", "MRF_1987": "Not Available", "NMRF_1987": "Not Available", "ATRF_1987": "Not Available", "MRF_1988": "Not Available", "NMRF_1988": "Not Available", "ATRF_1988": "Not Available", "MRF_1989": "Not Available", "NMRF_1989": "Not Available", "ATRF_1989": "Not Available", "MRF_1990": "Not Available", "NMRF_1990": "Not Available", "ATRF_1990": "Not Available", "MRF_1991": "Not Available", "NMRF_1991": "Not Available", "ATRF_1991": "Not Available", "MRF_1992": "Not Available", "NMRF_1992": "Not Available", "ATRF_1992": "Not Available", "MRF_1993": "Not Available", "NMRF_1993": "Not Available", "ATRF_1993": "Not Available", "MRF_1994": "1340.40", "NMRF_1994": "42.00", "ATRF_1994": "1382.40", "MRF_1995": "489.80", "NMRF_1995": "67.80", "ATRF_1995": "557.60", "MRF_1996": "718.60", "NMRF_1996": "0.00", "ATRF_1996": "718.60", "MRF_1997": "748.00", "NMRF_1997": "75.00", "ATRF_1997": "823.00", "MRF_1998": "638.00", "NMRF_1998": "141.00", "ATRF_1998": "779.00", "MRF_1999": "577.00", "NMRF_1999": "26.00", "ATRF_1999": "603.00", "MRF_2000": "464.00", "NMRF_2000": "39.00", "ATRF_2000": "503.00", "MRF_2001": "672.00", "NMRF_2001": "15.00", "ATRF_2001": "687.00", "MRF_2002": "451.00", "NMRF_2002": "0.00", "ATRF_2002": "451.00", "MRF_2003": "736.00", "NMRF_2003": "64.00", "ATRF_2003": "800.00", "MRF_2004": "903.00", "NMRF_2004": "86.00", "ATRF_2004": "989.00", "MRF_2005": "828.00", "NMRF_2005": "0.00", "ATRF_2005": "828.00", "MRF_2006": "1295.00", "NMRF_2006": "0.00", "ATRF_2006": "1295.00", "MRF_2007": "735.00", "NMRF_2007": "0.00", "ATRF_2007": "735.00", "MRF_2008": "819.00", "NMRF_2008": "18.00", "ATRF_2008": "837.00", "MRF_2009": "687.00", "NMRF_2009": "0.00", "ATRF_2009": "687.00", "MRF_2010": "633.00", "NMRF_2010": "41.00", "ATRF_2010": "674.00", "AGENCY": "RGWD", "ORIG_FID": "64" }, "geometry": { "type": "Point", "coordinates": [ 74.4386292, 24.1139386 ] } },
{ "type": "Feature", "properties": { "RAINGAUGE": "DHOLPUR", "DISTRICT": "DHOLPUR", "LONGITUDE": "77:53:00.000", "LATITUDE": "26:42:00.000", "COUNT": "59.00", "MRF_1984": "1624.10", "NMRF_1984": "0.00", "ATRF_1984": "1624.10", "MRF_1985": "805.10", "NMRF_1985": "88.20", "ATRF_1985": "893.30", "MRF_1986": "375.40", "NMRF_1986": "79.90", "ATRF_1986": "455.30", "MRF_1987": "306.40", "NMRF_1987": "64.60", "ATRF_1987": "371.00", "MRF_1988": "771.50", "NMRF_1988": "64.00", "ATRF_1988": "835.50", "MRF_1989": "493.00", "NMRF_1989": "18.60", "ATRF_1989": "511.60", "MRF_1990": "835.30", "NMRF_1990": "0.00", "ATRF_1990": "835.30", "MRF_1991": "297.60", "NMRF_1991": "30.70", "ATRF_1991": "328.30", "MRF_1992": "642.20", "NMRF_1992": "152.70", "ATRF_1992": "794.90", "MRF_1993": "233.00", "NMRF_1993": "21.00", "ATRF_1993": "254.00", "MRF_1994": "581.40", "NMRF_1994": "30.40", "ATRF_1994": "611.80", "MRF_1995": "979.40", "NMRF_1995": "29.40", "ATRF_1995": "1008.80", "MRF_1996": "918.10", "NMRF_1996": "75.10", "ATRF_1996": "993.20", "MRF_1997": "657.30", "NMRF_1997": "187.40", "ATRF_1997": "844.70", "MRF_1998": "877.20", "NMRF_1998": "22.70", "ATRF_1998": "899.90", "MRF_1999": "612.90", "NMRF_1999": "85.20", "ATRF_1999": "698.10", "MRF_2000": "510.00", "NMRF_2000": "24.60", "ATRF_2000": "534.60", "MRF_2001": "331.60", "NMRF_2001": "77.40", "ATRF_2001": "409.00", "MRF_2002": "350.00", "NMRF_2002": "104.20", "ATRF_2002": "454.20", "MRF_2003": "704.90", "NMRF_2003": "48.10", "ATRF_2003": "753.00", "MRF_2004": "601.70", "NMRF_2004": "171.30", "ATRF_2004": "773.00", "MRF_2005": "722.70", "NMRF_2005": "61.40", "ATRF_2005": "784.10", "MRF_2006": "268.00", "NMRF_2006": "32.80", "ATRF_2006": "300.80", "MRF_2007": "527.00", "NMRF_2007": "101.00", "ATRF_2007": "628.00", "MRF_2008": "1274.00", "NMRF_2008": "45.60", "ATRF_2008": "1319.60", "MRF_2009": "368.00", "NMRF_2009": "127.00", "ATRF_2009": "495.00", "MRF_2010": "Not Available", "NMRF_2010": "Not Available", "ATRF_2010": "Not Available", "AGENCY": "RGWD", "ORIG_FID": "65" }, "geometry": { "type": "Point", "coordinates": [ 77.8833333, 26.7 ] } },
{ "type": "Feature", "properties": { "RAINGAUGE": "DHORIMANNA", "DISTRICT": "BARMER", "LONGITUDE": "71:25:20.511", "LATITUDE": "25:13:01.131", "COUNT": "13.00", "MRF_1984": "Not Available", "NMRF_1984": "Not Available", "ATRF_1984": "Not Available", "MRF_1985": "Not Available", "NMRF_1985": "Not Available", "ATRF_1985": "Not Available", "MRF_1986": "Not Available", "NMRF_1986": "Not Available", "ATRF_1986": "Not Available", "MRF_1987": "22.00", "NMRF_1987": "11.60", "ATRF_1987": "33.60", "MRF_1988": "282.50", "NMRF_1988": "27.00", "ATRF_1988": "309.50", "MRF_1989": "290.00", "NMRF_1989": "0.00", "ATRF_1989": "290.00", "MRF_1990": "1059.80", "NMRF_1990": "0.00", "ATRF_1990": "1059.80", "MRF_1991": "141.10", "NMRF_1991": "0.00", "ATRF_1991": "141.10", "MRF_1992": "306.00", "NMRF_1992": "36.00", "ATRF_1992": "342.00", "MRF_1993": "462.00", "NMRF_1993": "30.00", "ATRF_1993": "492.00", "MRF_1994": "Not Available", "NMRF_1994": "Not Available", "ATRF_1994": "Not Available", "MRF_1995": "Not Available", "NMRF_1995": "Not Available", "ATRF_1995": "Not Available", "MRF_1996": "Not Available", "NMRF_1996": "Not Available", "ATRF_1996": "Not Available", "MRF_1997": "Not Available", "NMRF_1997": "Not Available", "ATRF_1997": "Not Available", "MRF_1998": "Not Available", "NMRF_1998": "Not Available", "ATRF_1998": "Not Available", "MRF_1999": "Not Available", "NMRF_1999": "Not Available", "ATRF_1999": "Not Available", "MRF_2000": "Not Available", "NMRF_2000": "Not Available", "ATRF_2000": "Not Available", "MRF_2001": "Not Available", "NMRF_2001": "Not Available", "ATRF_2001": "Not Available", "MRF_2002": "Not Available", "NMRF_2002": "Not Available", "ATRF_2002": "Not Available", "MRF_2003": "467.00", "NMRF_2003": "0.00", "ATRF_2003": "467.00", "MRF_2004": "96.00", "NMRF_2004": "0.00", "ATRF_2004": "96.00", "MRF_2005": "130.00", "NMRF_2005": "2.00", "ATRF_2005": "132.00", "MRF_2006": "643.00", "NMRF_2006": "46.50", "ATRF_2006": "689.50", "MRF_2007": "Not Available", "NMRF_2007": "Not Available", "ATRF_2007": "Not Available", "MRF_2008": "Not Available", "NMRF_2008": "Not Available", "ATRF_2008": "Not Available", "MRF_2009": "312.00", "NMRF_2009": "2.00", "ATRF_2009": "314.00", "MRF_2010": "Not Available", "NMRF_2010": "Not Available", "ATRF_2010": "Not Available", "AGENCY": "RGWD", "ORIG_FID": "66" }, "geometry": { "type": "Point", "coordinates": [ 71.4223642, 25.2169808 ] } },
{ "type": "Feature", "properties": { "RAINGAUGE": "DIDWANA", "DISTRICT": "NAGAUR", "LONGITUDE": "74:35:00.000", "LATITUDE": "27:24:00.000", "COUNT": "57.00", "MRF_1984": "128.00", "NMRF_1984": "13.00", "ATRF_1984": "141.00", "MRF_1985": "158.00", "NMRF_1985": "13.00", "ATRF_1985": "171.00", "MRF_1986": "153.00", "NMRF_1986": "7.00", "ATRF_1986": "160.00", "MRF_1987": "160.00", "NMRF_1987": "61.00", "ATRF_1987": "221.00", "MRF_1988": "238.00", "NMRF_1988": "16.00", "ATRF_1988": "254.00", "MRF_1989": "134.00", "NMRF_1989": "0.00", "ATRF_1989": "134.00", "MRF_1990": "106.90", "NMRF_1990": "57.00", "ATRF_1990": "163.90", "MRF_1991": "170.00", "NMRF_1991": "18.00", "ATRF_1991": "188.00", "MRF_1992": "255.00", "NMRF_1992": "28.00", "ATRF_1992": "283.00", "MRF_1993": "138.00", "NMRF_1993": "12.00", "ATRF_1993": "150.00", "MRF_1994": "256.00", "NMRF_1994": "34.00", "ATRF_1994": "290.00", "MRF_1995": "442.00", "NMRF_1995": "16.00", "ATRF_1995": "458.00", "MRF_1996": "653.00", "NMRF_1996": "39.00", "ATRF_1996": "692.00", "MRF_1997": "411.00", "NMRF_1997": "166.00", "ATRF_1997": "577.00", "MRF_1998": "227.00", "NMRF_1998": "82.00", "ATRF_1998": "309.00", "MRF_1999": "149.00", "NMRF_1999": "20.00", "ATRF_1999": "169.00", "MRF_2000": "365.00", "NMRF_2000": "25.00", "ATRF_2000": "390.00", "MRF_2001": "227.00", "NMRF_2001": "102.00", "ATRF_2001": "329.00", "MRF_2002": "86.00", "NMRF_2002": "12.00", "ATRF_2002": "98.00", "MRF_2003": "537.00", "NMRF_2003": "29.00", "ATRF_2003": "566.00", "MRF_2004": "247.00", "NMRF_2004": "63.00", "ATRF_2004": "310.00", "MRF_2005": "330.00", "NMRF_2005": "28.00", "ATRF_2005": "358.00", "MRF_2006": "371.00", "NMRF_2006": "51.00", "ATRF_2006": "422.00", "MRF_2007": "101.00", "NMRF_2007": "73.00", "ATRF_2007": "174.00", "MRF_2008": "348.00", "NMRF_2008": "66.00", "ATRF_2008": "414.00", "MRF_2009": "Not Available", "NMRF_2009": "Not Available", "ATRF_2009": "Not Available", "MRF_2010": "592.00", "NMRF_2010": "10.00", "ATRF_2010": "602.00", "AGENCY": "RGWD", "ORIG_FID": "67" }, "geometry": { "type": "Point", "coordinates": [ 74.5833333, 27.4 ] } },
{ "type": "Feature", "properties": { "RAINGAUGE": "DIGOD", "DISTRICT": "KOTA", "LONGITUDE": "76:05:00.000", "LATITUDE": "25:08:00.000", "COUNT": "60.00", "MRF_1984": "362.00", "NMRF_1984": "17.00", "ATRF_1984": "379.00", "MRF_1985": "391.00", "NMRF_1985": "116.00", "ATRF_1985": "507.00", "MRF_1986": "1139.00", "NMRF_1986": "104.00", "ATRF_1986": "1243.00", "MRF_1987": "377.90", "NMRF_1987": "141.00", "ATRF_1987": "518.90", "MRF_1988": "581.00", "NMRF_1988": "53.00", "ATRF_1988": "634.00", "MRF_1989": "552.00", "NMRF_1989": "19.00", "ATRF_1989": "571.00", "MRF_1990": "828.00", "NMRF_1990": "62.00", "ATRF_1990": "890.00", "MRF_1991": "800.00", "NMRF_1991": "31.00", "ATRF_1991": "831.00", "MRF_1992": "571.00", "NMRF_1992": "197.00", "ATRF_1992": "768.00", "MRF_1993": "805.00", "NMRF_1993": "118.00", "ATRF_1993": "923.00", "MRF_1994": "1050.00", "NMRF_1994": "25.00", "ATRF_1994": "1075.00", "MRF_1995": "737.00", "NMRF_1995": "77.50", "ATRF_1995": "814.50", "MRF_1996": "1032.40", "NMRF_1996": "3.00", "ATRF_1996": "1035.40", "MRF_1997": "989.80", "NMRF_1997": "167.20", "ATRF_1997": "1157.00", "MRF_1998": "634.00", "NMRF_1998": "44.00", "ATRF_1998": "678.00", "MRF_1999": "1055.00", "NMRF_1999": "19.00", "ATRF_1999": "1074.00", "MRF_2000": "826.00", "NMRF_2000": "122.00", "ATRF_2000": "948.00", "MRF_2001": "808.00", "NMRF_2001": "48.00", "ATRF_2001": "856.00", "MRF_2002": "315.00", "NMRF_2002": "67.00", "ATRF_2002": "382.00", "MRF_2003": "493.10", "NMRF_2003": "32.00", "ATRF_2003": "525.10", "MRF_2004": "830.80", "NMRF_2004": "9.20", "ATRF_2004": "840.00", "MRF_2005": "574.00", "NMRF_2005": "23.00", "ATRF_2005": "597.00", "MRF_2006": "1049.00", "NMRF_2006": "9.00", "ATRF_2006": "1058.00", "MRF_2007": "631.00", "NMRF_2007": "40.00", "ATRF_2007": "671.00", "MRF_2008": "971.00", "NMRF_2008": "49.00", "ATRF_2008": "1020.00", "MRF_2009": "693.00", "NMRF_2009": "103.00", "ATRF_2009": "796.00", "MRF_2010": "554.50", "NMRF_2010": "84.00", "ATRF_2010": "638.50", "AGENCY": "RGWD", "ORIG_FID": "68" }, "geometry": { "type": "Point", "coordinates": [ 76.0833333, 25.1333333 ] } },
{ "type": "Feature", "properties": { "RAINGAUGE": "DUDU", "DISTRICT": "JAIPUR", "LONGITUDE": "75:14:00.000", "LATITUDE": "26:41:00.000", "COUNT": "56.00", "MRF_1984": "280.00", "NMRF_1984": "0.00", "ATRF_1984": "280.00", "MRF_1985": "197.50", "NMRF_1985": "41.50", "ATRF_1985": "239.00", "MRF_1986": "291.60", "NMRF_1986": "92.60", "ATRF_1986": "384.20", "MRF_1987": "284.00", "NMRF_1987": "126.80", "ATRF_1987": "410.80", "MRF_1988": "415.60", "NMRF_1988": "0.00", "ATRF_1988": "415.60", "MRF_1989": "292.90", "NMRF_1989": "0.00", "ATRF_1989": "292.90", "MRF_1990": "338.50", "NMRF_1990": "49.00", "ATRF_1990": "387.50", "MRF_1991": "428.90", "NMRF_1991": "69.80", "ATRF_1991": "498.70", "MRF_1992": "466.90", "NMRF_1992": "42.00", "ATRF_1992": "508.90", "MRF_1993": "330.50", "NMRF_1993": "25.50", "ATRF_1993": "356.00", "MRF_1994": "366.20", "NMRF_1994": "28.00", "ATRF_1994": "394.20", "MRF_1995": "840.20", "NMRF_1995": "0.00", "ATRF_1995": "840.20", "MRF_1996": "734.80", "NMRF_1996": "38.70", "ATRF_1996": "773.50", "MRF_1997": "525.50", "NMRF_1997": "175.50", "ATRF_1997": "701.00", "MRF_1998": "330.40", "NMRF_1998": "62.70", "ATRF_1998": "393.10", "MRF_1999": "497.30", "NMRF_1999": "43.60", "ATRF_1999": "540.90", "MRF_2000": "145.60", "NMRF_2000": "25.50", "ATRF_2000": "171.10", "MRF_2001": "400.40", "NMRF_2001": "86.70", "ATRF_2001": "487.10", "MRF_2002": "134.00", "NMRF_2002": "57.20", "ATRF_2002": "191.20", "MRF_2003": "444.20", "NMRF_2003": "25.00", "ATRF_2003": "469.20", "MRF_2004": "446.00", "NMRF_2004": "72.00", "ATRF_2004": "518.00", "MRF_2005": "344.00", "NMRF_2005": "0.00", "ATRF_2005": "344.00", "MRF_2006": "287.00", "NMRF_2006": "0.00", "ATRF_2006": "287.00", "MRF_2007": "334.80", "NMRF_2007": "58.00", "ATRF_2007": "392.80", "MRF_2008": "493.00", "NMRF_2008": "51.00", "ATRF_2008": "544.00", "MRF_2009": "237.00", "NMRF_2009": "39.00", "ATRF_2009": "276.00", "MRF_2010": "504.00", "NMRF_2010": "123.00", "ATRF_2010": "627.00", "AGENCY": "RGWD", "ORIG_FID": "69" }, "geometry": { "type": "Point", "coordinates": [ 75.2333333, 26.6833333 ] } },
{ "type": "Feature", "properties": { "RAINGAUGE": "DUG", "DISTRICT": "JHALAWAR", "LONGITUDE": "75:50:00.000", "LATITUDE": "23:56:00.000", "COUNT": "58.00", "MRF_1984": "764.80", "NMRF_1984": "27.80", "ATRF_1984": "792.60", "MRF_1985": "707.60", "NMRF_1985": "139.00", "ATRF_1985": "846.60", "MRF_1986": "1102.30", "NMRF_1986": "36.70", "ATRF_1986": "1139.00", "MRF_1987": "627.70", "NMRF_1987": "174.80", "ATRF_1987": "802.50", "MRF_1988": "660.00", "NMRF_1988": "99.50", "ATRF_1988": "759.50", "MRF_1989": "648.00", "NMRF_1989": "5.00", "ATRF_1989": "653.00", "MRF_1990": "750.70", "NMRF_1990": "12.40", "ATRF_1990": "763.10", "MRF_1991": "639.20", "NMRF_1991": "15.60", "ATRF_1991": "654.80", "MRF_1992": "304.10", "NMRF_1992": "89.10", "ATRF_1992": "393.20", "MRF_1993": "659.20", "NMRF_1993": "10.20", "ATRF_1993": "669.40", "MRF_1994": "845.20", "NMRF_1994": "21.00", "ATRF_1994": "866.20", "MRF_1995": "836.40", "NMRF_1995": "85.40", "ATRF_1995": "921.80", "MRF_1996": "905.30", "NMRF_1996": "33.10", "ATRF_1996": "938.40", "MRF_1997": "786.70", "NMRF_1997": "238.20", "ATRF_1997": "1024.90", "MRF_1998": "378.70", "NMRF_1998": "0.00", "ATRF_1998": "378.70", "MRF_1999": "1053.00", "NMRF_1999": "18.00", "ATRF_1999": "1071.00", "MRF_2000": "516.00", "NMRF_2000": "95.00", "ATRF_2000": "611.00", "MRF_2001": "668.00", "NMRF_2001": "21.00", "ATRF_2001": "689.00", "MRF_2002": "488.00", "NMRF_2002": "34.00", "ATRF_2002": "522.00", "MRF_2003": "515.00", "NMRF_2003": "0.00", "ATRF_2003": "515.00", "MRF_2004": "993.00", "NMRF_2004": "65.00", "ATRF_2004": "1058.00", "MRF_2005": "480.00", "NMRF_2005": "14.00", "ATRF_2005": "494.00", "MRF_2006": "1129.00", "NMRF_2006": "22.00", "ATRF_2006": "1151.00", "MRF_2007": "912.00", "NMRF_2007": "11.00", "ATRF_2007": "923.00", "MRF_2008": "616.00", "NMRF_2008": "6.00", "ATRF_2008": "622.00", "MRF_2009": "802.00", "NMRF_2009": "114.00", "ATRF_2009": "916.00", "MRF_2010": "518.00", "NMRF_2010": "41.00", "ATRF_2010": "559.00", "AGENCY": "RGWD", "ORIG_FID": "70" }, "geometry": { "type": "Point", "coordinates": [ 75.8333333, 23.9333333 ] } },
{ "type": "Feature", "properties": { "RAINGAUGE": "DUNGARGARH", "DISTRICT": "BIKANER", "LONGITUDE": "73:59:27.804", "LATITUDE": "28:07:53.337", "COUNT": "45.00", "MRF_1984": "Not Available", "NMRF_1984": "Not Available", "ATRF_1984": "Not Available", "MRF_1985": "Not Available", "NMRF_1985": "Not Available", "ATRF_1985": "Not Available", "MRF_1986": "Not Available", "NMRF_1986": "Not Available", "ATRF_1986": "Not Available", "MRF_1987": "Not Available", "NMRF_1987": "Not Available", "ATRF_1987": "Not Available", "MRF_1988": "Not Available", "NMRF_1988": "Not Available", "ATRF_1988": "Not Available", "MRF_1989": "Not Available", "NMRF_1989": "Not Available", "ATRF_1989": "Not Available", "MRF_1990": "Not Available", "NMRF_1990": "Not Available", "ATRF_1990": "Not Available", "MRF_1991": "Not Available", "NMRF_1991": "Not Available", "ATRF_1991": "Not Available", "MRF_1992": "Not Available", "NMRF_1992": "Not Available", "ATRF_1992": "Not Available", "MRF_1993": "Not Available", "NMRF_1993": "Not Available", "ATRF_1993": "Not Available", "MRF_1994": "201.00", "NMRF_1994": "33.00", "ATRF_1994": "234.00", "MRF_1995": "385.00", "NMRF_1995": "60.00", "ATRF_1995": "445.00", "MRF_1996": "Not Available", "NMRF_1996": "Not Available", "ATRF_1996": "Not Available", "MRF_1997": "345.00", "NMRF_1997": "216.00", "ATRF_1997": "561.00", "MRF_1998": "238.00", "NMRF_1998": "110.00", "ATRF_1998": "348.00", "MRF_1999": "223.00", "NMRF_1999": "79.00", "ATRF_1999": "302.00", "MRF_2000": "247.00", "NMRF_2000": "32.00", "ATRF_2000": "279.00", "MRF_2001": "131.00", "NMRF_2001": "110.00", "ATRF_2001": "241.00", "MRF_2002": "56.00", "NMRF_2002": "26.00", "ATRF_2002": "82.00", "MRF_2003": "410.00", "NMRF_2003": "32.00", "ATRF_2003": "442.00", "MRF_2004": "99.00", "NMRF_2004": "15.00", "ATRF_2004": "114.00", "MRF_2005": "356.00", "NMRF_2005": "76.00", "ATRF_2005": "432.00", "MRF_2006": "127.00", "NMRF_2006": "81.00", "ATRF_2006": "208.00", "MRF_2007": "138.00", "NMRF_2007": "97.00", "ATRF_2007": "235.00", "MRF_2008": "231.00", "NMRF_2008": "103.00", "ATRF_2008": "334.00", "MRF_2009": "118.00", "NMRF_2009": "81.00", "ATRF_2009": "199.00", "MRF_2010": "389.00", "NMRF_2010": "28.00", "ATRF_2010": "417.00", "AGENCY": "RGWD", "ORIG_FID": "71" }, "geometry": { "type": "Point", "coordinates": [ 73.9910567, 28.1314825 ] } },
{ "type": "Feature", "properties": { "RAINGAUGE": "DUNGARPUR", "DISTRICT": "DUNGARPUR", "LONGITUDE": "73:43:06.540", "LATITUDE": "23:50:58.556", "COUNT": "58.00", "MRF_1984": "779.80", "NMRF_1984": "0.00", "ATRF_1984": "779.80", "MRF_1985": "274.90", "NMRF_1985": "126.50", "ATRF_1985": "401.40", "MRF_1986": "466.60", "NMRF_1986": "40.80", "ATRF_1986": "507.40", "MRF_1987": "501.80", "NMRF_1987": "57.00", "ATRF_1987": "558.80", "MRF_1988": "707.80", "NMRF_1988": "0.00", "ATRF_1988": "707.80", "MRF_1989": "657.30", "NMRF_1989": "0.00", "ATRF_1989": "657.30", "MRF_1990": "862.90", "NMRF_1990": "49.50", "ATRF_1990": "912.40", "MRF_1991": "583.80", "NMRF_1991": "0.00", "ATRF_1991": "583.80", "MRF_1992": "626.50", "NMRF_1992": "23.30", "ATRF_1992": "649.80", "MRF_1993": "626.50", "NMRF_1993": "23.30", "ATRF_1993": "649.80", "MRF_1994": "1228.10", "NMRF_1994": "11.80", "ATRF_1994": "1239.90", "MRF_1995": "467.70", "NMRF_1995": "28.00", "ATRF_1995": "495.70", "MRF_1996": "Not Available", "NMRF_1996": "Not Available", "ATRF_1996": "Not Available", "MRF_1997": "735.00", "NMRF_1997": "18.00", "ATRF_1997": "753.00", "MRF_1998": "671.00", "NMRF_1998": "43.50", "ATRF_1998": "714.50", "MRF_1999": "314.00", "NMRF_1999": "74.00", "ATRF_1999": "388.00", "MRF_2000": "485.00", "NMRF_2000": "0.00", "ATRF_2000": "485.00", "MRF_2001": "789.00", "NMRF_2001": "2.00", "ATRF_2001": "791.00", "MRF_2002": "361.00", "NMRF_2002": "8.00", "ATRF_2002": "369.00", "MRF_2003": "658.00", "NMRF_2003": "50.00", "ATRF_2003": "708.00", "MRF_2004": "666.00", "NMRF_2004": "9.00", "ATRF_2004": "675.00", "MRF_2005": "572.00", "NMRF_2005": "0.00", "ATRF_2005": "572.00", "MRF_2006": "1611.00", "NMRF_2006": "0.00", "ATRF_2006": "1611.00", "MRF_2007": "545.00", "NMRF_2007": "35.00", "ATRF_2007": "580.00", "MRF_2008": "296.00", "NMRF_2008": "0.00", "ATRF_2008": "296.00", "MRF_2009": "872.00", "NMRF_2009": "42.00", "ATRF_2009": "914.00", "MRF_2010": "678.00", "NMRF_2010": "82.00", "ATRF_2010": "760.00", "AGENCY": "RGWD", "ORIG_FID": "72" }, "geometry": { "type": "Point", "coordinates": [ 73.7184833, 23.8495989 ] } },
{ "type": "Feature", "properties": { "RAINGAUGE": "DUNGLA", "DISTRICT": "CHITTAURGARH", "LONGITUDE": "74:20:00.000", "LATITUDE": "24:31:00.000", "COUNT": "52.00", "MRF_1984": "808.00", "NMRF_1984": "0.00", "ATRF_1984": "808.00", "MRF_1985": "483.90", "NMRF_1985": "109.60", "ATRF_1985": "593.50", "MRF_1986": "525.00", "NMRF_1986": "22.00", "ATRF_1986": "547.00", "MRF_1987": "526.00", "NMRF_1987": "89.00", "ATRF_1987": "615.00", "MRF_1988": "442.00", "NMRF_1988": "9.80", "ATRF_1988": "451.80", "MRF_1989": "807.00", "NMRF_1989": "10.00", "ATRF_1989": "817.00", "MRF_1990": "819.50", "NMRF_1990": "45.50", "ATRF_1990": "865.00", "MRF_1991": "603.00", "NMRF_1991": "8.00", "ATRF_1991": "611.00", "MRF_1992": "884.00", "NMRF_1992": "29.50", "ATRF_1992": "913.50", "MRF_1993": "615.00", "NMRF_1993": "60.00", "ATRF_1993": "675.00", "MRF_1994": "1042.00", "NMRF_1994": "9.00", "ATRF_1994": "1051.00", "MRF_1995": "Not Available", "NMRF_1995": "Not Available", "ATRF_1995": "Not Available", "MRF_1996": "Not Available", "NMRF_1996": "Not Available", "ATRF_1996": "Not Available", "MRF_1997": "510.00", "NMRF_1997": "146.00", "ATRF_1997": "656.00", "MRF_1998": "436.00", "NMRF_1998": "72.00", "ATRF_1998": "508.00", "MRF_1999": "389.30", "NMRF_1999": "60.00", "ATRF_1999": "449.30", "MRF_2000": "393.00", "NMRF_2000": "47.00", "ATRF_2000": "440.00", "MRF_2001": "546.00", "NMRF_2001": "0.00", "ATRF_2001": "546.00", "MRF_2002": "331.00", "NMRF_2002": "18.00", "ATRF_2002": "349.00", "MRF_2003": "560.00", "NMRF_2003": "53.30", "ATRF_2003": "613.30", "MRF_2004": "767.00", "NMRF_2004": "58.00", "ATRF_2004": "825.00", "MRF_2005": "812.00", "NMRF_2005": "14.00", "ATRF_2005": "826.00", "MRF_2006": "1045.00", "NMRF_2006": "8.00", "ATRF_2006": "1053.00", "MRF_2007": "505.00", "NMRF_2007": "27.00", "ATRF_2007": "532.00", "MRF_2008": "889.00", "NMRF_2008": "38.00", "ATRF_2008": "927.00", "MRF_2009": "461.00", "NMRF_2009": "42.00", "ATRF_2009": "503.00", "MRF_2010": "626.00", "NMRF_2010": "92.00", "ATRF_2010": "718.00", "AGENCY": "RGWD", "ORIG_FID": "73" }, "geometry": { "type": "Point", "coordinates": [ 74.3333333, 24.5166667 ] } },
{ "type": "Feature", "properties": { "RAINGAUGE": "ETAWA/PIPALADA", "DISTRICT": "KOTA", "LONGITUDE": "76:18:51.505", "LATITUDE": "25:18:15.860", "COUNT": "56.00", "MRF_1984": "413.20", "NMRF_1984": "0.00", "ATRF_1984": "413.20", "MRF_1985": "380.00", "NMRF_1985": "120.00", "ATRF_1985": "500.00", "MRF_1986": "918.00", "NMRF_1986": "104.00", "ATRF_1986": "1022.00", "MRF_1987": "525.00", "NMRF_1987": "135.00", "ATRF_1987": "660.00", "MRF_1988": "636.00", "NMRF_1988": "99.10", "ATRF_1988": "735.10", "MRF_1989": "347.00", "NMRF_1989": "31.00", "ATRF_1989": "378.00", "MRF_1990": "721.00", "NMRF_1990": "30.00", "ATRF_1990": "751.00", "MRF_1991": "992.00", "NMRF_1991": "25.00", "ATRF_1991": "1017.00", "MRF_1992": "614.00", "NMRF_1992": "152.00", "ATRF_1992": "766.00", "MRF_1993": "507.00", "NMRF_1993": "0.00", "ATRF_1993": "507.00", "MRF_1994": "927.00", "NMRF_1994": "39.00", "ATRF_1994": "966.00", "MRF_1995": "736.00", "NMRF_1995": "78.00", "ATRF_1995": "814.00", "MRF_1996": "825.00", "NMRF_1996": "41.00", "ATRF_1996": "866.00", "MRF_1997": "771.00", "NMRF_1997": "155.00", "ATRF_1997": "926.00", "MRF_1998": "686.00", "NMRF_1998": "26.00", "ATRF_1998": "712.00", "MRF_1999": "624.00", "NMRF_1999": "56.00", "ATRF_1999": "680.00", "MRF_2000": "349.80", "NMRF_2000": "110.00", "ATRF_2000": "459.80", "MRF_2001": "732.00", "NMRF_2001": "15.00", "ATRF_2001": "747.00", "MRF_2002": "208.00", "NMRF_2002": "36.00", "ATRF_2002": "244.00", "MRF_2003": "684.00", "NMRF_2003": "18.00", "ATRF_2003": "702.00", "MRF_2004": "640.00", "NMRF_2004": "46.00", "ATRF_2004": "686.00", "MRF_2005": "534.00", "NMRF_2005": "8.00", "ATRF_2005": "542.00", "MRF_2006": "531.00", "NMRF_2006": "44.00", "ATRF_2006": "575.00", "MRF_2007": "522.00", "NMRF_2007": "60.00", "ATRF_2007": "582.00", "MRF_2008": "993.00", "NMRF_2008": "26.00", "ATRF_2008": "1019.00", "MRF_2009": "405.00", "NMRF_2009": "79.00", "ATRF_2009": "484.00", "MRF_2010": "Not Available", "NMRF_2010": "Not Available", "ATRF_2010": "Not Available", "AGENCY": "RGWD", "ORIG_FID": "74" }, "geometry": { "type": "Point", "coordinates": [ 76.3143069, 25.3044056 ] } },
{ "type": "Feature", "properties": { "RAINGAUGE": "FATEHGARH", "DISTRICT": "JAISALMER", "LONGITUDE": "71:11:52.412", "LATITUDE": "26:29:47.250", "COUNT": "49.00", "MRF_1984": "Not Available", "NMRF_1984": "Not Available", "ATRF_1984": "Not Available", "MRF_1985": "Not Available", "NMRF_1985": "Not Available", "ATRF_1985": "Not Available", "MRF_1986": "Not Available", "NMRF_1986": "Not Available", "ATRF_1986": "Not Available", "MRF_1987": "8.00", "NMRF_1987": "33.00", "ATRF_1987": "41.00", "MRF_1988": "77.00", "NMRF_1988": "0.00", "ATRF_1988": "77.00", "MRF_1989": "73.00", "NMRF_1989": "0.00", "ATRF_1989": "73.00", "MRF_1990": "203.00", "NMRF_1990": "0.00", "ATRF_1990": "203.00", "MRF_1991": "81.00", "NMRF_1991": "0.00", "ATRF_1991": "81.00", "MRF_1992": "100.50", "NMRF_1992": "9.80", "ATRF_1992": "110.30", "MRF_1993": "274.00", "NMRF_1993": "0.00", "ATRF_1993": "274.00", "MRF_1994": "287.70", "NMRF_1994": "0.00", "ATRF_1994": "287.70", "MRF_1995": "179.20", "NMRF_1995": "55.00", "ATRF_1995": "234.20", "MRF_1996": "182.00", "NMRF_1996": "29.00", "ATRF_1996": "211.00", "MRF_1997": "109.00", "NMRF_1997": "78.00", "ATRF_1997": "187.00", "MRF_1998": "177.00", "NMRF_1998": "141.00", "ATRF_1998": "318.00", "MRF_1999": "158.00", "NMRF_1999": "75.00", "ATRF_1999": "233.00", "MRF_2000": "367.00", "NMRF_2000": "1.00", "ATRF_2000": "368.00", "MRF_2001": "333.00", "NMRF_2001": "9.00", "ATRF_2001": "342.00", "MRF_2002": "31.50", "NMRF_2002": "13.00", "ATRF_2002": "44.50", "MRF_2003": "304.00", "NMRF_2003": "20.00", "ATRF_2003": "324.00", "MRF_2004": "119.00", "NMRF_2004": "29.00", "ATRF_2004": "148.00", "MRF_2005": "155.00", "NMRF_2005": "35.00", "ATRF_2005": "190.00", "MRF_2006": "429.00", "NMRF_2006": "82.00", "ATRF_2006": "511.00", "MRF_2007": "147.00", "NMRF_2007": "40.00", "ATRF_2007": "187.00", "MRF_2008": "332.00", "NMRF_2008": "15.00", "ATRF_2008": "347.00", "MRF_2009": "97.00", "NMRF_2009": "0.00", "ATRF_2009": "97.00", "MRF_2010": "362.00", "NMRF_2010": "34.00", "ATRF_2010": "396.00", "AGENCY": "RGWD", "ORIG_FID": "75" }, "geometry": { "type": "Point", "coordinates": [ 71.1978922, 26.4964583 ] } },
{ "type": "Feature", "properties": { "RAINGAUGE": "FATEHPUR", "DISTRICT": "SIKAR", "LONGITUDE": "74:58:01.488", "LATITUDE": "27:59:57.830", "COUNT": "59.00", "MRF_1984": "205.00", "NMRF_1984": "9.00", "ATRF_1984": "214.00", "MRF_1985": "209.00", "NMRF_1985": "0.00", "ATRF_1985": "209.00", "MRF_1986": "145.00", "NMRF_1986": "74.00", "ATRF_1986": "219.00", "MRF_1987": "181.00", "NMRF_1987": "113.00", "ATRF_1987": "294.00", "MRF_1988": "439.50", "NMRF_1988": "25.00", "ATRF_1988": "464.50", "MRF_1989": "123.00", "NMRF_1989": "0.00", "ATRF_1989": "123.00", "MRF_1990": "235.00", "NMRF_1990": "30.00", "ATRF_1990": "265.00", "MRF_1991": "217.00", "NMRF_1991": "21.00", "ATRF_1991": "238.00", "MRF_1992": "395.00", "NMRF_1992": "6.00", "ATRF_1992": "401.00", "MRF_1993": "250.00", "NMRF_1993": "5.00", "ATRF_1993": "255.00", "MRF_1994": "278.00", "NMRF_1994": "68.00", "ATRF_1994": "346.00", "MRF_1995": "373.00", "NMRF_1995": "14.00", "ATRF_1995": "387.00", "MRF_1996": "515.00", "NMRF_1996": "76.00", "ATRF_1996": "591.00", "MRF_1997": "375.00", "NMRF_1997": "192.00", "ATRF_1997": "567.00", "MRF_1998": "296.00", "NMRF_1998": "146.00", "ATRF_1998": "442.00", "MRF_1999": "175.00", "NMRF_1999": "24.00", "ATRF_1999": "199.00", "MRF_2000": "405.00", "NMRF_2000": "8.00", "ATRF_2000": "413.00", "MRF_2001": "452.00", "NMRF_2001": "157.00", "ATRF_2001": "609.00", "MRF_2002": "249.00", "NMRF_2002": "75.00", "ATRF_2002": "324.00", "MRF_2003": "449.00", "NMRF_2003": "51.00", "ATRF_2003": "500.00", "MRF_2004": "164.00", "NMRF_2004": "40.00", "ATRF_2004": "204.00", "MRF_2005": "299.00", "NMRF_2005": "113.00", "ATRF_2005": "412.00", "MRF_2006": "169.00", "NMRF_2006": "92.00", "ATRF_2006": "261.00", "MRF_2007": "354.00", "NMRF_2007": "69.00", "ATRF_2007": "423.00", "MRF_2008": "244.00", "NMRF_2008": "79.00", "ATRF_2008": "323.00", "MRF_2009": "213.00", "NMRF_2009": "17.00", "ATRF_2009": "230.00", "MRF_2010": "629.00", "NMRF_2010": "44.00", "ATRF_2010": "673.00", "AGENCY": "RGWD", "ORIG_FID": "76" }, "geometry": { "type": "Point", "coordinates": [ 74.96708, 27.9993972 ] } },
{ "type": "Feature", "properties": { "RAINGAUGE": "GANGANAGAR", "DISTRICT": "GANGANAGAR", "LONGITUDE": "73:52:27.994", "LATITUDE": "29:55:35.145", "COUNT": "59.00", "MRF_1984": "307.00", "NMRF_1984": "50.00", "ATRF_1984": "357.00", "MRF_1985": "246.50", "NMRF_1985": "41.00", "ATRF_1985": "287.50", "MRF_1986": "84.50", "NMRF_1986": "52.00", "ATRF_1986": "136.50", "MRF_1987": "84.50", "NMRF_1987": "115.00", "ATRF_1987": "199.50", "MRF_1988": "167.00", "NMRF_1988": "31.00", "ATRF_1988": "198.00", "MRF_1989": "217.00", "NMRF_1989": "20.00", "ATRF_1989": "237.00", "MRF_1990": "223.00", "NMRF_1990": "62.00", "ATRF_1990": "285.00", "MRF_1991": "179.00", "NMRF_1991": "51.00", "ATRF_1991": "230.00", "MRF_1992": "319.00", "NMRF_1992": "35.00", "ATRF_1992": "354.00", "MRF_1993": "171.50", "NMRF_1993": "20.00", "ATRF_1993": "191.50", "MRF_1994": "317.20", "NMRF_1994": "24.00", "ATRF_1994": "341.20", "MRF_1995": "242.20", "NMRF_1995": "30.80", "ATRF_1995": "273.00", "MRF_1996": "204.00", "NMRF_1996": "57.00", "ATRF_1996": "261.00", "MRF_1997": "368.00", "NMRF_1997": "200.00", "ATRF_1997": "568.00", "MRF_1998": "224.50", "NMRF_1998": "60.00", "ATRF_1998": "284.50", "MRF_1999": "178.00", "NMRF_1999": "71.00", "ATRF_1999": "249.00", "MRF_2000": "86.00", "NMRF_2000": "0.00", "ATRF_2000": "86.00", "MRF_2001": "231.00", "NMRF_2001": "74.00", "ATRF_2001": "305.00", "MRF_2002": "52.00", "NMRF_2002": "46.00", "ATRF_2002": "98.00", "MRF_2003": "364.50", "NMRF_2003": "55.00", "ATRF_2003": "419.50", "MRF_2004": "110.00", "NMRF_2004": "68.00", "ATRF_2004": "178.00", "MRF_2005": "68.00", "NMRF_2005": "123.00", "ATRF_2005": "191.00", "MRF_2006": "183.00", "NMRF_2006": "36.00", "ATRF_2006": "219.00", "MRF_2007": "376.00", "NMRF_2007": "103.00", "ATRF_2007": "479.00", "MRF_2008": "258.00", "NMRF_2008": "34.00", "ATRF_2008": "292.00", "MRF_2009": "183.00", "NMRF_2009": "66.00", "ATRF_2009": "249.00", "MRF_2010": "351.00", "NMRF_2010": "15.00", "ATRF_2010": "366.00", "AGENCY": "RGWD", "ORIG_FID": "77" }, "geometry": { "type": "Point", "coordinates": [ 73.8744428, 29.9264292 ] } },
{ "type": "Feature", "properties": { "RAINGAUGE": "GANGAPUR", "DISTRICT": "SAWAI MADHOPUR", "LONGITUDE": "76:44:00.000", "LATITUDE": "26:29:00.000", "COUNT": "58.00", "MRF_1984": "416.40", "NMRF_1984": "0.00", "ATRF_1984": "416.40", "MRF_1985": "443.00", "NMRF_1985": "83.00", "ATRF_1985": "526.00", "MRF_1986": "348.00", "NMRF_1986": "78.00", "ATRF_1986": "426.00", "MRF_1987": "274.20", "NMRF_1987": "62.60", "ATRF_1987": "336.80", "MRF_1988": "549.30", "NMRF_1988": "57.00", "ATRF_1988": "606.30", "MRF_1989": "206.30", "NMRF_1989": "25.30", "ATRF_1989": "231.60", "MRF_1990": "400.00", "NMRF_1990": "29.00", "ATRF_1990": "429.00", "MRF_1991": "454.50", "NMRF_1991": "21.50", "ATRF_1991": "476.00", "MRF_1992": "943.80", "NMRF_1992": "112.00", "ATRF_1992": "1055.80", "MRF_1993": "397.00", "NMRF_1993": "39.00", "ATRF_1993": "436.00", "MRF_1994": "581.30", "NMRF_1994": "7.00", "ATRF_1994": "588.30", "MRF_1995": "1086.00", "NMRF_1995": "0.00", "ATRF_1995": "1086.00", "MRF_1996": "784.00", "NMRF_1996": "22.00", "ATRF_1996": "806.00", "MRF_1997": "517.00", "NMRF_1997": "148.00", "ATRF_1997": "665.00", "MRF_1998": "866.00", "NMRF_1998": "59.00", "ATRF_1998": "925.00", "MRF_1999": "652.00", "NMRF_1999": "135.00", "ATRF_1999": "787.00", "MRF_2000": "430.00", "NMRF_2000": "56.00", "ATRF_2000": "486.00", "MRF_2001": "491.00", "NMRF_2001": "62.00", "ATRF_2001": "553.00", "MRF_2002": "182.00", "NMRF_2002": "61.00", "ATRF_2002": "243.00", "MRF_2003": "918.00", "NMRF_2003": "18.00", "ATRF_2003": "936.00", "MRF_2004": "680.00", "NMRF_2004": "18.50", "ATRF_2004": "698.50", "MRF_2005": "697.00", "NMRF_2005": "20.00", "ATRF_2005": "717.00", "MRF_2006": "456.00", "NMRF_2006": "16.00", "ATRF_2006": "472.00", "MRF_2007": "475.00", "NMRF_2007": "31.00", "ATRF_2007": "506.00", "MRF_2008": "777.00", "NMRF_2008": "29.00", "ATRF_2008": "806.00", "MRF_2009": "475.00", "NMRF_2009": "188.00", "ATRF_2009": "663.00", "MRF_2010": "710.00", "NMRF_2010": "88.00", "ATRF_2010": "798.00", "AGENCY": "RGWD", "ORIG_FID": "78" }, "geometry": { "type": "Point", "coordinates": [ 76.7333333, 26.4833333 ] } },
{ "type": "Feature", "properties": { "RAINGAUGE": "GANGRAR", "DISTRICT": "CHITTAURGARH", "LONGITUDE": "74:37:00.000", "LATITUDE": "25:03:00.000", "COUNT": "54.00", "MRF_1984": "225.00", "NMRF_1984": "17.40", "ATRF_1984": "242.40", "MRF_1985": "573.10", "NMRF_1985": "115.70", "ATRF_1985": "688.80", "MRF_1986": "624.90", "NMRF_1986": "124.10", "ATRF_1986": "749.00", "MRF_1987": "369.20", "NMRF_1987": "72.60", "ATRF_1987": "441.80", "MRF_1988": "687.20", "NMRF_1988": "6.80", "ATRF_1988": "694.00", "MRF_1989": "906.00", "NMRF_1989": "19.00", "ATRF_1989": "925.00", "MRF_1990": "847.00", "NMRF_1990": "63.00", "ATRF_1990": "910.00", "MRF_1991": "945.00", "NMRF_1991": "15.00", "ATRF_1991": "960.00", "MRF_1992": "740.00", "NMRF_1992": "43.00", "ATRF_1992": "783.00", "MRF_1993": "544.00", "NMRF_1993": "53.00", "ATRF_1993": "597.00", "MRF_1994": "1051.40", "NMRF_1994": "65.00", "ATRF_1994": "1116.40", "MRF_1995": "Not Available", "NMRF_1995": "Not Available", "ATRF_1995": "Not Available", "MRF_1996": "Not Available", "NMRF_1996": "Not Available", "ATRF_1996": "Not Available", "MRF_1997": "830.00", "NMRF_1997": "35.00", "ATRF_1997": "865.00", "MRF_1998": "615.00", "NMRF_1998": "82.00", "ATRF_1998": "697.00", "MRF_1999": "1044.00", "NMRF_1999": "40.00", "ATRF_1999": "1084.00", "MRF_2000": "412.00", "NMRF_2000": "27.00", "ATRF_2000": "439.00", "MRF_2001": "729.00", "NMRF_2001": "39.00", "ATRF_2001": "768.00", "MRF_2002": "331.00", "NMRF_2002": "38.00", "ATRF_2002": "369.00", "MRF_2003": "532.00", "NMRF_2003": "22.00", "ATRF_2003": "554.00", "MRF_2004": "1039.00", "NMRF_2004": "5.00", "ATRF_2004": "1044.00", "MRF_2005": "643.00", "NMRF_2005": "9.00", "ATRF_2005": "652.00", "MRF_2006": "951.00", "NMRF_2006": "26.00", "ATRF_2006": "977.00", "MRF_2007": "570.00", "NMRF_2007": "35.00", "ATRF_2007": "605.00", "MRF_2008": "715.00", "NMRF_2008": "38.00", "ATRF_2008": "753.00", "MRF_2009": "469.00", "NMRF_2009": "36.00", "ATRF_2009": "505.00", "MRF_2010": "470.00", "NMRF_2010": "76.00", "ATRF_2010": "546.00", "AGENCY": "RGWD", "ORIG_FID": "79" }, "geometry": { "type": "Point", "coordinates": [ 74.6166667, 25.05 ] } },
{ "type": "Feature", "properties": { "RAINGAUGE": "GARHI", "DISTRICT": "BANSWARA", "LONGITUDE": "74:08:21.503", "LATITUDE": "23:35:48.483", "COUNT": "55.00", "MRF_1984": "1040.00", "NMRF_1984": "0.00", "ATRF_1984": "1040.00", "MRF_1985": "270.80", "NMRF_1985": "196.00", "ATRF_1985": "466.80", "MRF_1986": "716.00", "NMRF_1986": "11.00", "ATRF_1986": "727.00", "MRF_1987": "748.00", "NMRF_1987": "61.00", "ATRF_1987": "809.00", "MRF_1988": "803.00", "NMRF_1988": "12.00", "ATRF_1988": "815.00", "MRF_1989": "692.00", "NMRF_1989": "0.00", "ATRF_1989": "692.00", "MRF_1990": "964.00", "NMRF_1990": "92.00", "ATRF_1990": "1056.00", "MRF_1991": "719.00", "NMRF_1991": "0.00", "ATRF_1991": "719.00", "MRF_1992": "498.00", "NMRF_1992": "141.00", "ATRF_1992": "639.00", "MRF_1993": "604.00", "NMRF_1993": "21.00", "ATRF_1993": "625.00", "MRF_1994": "1071.00", "NMRF_1994": "7.00", "ATRF_1994": "1078.00", "MRF_1995": "740.00", "NMRF_1995": "54.00", "ATRF_1995": "794.00", "MRF_1996": "Not Available", "NMRF_1996": "Not Available", "ATRF_1996": "Not Available", "MRF_1997": "746.00", "NMRF_1997": "87.00", "ATRF_1997": "833.00", "MRF_1998": "977.00", "NMRF_1998": "45.00", "ATRF_1998": "1022.00", "MRF_1999": "740.00", "NMRF_1999": "20.00", "ATRF_1999": "760.00", "MRF_2000": "621.00", "NMRF_2000": "72.00", "ATRF_2000": "693.00", "MRF_2001": "718.00", "NMRF_2001": "1.00", "ATRF_2001": "719.00", "MRF_2002": "425.00", "NMRF_2002": "3.00", "ATRF_2002": "428.00", "MRF_2003": "660.00", "NMRF_2003": "11.00", "ATRF_2003": "671.00", "MRF_2004": "1057.00", "NMRF_2004": "11.00", "ATRF_2004": "1068.00", "MRF_2005": "592.00", "NMRF_2005": "5.00", "ATRF_2005": "597.00", "MRF_2006": "1802.00", "NMRF_2006": "0.00", "ATRF_2006": "1802.00", "MRF_2007": "1234.00", "NMRF_2007": "21.00", "ATRF_2007": "1255.00", "MRF_2008": "484.00", "NMRF_2008": "47.00", "ATRF_2008": "531.00", "MRF_2009": "897.00", "NMRF_2009": "43.00", "ATRF_2009": "940.00", "MRF_2010": "508.00", "NMRF_2010": "15.00", "ATRF_2010": "523.00", "AGENCY": "RGWD", "ORIG_FID": "80" }, "geometry": { "type": "Point", "coordinates": [ 74.1393064, 23.5968008 ] } },
{ "type": "Feature", "properties": { "RAINGAUGE": "GHATOL", "DISTRICT": "BANSWARA", "LONGITUDE": "74:25:00.000", "LATITUDE": "23:45:00.000", "COUNT": "54.00", "MRF_1984": "1074.00", "NMRF_1984": "0.00", "ATRF_1984": "1074.00", "MRF_1985": "339.00", "NMRF_1985": "197.00", "ATRF_1985": "536.00", "MRF_1986": "926.00", "NMRF_1986": "0.00", "ATRF_1986": "926.00", "MRF_1987": "933.70", "NMRF_1987": "45.00", "ATRF_1987": "978.70", "MRF_1988": "741.20", "NMRF_1988": "19.00", "ATRF_1988": "760.20", "MRF_1989": "811.00", "NMRF_1989": "18.00", "ATRF_1989": "829.00", "MRF_1990": "1296.00", "NMRF_1990": "76.00", "ATRF_1990": "1372.00", "MRF_1991": "922.40", "NMRF_1991": "9.00", "ATRF_1991": "931.40", "MRF_1992": "625.00", "NMRF_1992": "74.00", "ATRF_1992": "699.00", "MRF_1993": "865.00", "NMRF_1993": "25.00", "ATRF_1993": "890.00", "MRF_1994": "1294.00", "NMRF_1994": "19.00", "ATRF_1994": "1313.00", "MRF_1995": "570.00", "NMRF_1995": "91.00", "ATRF_1995": "661.00", "MRF_1996": "Not Available", "NMRF_1996": "Not Available", "ATRF_1996": "Not Available", "MRF_1997": "707.00", "NMRF_1997": "82.00", "ATRF_1997": "789.00", "MRF_1998": "709.00", "NMRF_1998": "64.00", "ATRF_1998": "773.00", "MRF_1999": "647.00", "NMRF_1999": "26.00", "ATRF_1999": "673.00", "MRF_2000": "442.00", "NMRF_2000": "8.00", "ATRF_2000": "450.00", "MRF_2001": "770.00", "NMRF_2001": "13.00", "ATRF_2001": "783.00", "MRF_2002": "551.00", "NMRF_2002": "5.00", "ATRF_2002": "556.00", "MRF_2003": "700.00", "NMRF_2003": "22.00", "ATRF_2003": "722.00", "MRF_2004": "1069.00", "NMRF_2004": "19.00", "ATRF_2004": "1088.00", "MRF_2005": "733.00", "NMRF_2005": "13.00", "ATRF_2005": "746.00", "MRF_2006": "1802.00", "NMRF_2006": "0.00", "ATRF_2006": "1802.00", "MRF_2007": "993.00", "NMRF_2007": "5.00", "ATRF_2007": "998.00", "MRF_2008": "676.00", "NMRF_2008": "23.00", "ATRF_2008": "699.00", "MRF_2009": "721.00", "NMRF_2009": "29.00", "ATRF_2009": "750.00", "MRF_2010": "620.00", "NMRF_2010": "9.00", "ATRF_2010": "629.00", "AGENCY": "RGWD", "ORIG_FID": "81" }, "geometry": { "type": "Point", "coordinates": [ 74.4166667, 23.75 ] } },
{ "type": "Feature", "properties": { "RAINGAUGE": "GIRWA/BADGAON", "DISTRICT": "UDAIPUR", "LONGITUDE": "73:42:03.372", "LATITUDE": "24:34:23.089", "COUNT": "55.00", "MRF_1984": "549.00", "NMRF_1984": "0.00", "ATRF_1984": "549.00", "MRF_1985": "471.20", "NMRF_1985": "165.80", "ATRF_1985": "637.00", "MRF_1986": "292.20", "NMRF_1986": "7.00", "ATRF_1986": "299.20", "MRF_1987": "159.00", "NMRF_1987": "41.00", "ATRF_1987": "200.00", "MRF_1988": "478.00", "NMRF_1988": "26.00", "ATRF_1988": "504.00", "MRF_1989": "748.80", "NMRF_1989": "5.00", "ATRF_1989": "753.80", "MRF_1990": "781.00", "NMRF_1990": "74.00", "ATRF_1990": "855.00", "MRF_1991": "470.00", "NMRF_1991": "43.00", "ATRF_1991": "513.00", "MRF_1992": "823.00", "NMRF_1992": "45.00", "ATRF_1992": "868.00", "MRF_1993": "464.00", "NMRF_1993": "22.00", "ATRF_1993": "486.00", "MRF_1994": "740.00", "NMRF_1994": "24.00", "ATRF_1994": "764.00", "MRF_1995": "374.00", "NMRF_1995": "30.00", "ATRF_1995": "404.00", "MRF_1996": "516.00", "NMRF_1996": "0.00", "ATRF_1996": "516.00", "MRF_1997": "564.00", "NMRF_1997": "43.00", "ATRF_1997": "607.00", "MRF_1998": "523.00", "NMRF_1998": "155.00", "ATRF_1998": "678.00", "MRF_1999": "324.00", "NMRF_1999": "96.00", "ATRF_1999": "420.00", "MRF_2000": "385.00", "NMRF_2000": "56.00", "ATRF_2000": "441.00", "MRF_2001": "509.00", "NMRF_2001": "37.00", "ATRF_2001": "546.00", "MRF_2002": "339.00", "NMRF_2002": "13.00", "ATRF_2002": "352.00", "MRF_2003": "594.00", "NMRF_2003": "24.00", "ATRF_2003": "618.00", "MRF_2004": "518.00", "NMRF_2004": "49.00", "ATRF_2004": "567.00", "MRF_2005": "726.00", "NMRF_2005": "53.00", "ATRF_2005": "779.00", "MRF_2006": "918.00", "NMRF_2006": "8.00", "ATRF_2006": "926.00", "MRF_2007": "495.00", "NMRF_2007": "4.00", "ATRF_2007": "499.00", "MRF_2008": "649.00", "NMRF_2008": "108.00", "ATRF_2008": "757.00", "MRF_2009": "484.00", "NMRF_2009": "12.00", "ATRF_2009": "496.00", "MRF_2010": "809.00", "NMRF_2010": "93.00", "ATRF_2010": "902.00", "AGENCY": "RGWD", "ORIG_FID": "82" }, "geometry": { "type": "Point", "coordinates": [ 73.7009367, 24.5730803 ] } },
{ "type": "Feature", "properties": { "RAINGAUGE": "GOGUNDA", "DISTRICT": "UDAIPUR", "LONGITUDE": "73:32:29.130", "LATITUDE": "24:45:27.111", "COUNT": "57.00", "MRF_1984": "588.00", "NMRF_1984": "0.00", "ATRF_1984": "588.00", "MRF_1985": "647.00", "NMRF_1985": "121.00", "ATRF_1985": "768.00", "MRF_1986": "377.00", "NMRF_1986": "29.00", "ATRF_1986": "406.00", "MRF_1987": "181.00", "NMRF_1987": "104.00", "ATRF_1987": "285.00", "MRF_1988": "619.00", "NMRF_1988": "22.00", "ATRF_1988": "641.00", "MRF_1989": "572.00", "NMRF_1989": "5.00", "ATRF_1989": "577.00", "MRF_1990": "730.00", "NMRF_1990": "27.00", "ATRF_1990": "757.00", "MRF_1991": "524.00", "NMRF_1991": "33.00", "ATRF_1991": "557.00", "MRF_1992": "949.00", "NMRF_1992": "79.00", "ATRF_1992": "1028.00", "MRF_1993": "580.00", "NMRF_1993": "17.00", "ATRF_1993": "597.00", "MRF_1994": "907.00", "NMRF_1994": "34.00", "ATRF_1994": "941.00", "MRF_1995": "458.00", "NMRF_1995": "61.00", "ATRF_1995": "519.00", "MRF_1996": "602.00", "NMRF_1996": "0.00", "ATRF_1996": "602.00", "MRF_1997": "551.00", "NMRF_1997": "75.00", "ATRF_1997": "626.00", "MRF_1998": "501.00", "NMRF_1998": "104.00", "ATRF_1998": "605.00", "MRF_1999": "303.00", "NMRF_1999": "113.00", "ATRF_1999": "416.00", "MRF_2000": "330.00", "NMRF_2000": "74.00", "ATRF_2000": "404.00", "MRF_2001": "632.00", "NMRF_2001": "80.00", "ATRF_2001": "712.00", "MRF_2002": "306.00", "NMRF_2002": "19.00", "ATRF_2002": "325.00", "MRF_2003": "681.00", "NMRF_2003": "39.00", "ATRF_2003": "720.00", "MRF_2004": "382.00", "NMRF_2004": "0.00", "ATRF_2004": "382.00", "MRF_2005": "837.40", "NMRF_2005": "13.60", "ATRF_2005": "851.00", "MRF_2006": "1647.00", "NMRF_2006": "23.00", "ATRF_2006": "1670.00", "MRF_2007": "580.00", "NMRF_2007": "26.00", "ATRF_2007": "606.00", "MRF_2008": "400.00", "NMRF_2008": "59.00", "ATRF_2008": "459.00", "MRF_2009": "478.00", "NMRF_2009": "16.00", "ATRF_2009": "494.00", "MRF_2010": "882.00", "NMRF_2010": "164.00", "ATRF_2010": "1046.00", "AGENCY": "RGWD", "ORIG_FID": "83" }, "geometry": { "type": "Point", "coordinates": [ 73.541425, 24.7575308 ] } },
{ "type": "Feature", "properties": { "RAINGAUGE": "GOVINDGARH", "DISTRICT": "ALWAR", "LONGITUDE": "77:00:00.000", "LATITUDE": "27:30:00.000", "COUNT": "59.00", "MRF_1984": "707.50", "NMRF_1984": "0.00", "ATRF_1984": "707.50", "MRF_1985": "791.60", "NMRF_1985": "156.15", "ATRF_1985": "947.75", "MRF_1986": "196.00", "NMRF_1986": "150.00", "ATRF_1986": "346.00", "MRF_1987": "Not Available", "NMRF_1987": "Not Available", "ATRF_1987": "Not Available", "MRF_1988": "Not Available", "NMRF_1988": "Not Available", "ATRF_1988": "Not Available", "MRF_1989": "Not Available", "NMRF_1989": "Not Available", "ATRF_1989": "Not Available", "MRF_1990": "Not Available", "NMRF_1990": "Not Available", "ATRF_1990": "Not Available", "MRF_1991": "Not Available", "NMRF_1991": "Not Available", "ATRF_1991": "Not Available", "MRF_1992": "Not Available", "NMRF_1992": "Not Available", "ATRF_1992": "Not Available", "MRF_1993": "Not Available", "NMRF_1993": "Not Available", "ATRF_1993": "Not Available", "MRF_1994": "516.00", "NMRF_1994": "5.00", "ATRF_1994": "521.00", "MRF_1995": "857.25", "NMRF_1995": "61.00", "ATRF_1995": "887.75", "MRF_1996": "1193.50", "NMRF_1996": "28.00", "ATRF_1996": "1221.50", "MRF_1997": "372.80", "NMRF_1997": "181.20", "ATRF_1997": "554.00", "MRF_1998": "555.80", "NMRF_1998": "55.00", "ATRF_1998": "610.80", "MRF_1999": "300.90", "NMRF_1999": "252.50", "ATRF_1999": "553.40", "MRF_2000": "314.00", "NMRF_2000": "27.00", "ATRF_2000": "341.00", "MRF_2001": "409.00", "NMRF_2001": "95.00", "ATRF_2001": "504.00", "MRF_2002": "143.00", "NMRF_2002": "71.00", "ATRF_2002": "214.00", "MRF_2003": "328.00", "NMRF_2003": "42.00", "ATRF_2003": "370.00", "MRF_2004": "252.00", "NMRF_2004": "44.00", "ATRF_2004": "296.00", "MRF_2005": "267.00", "NMRF_2005": "39.00", "ATRF_2005": "306.00", "MRF_2006": "196.00", "NMRF_2006": "14.00", "ATRF_2006": "210.00", "MRF_2007": "266.00", "NMRF_2007": "69.00", "ATRF_2007": "335.00", "MRF_2008": "412.00", "NMRF_2008": "12.00", "ATRF_2008": "424.00", "MRF_2009": "294.00", "NMRF_2009": "51.00", "ATRF_2009": "345.00", "MRF_2010": "1239.00", "NMRF_2010": "25.00", "ATRF_2010": "1264.00", "AGENCY": "RGWD", "ORIG_FID": "84" }, "geometry": { "type": "Point", "coordinates": [ 77.0, 27.5 ] } },
{ "type": "Feature", "properties": { "RAINGAUGE": "GUDHAMALANI", "DISTRICT": "BARMER", "LONGITUDE": "71:42:39.015", "LATITUDE": "25:10:56.262", "COUNT": "49.00", "MRF_1984": "Not Available", "NMRF_1984": "Not Available", "ATRF_1984": "Not Available", "MRF_1985": "Not Available", "NMRF_1985": "Not Available", "ATRF_1985": "Not Available", "MRF_1986": "Not Available", "NMRF_1986": "Not Available", "ATRF_1986": "Not Available", "MRF_1987": "Not Available", "NMRF_1987": "Not Available", "ATRF_1987": "Not Available", "MRF_1988": "Not Available", "NMRF_1988": "Not Available", "ATRF_1988": "Not Available", "MRF_1989": "Not Available", "NMRF_1989": "Not Available", "ATRF_1989": "Not Available", "MRF_1990": "Not Available", "NMRF_1990": "Not Available", "ATRF_1990": "Not Available", "MRF_1991": "Not Available", "NMRF_1991": "Not Available", "ATRF_1991": "Not Available", "MRF_1992": "Not Available", "NMRF_1992": "Not Available", "ATRF_1992": "Not Available", "MRF_1993": "Not Available", "NMRF_1993": "Not Available", "ATRF_1993": "Not Available", "MRF_1994": "544.00", "NMRF_1994": "0.00", "ATRF_1994": "544.00", "MRF_1995": "261.00", "NMRF_1995": "6.00", "ATRF_1995": "267.00", "MRF_1996": "156.00", "NMRF_1996": "18.00", "ATRF_1996": "174.00", "MRF_1997": "225.00", "NMRF_1997": "25.00", "ATRF_1997": "250.00", "MRF_1998": "194.00", "NMRF_1998": "94.00", "ATRF_1998": "288.00", "MRF_1999": "84.00", "NMRF_1999": "68.00", "ATRF_1999": "152.00", "MRF_2000": "259.00", "NMRF_2000": "8.00", "ATRF_2000": "267.00", "MRF_2001": "245.00", "NMRF_2001": "27.00", "ATRF_2001": "272.00", "MRF_2002": "36.00", "NMRF_2002": "0.00", "ATRF_2002": "36.00", "MRF_2003": "525.00", "NMRF_2003": "31.00", "ATRF_2003": "556.00", "MRF_2004": "111.00", "NMRF_2004": "45.00", "ATRF_2004": "156.00", "MRF_2005": "183.00", "NMRF_2005": "24.00", "ATRF_2005": "207.00", "MRF_2006": "558.00", "NMRF_2006": "20.00", "ATRF_2006": "578.00", "MRF_2007": "335.00", "NMRF_2007": "28.00", "ATRF_2007": "363.00", "MRF_2008": "331.00", "NMRF_2008": "32.00", "ATRF_2008": "363.00", "MRF_2009": "161.00", "NMRF_2009": "4.00", "ATRF_2009": "165.00", "MRF_2010": "571.00", "NMRF_2010": "28.00", "ATRF_2010": "599.00", "AGENCY": "RGWD", "ORIG_FID": "85" }, "geometry": { "type": "Point", "coordinates": [ 71.7108375, 25.182295 ] } },
{ "type": "Feature", "properties": { "RAINGAUGE": "HANUMANGARH", "DISTRICT": "HANUMANGARH", "LONGITUDE": "74:19:00.000", "LATITUDE": "29:35:00.000", "COUNT": "56.00", "MRF_1984": "281.00", "NMRF_1984": "55.00", "ATRF_1984": "336.00", "MRF_1985": "267.10", "NMRF_1985": "23.00", "ATRF_1985": "290.10", "MRF_1986": "174.40", "NMRF_1986": "0.00", "ATRF_1986": "174.40", "MRF_1987": "Not Available", "NMRF_1987": "Not Available", "ATRF_1987": "Not Available", "MRF_1988": "Not Available", "NMRF_1988": "Not Available", "ATRF_1988": "Not Available", "MRF_1989": "Not Available", "NMRF_1989": "Not Available", "ATRF_1989": "Not Available", "MRF_1990": "Not Available", "NMRF_1990": "Not Available", "ATRF_1990": "Not Available", "MRF_1991": "Not Available", "NMRF_1991": "Not Available", "ATRF_1991": "Not Available", "MRF_1992": "Not Available", "NMRF_1992": "Not Available", "ATRF_1992": "Not Available", "MRF_1993": "Not Available", "NMRF_1993": "Not Available", "ATRF_1993": "Not Available", "MRF_1994": "185.00", "NMRF_1994": "4.50", "ATRF_1994": "189.50", "MRF_1995": "307.00", "NMRF_1995": "31.00", "ATRF_1995": "338.00", "MRF_1996": "Not Available", "NMRF_1996": "Not Available", "ATRF_1996": "Not Available", "MRF_1997": "337.00", "NMRF_1997": "149.00", "ATRF_1997": "486.00", "MRF_1998": "206.00", "NMRF_1998": "46.00", "ATRF_1998": "252.00", "MRF_1999": "202.00", "NMRF_1999": "9.00", "ATRF_1999": "211.00", "MRF_2000": "93.00", "NMRF_2000": "24.00", "ATRF_2000": "117.00", "MRF_2001": "172.00", "NMRF_2001": "92.00", "ATRF_2001": "264.00", "MRF_2002": "67.00", "NMRF_2002": "50.00", "ATRF_2002": "117.00", "MRF_2003": "155.00", "NMRF_2003": "24.00", "ATRF_2003": "179.00", "MRF_2004": "99.00", "NMRF_2004": "157.00", "ATRF_2004": "256.00", "MRF_2005": "210.00", "NMRF_2005": "102.00", "ATRF_2005": "312.00", "MRF_2006": "171.00", "NMRF_2006": "107.00", "ATRF_2006": "278.00", "MRF_2007": "247.00", "NMRF_2007": "137.00", "ATRF_2007": "384.00", "MRF_2008": "196.00", "NMRF_2008": "38.00", "ATRF_2008": "234.00", "MRF_2009": "190.00", "NMRF_2009": "67.00", "ATRF_2009": "257.00", "MRF_2010": "519.00", "NMRF_2010": "28.00", "ATRF_2010": "547.00", "AGENCY": "RGWD", "ORIG_FID": "86" }, "geometry": { "type": "Point", "coordinates": [ 74.3166667, 29.5833333 ] } },
{ "type": "Feature", "properties": { "RAINGAUGE": "HINDOLI", "DISTRICT": "BUNDI", "LONGITUDE": "75:30:00.000", "LATITUDE": "25:35:00.000", "COUNT": "51.00", "MRF_1984": "376.00", "NMRF_1984": "8.00", "ATRF_1984": "384.00", "MRF_1985": "251.10", "NMRF_1985": "32.40", "ATRF_1985": "283.50", "MRF_1986": "594.10", "NMRF_1986": "67.00", "ATRF_1986": "661.10", "MRF_1987": "235.00", "NMRF_1987": "50.00", "ATRF_1987": "285.00", "MRF_1988": "343.00", "NMRF_1988": "8.00", "ATRF_1988": "351.00", "MRF_1989": "517.00", "NMRF_1989": "21.00", "ATRF_1989": "538.00", "MRF_1990": "719.10", "NMRF_1990": "3.20", "ATRF_1990": "722.30", "MRF_1991": "540.50", "NMRF_1991": "11.50", "ATRF_1991": "552.00", "MRF_1992": "1716.00", "NMRF_1992": "22.00", "ATRF_1992": "1738.00", "MRF_1993": "746.00", "NMRF_1993": "37.00", "ATRF_1993": "783.00", "MRF_1994": "727.00", "NMRF_1994": "26.00", "ATRF_1994": "753.00", "MRF_1995": "Not Available", "NMRF_1995": "Not Available", "ATRF_1995": "Not Available", "MRF_1996": "Not Available", "NMRF_1996": "Not Available", "ATRF_1996": "Not Available", "MRF_1997": "543.00", "NMRF_1997": "109.50", "ATRF_1997": "652.50", "MRF_1998": "520.00", "NMRF_1998": "21.00", "ATRF_1998": "541.00", "MRF_1999": "574.00", "NMRF_1999": "15.00", "ATRF_1999": "589.00", "MRF_2000": "494.00", "NMRF_2000": "23.00", "ATRF_2000": "517.00", "MRF_2001": "759.40", "NMRF_2001": "51.00", "ATRF_2001": "810.40", "MRF_2002": "463.00", "NMRF_2002": "36.00", "ATRF_2002": "499.00", "MRF_2003": "1028.00", "NMRF_2003": "24.00", "ATRF_2003": "1052.00", "MRF_2004": "569.00", "NMRF_2004": "56.00", "ATRF_2004": "625.00", "MRF_2005": "466.00", "NMRF_2005": "6.00", "ATRF_2005": "472.00", "MRF_2006": "559.00", "NMRF_2006": "13.00", "ATRF_2006": "572.00", "MRF_2007": "465.00", "NMRF_2007": "53.00", "ATRF_2007": "518.00", "MRF_2008": "546.00", "NMRF_2008": "19.00", "ATRF_2008": "565.00", "MRF_2009": "Not Available", "NMRF_2009": "Not Available", "ATRF_2009": "Not Available", "MRF_2010": "658.00", "NMRF_2010": "118.00", "ATRF_2010": "776.00", "AGENCY": "RGWD", "ORIG_FID": "87" }, "geometry": { "type": "Point", "coordinates": [ 75.5, 25.5833333 ] } },
{ "type": "Feature", "properties": { "RAINGAUGE": "HINDON", "DISTRICT": "KARAULI", "LONGITUDE": "77:01:03.566", "LATITUDE": "26:42:59.732", "COUNT": "59.00", "MRF_1984": "276.30", "NMRF_1984": "0.00", "ATRF_1984": "276.30", "MRF_1985": "341.00", "NMRF_1985": "101.00", "ATRF_1985": "442.00", "MRF_1986": "180.50", "NMRF_1986": "49.00", "ATRF_1986": "229.50", "MRF_1987": "Not Available", "NMRF_1987": "Not Available", "ATRF_1987": "Not Available", "MRF_1988": "Not Available", "NMRF_1988": "Not Available", "ATRF_1988": "Not Available", "MRF_1989": "Not Available", "NMRF_1989": "Not Available", "ATRF_1989": "Not Available", "MRF_1990": "Not Available", "NMRF_1990": "Not Available", "ATRF_1990": "Not Available", "MRF_1991": "Not Available", "NMRF_1991": "Not Available", "ATRF_1991": "Not Available", "MRF_1992": "Not Available", "NMRF_1992": "Not Available", "ATRF_1992": "Not Available", "MRF_1993": "Not Available", "NMRF_1993": "Not Available", "ATRF_1993": "Not Available", "MRF_1994": "593.00", "NMRF_1994": "21.00", "ATRF_1994": "614.00", "MRF_1995": "938.00", "NMRF_1995": "2.00", "ATRF_1995": "940.00", "MRF_1996": "843.00", "NMRF_1996": "35.00", "ATRF_1996": "878.00", "MRF_1997": "536.00", "NMRF_1997": "111.00", "ATRF_1997": "647.00", "MRF_1998": "876.00", "NMRF_1998": "115.00", "ATRF_1998": "991.00", "MRF_1999": "499.00", "NMRF_1999": "70.00", "ATRF_1999": "569.00", "MRF_2000": "405.00", "NMRF_2000": "11.00", "ATRF_2000": "416.00", "MRF_2001": "442.00", "NMRF_2001": "93.00", "ATRF_2001": "535.00", "MRF_2002": "194.00", "NMRF_2002": "93.00", "ATRF_2002": "287.00", "MRF_2003": "532.00", "NMRF_2003": "25.00", "ATRF_2003": "557.00", "MRF_2004": "385.80", "NMRF_2004": "104.00", "ATRF_2004": "489.80", "MRF_2005": "620.00", "NMRF_2005": "40.00", "ATRF_2005": "660.00", "MRF_2006": "367.00", "NMRF_2006": "15.00", "ATRF_2006": "382.00", "MRF_2007": "427.00", "NMRF_2007": "96.00", "ATRF_2007": "523.00", "MRF_2008": "797.00", "NMRF_2008": "26.00", "ATRF_2008": "823.00", "MRF_2009": "380.00", "NMRF_2009": "39.00", "ATRF_2009": "419.00", "MRF_2010": "592.00", "NMRF_2010": "38.00", "ATRF_2010": "630.00", "AGENCY": "RGWD", "ORIG_FID": "88" }, "geometry": { "type": "Point", "coordinates": [ 77.0176572, 26.7165922 ] } },
{ "type": "Feature", "properties": { "RAINGAUGE": "HURDA", "DISTRICT": "BHILWARA", "LONGITUDE": "74:41:00.596", "LATITUDE": "25:53:47.616", "COUNT": "56.00", "MRF_1984": "343.60", "NMRF_1984": "0.00", "ATRF_1984": "343.60", "MRF_1985": "265.40", "NMRF_1985": "84.60", "ATRF_1985": "350.00", "MRF_1986": "563.00", "NMRF_1986": "15.00", "ATRF_1986": "578.00", "MRF_1987": "418.00", "NMRF_1987": "130.00", "ATRF_1987": "548.00", "MRF_1988": "759.00", "NMRF_1988": "28.00", "ATRF_1988": "787.00", "MRF_1989": "0.00", "NMRF_1989": "12.00", "ATRF_1989": "12.00", "MRF_1990": "979.00", "NMRF_1990": "81.00", "ATRF_1990": "1060.00", "MRF_1991": "664.00", "NMRF_1991": "39.00", "ATRF_1991": "703.00", "MRF_1992": "188.00", "NMRF_1992": "31.00", "ATRF_1992": "219.00", "MRF_1993": "460.00", "NMRF_1993": "74.00", "ATRF_1993": "534.00", "MRF_1994": "734.00", "NMRF_1994": "68.00", "ATRF_1994": "802.00", "MRF_1995": "367.00", "NMRF_1995": "16.00", "ATRF_1995": "383.00", "MRF_1996": "Not Available", "NMRF_1996": "Not Available", "ATRF_1996": "Not Available", "MRF_1997": "390.00", "NMRF_1997": "35.00", "ATRF_1997": "425.00", "MRF_1998": "255.00", "NMRF_1998": "71.00", "ATRF_1998": "326.00", "MRF_1999": "198.00", "NMRF_1999": "6.00", "ATRF_1999": "204.00", "MRF_2000": "268.00", "NMRF_2000": "91.00", "ATRF_2000": "359.00", "MRF_2001": "503.00", "NMRF_2001": "53.00", "ATRF_2001": "556.00", "MRF_2002": "167.00", "NMRF_2002": "47.00", "ATRF_2002": "214.00", "MRF_2003": "567.00", "NMRF_2003": "57.00", "ATRF_2003": "624.00", "MRF_2004": "508.00", "NMRF_2004": "40.00", "ATRF_2004": "548.00", "MRF_2005": "417.00", "NMRF_2005": "44.00", "ATRF_2005": "461.00", "MRF_2006": "705.00", "NMRF_2006": "35.00", "ATRF_2006": "740.00", "MRF_2007": "556.00", "NMRF_2007": "25.00", "ATRF_2007": "581.00", "MRF_2008": "363.00", "NMRF_2008": "52.00", "ATRF_2008": "415.00", "MRF_2009": "205.00", "NMRF_2009": "12.00", "ATRF_2009": "217.00", "MRF_2010": "596.00", "NMRF_2010": "318.00", "ATRF_2010": "914.00", "AGENCY": "RGWD", "ORIG_FID": "89" }, "geometry": { "type": "Point", "coordinates": [ 74.6834989, 25.89656 ] } },
{ "type": "Feature", "properties": { "RAINGAUGE": "JAHAJPUR", "DISTRICT": "BHILWARA", "LONGITUDE": "75:17:00.000", "LATITUDE": "25:36:00.000", "COUNT": "57.00", "MRF_1984": "587.00", "NMRF_1984": "3.00", "ATRF_1984": "590.00", "MRF_1985": "483.00", "NMRF_1985": "111.00", "ATRF_1985": "594.00", "MRF_1986": "918.00", "NMRF_1986": "93.00", "ATRF_1986": "1011.00", "MRF_1987": "461.00", "NMRF_1987": "91.00", "ATRF_1987": "552.00", "MRF_1988": "744.00", "NMRF_1988": "17.00", "ATRF_1988": "761.00", "MRF_1989": "0.00", "NMRF_1989": "10.00", "ATRF_1989": "10.00", "MRF_1990": "664.00", "NMRF_1990": "0.00", "ATRF_1990": "664.00", "MRF_1991": "664.00", "NMRF_1991": "54.00", "ATRF_1991": "718.00", "MRF_1992": "549.00", "NMRF_1992": "23.00", "ATRF_1992": "572.00", "MRF_1993": "667.00", "NMRF_1993": "34.00", "ATRF_1993": "701.00", "MRF_1994": "741.00", "NMRF_1994": "46.00", "ATRF_1994": "787.00", "MRF_1995": "498.00", "NMRF_1995": "7.00", "ATRF_1995": "505.00", "MRF_1996": "Not Available", "NMRF_1996": "Not Available", "ATRF_1996": "Not Available", "MRF_1997": "749.00", "NMRF_1997": "138.00", "ATRF_1997": "887.00", "MRF_1998": "442.00", "NMRF_1998": "67.00", "ATRF_1998": "509.00", "MRF_1999": "603.00", "NMRF_1999": "10.00", "ATRF_1999": "613.00", "MRF_2000": "547.00", "NMRF_2000": "23.00", "ATRF_2000": "570.00", "MRF_2001": "788.00", "NMRF_2001": "45.00", "ATRF_2001": "833.00", "MRF_2002": "224.00", "NMRF_2002": "88.00", "ATRF_2002": "312.00", "MRF_2003": "685.00", "NMRF_2003": "35.00", "ATRF_2003": "720.00", "MRF_2004": "781.00", "NMRF_2004": "25.00", "ATRF_2004": "806.00", "MRF_2005": "546.00", "NMRF_2005": "11.00", "ATRF_2005": "557.00", "MRF_2006": "815.00", "NMRF_2006": "58.00", "ATRF_2006": "873.00", "MRF_2007": "547.00", "NMRF_2007": "41.00", "ATRF_2007": "588.00", "MRF_2008": "473.00", "NMRF_2008": "64.00", "ATRF_2008": "537.00", "MRF_2009": "324.00", "NMRF_2009": "45.00", "ATRF_2009": "369.00", "MRF_2010": "624.00", "NMRF_2010": "111.00", "ATRF_2010": "735.00", "AGENCY": "RGWD", "ORIG_FID": "90" }, "geometry": { "type": "Point", "coordinates": [ 75.2833333, 25.6 ] } },
{ "type": "Feature", "properties": { "RAINGAUGE": "JAISALMER", "DISTRICT": "JAISALMER", "LONGITUDE": "70:55:00.000", "LATITUDE": "26:55:00.000", "COUNT": "57.00", "MRF_1984": "132.50", "NMRF_1984": "0.00", "ATRF_1984": "132.50", "MRF_1985": "103.90", "NMRF_1985": "46.70", "ATRF_1985": "150.60", "MRF_1986": "65.00", "NMRF_1986": "0.00", "ATRF_1986": "65.00", "MRF_1987": "0.00", "NMRF_1987": "39.00", "ATRF_1987": "39.00", "MRF_1988": "228.00", "NMRF_1988": "0.00", "ATRF_1988": "228.00", "MRF_1989": "132.00", "NMRF_1989": "0.00", "ATRF_1989": "132.00", "MRF_1990": "77.30", "NMRF_1990": "24.00", "ATRF_1990": "101.30", "MRF_1991": "124.00", "NMRF_1991": "5.00", "ATRF_1991": "129.00", "MRF_1992": "211.00", "NMRF_1992": "21.60", "ATRF_1992": "232.60", "MRF_1993": "361.70", "NMRF_1993": "9.00", "ATRF_1993": "370.70", "MRF_1994": "182.00", "NMRF_1994": "14.00", "ATRF_1994": "196.00", "MRF_1995": "283.50", "NMRF_1995": "113.00", "ATRF_1995": "396.50", "MRF_1996": "140.50", "NMRF_1996": "49.50", "ATRF_1996": "190.00", "MRF_1997": "97.00", "NMRF_1997": "88.00", "ATRF_1997": "185.00", "MRF_1998": "298.00", "NMRF_1998": "35.00", "ATRF_1998": "333.00", "MRF_1999": "249.00", "NMRF_1999": "123.00", "ATRF_1999": "372.00", "MRF_2000": "145.00", "NMRF_2000": "0.00", "ATRF_2000": "145.00", "MRF_2001": "314.00", "NMRF_2001": "7.00", "ATRF_2001": "321.00", "MRF_2002": "25.00", "NMRF_2002": "38.00", "ATRF_2002": "63.00", "MRF_2003": "158.00", "NMRF_2003": "20.00", "ATRF_2003": "178.00", "MRF_2004": "36.30", "NMRF_2004": "11.00", "ATRF_2004": "47.30", "MRF_2005": "172.50", "NMRF_2005": "48.00", "ATRF_2005": "220.50", "MRF_2006": "481.30", "NMRF_2006": "35.50", "ATRF_2006": "516.80", "MRF_2007": "127.40", "NMRF_2007": "66.80", "ATRF_2007": "194.20", "MRF_2008": "123.50", "NMRF_2008": "50.00", "ATRF_2008": "173.50", "MRF_2009": "85.00", "NMRF_2009": "5.00", "ATRF_2009": "90.00", "MRF_2010": "285.00", "NMRF_2010": "24.00", "ATRF_2010": "309.00", "AGENCY": "RGWD", "ORIG_FID": "91" }, "geometry": { "type": "Point", "coordinates": [ 70.9166667, 26.9166667 ] } },
{ "type": "Feature", "properties": { "RAINGAUGE": "JAITARAN", "DISTRICT": "PALI", "LONGITUDE": "73:57:00.000", "LATITUDE": "26:12:00.000", "COUNT": "59.00", "MRF_1984": "297.00", "NMRF_1984": "0.00", "ATRF_1984": "297.00", "MRF_1985": "129.00", "NMRF_1985": "63.00", "ATRF_1985": "192.00", "MRF_1986": "125.80", "NMRF_1986": "25.20", "ATRF_1986": "151.00", "MRF_1987": "124.00", "NMRF_1987": "17.00", "ATRF_1987": "141.00", "MRF_1988": "351.00", "NMRF_1988": "0.00", "ATRF_1988": "351.00", "MRF_1989": "283.00", "NMRF_1989": "11.00", "ATRF_1989": "294.00", "MRF_1990": "437.20", "NMRF_1990": "73.80", "ATRF_1990": "511.00", "MRF_1991": "362.90", "NMRF_1991": "8.00", "ATRF_1991": "370.90", "MRF_1992": "544.20", "NMRF_1992": "25.00", "ATRF_1992": "569.20", "MRF_1993": "280.00", "NMRF_1993": "8.00", "ATRF_1993": "288.00", "MRF_1994": "704.00", "NMRF_1994": "48.00", "ATRF_1994": "752.00", "MRF_1995": "616.00", "NMRF_1995": "2.00", "ATRF_1995": "618.00", "MRF_1996": "450.20", "NMRF_1996": "24.00", "ATRF_1996": "474.20", "MRF_1997": "608.00", "NMRF_1997": "37.20", "ATRF_1997": "645.20", "MRF_1998": "347.60", "NMRF_1998": "101.50", "ATRF_1998": "449.10", "MRF_1999": "399.20", "NMRF_1999": "36.70", "ATRF_1999": "435.90", "MRF_2000": "382.20", "NMRF_2000": "7.20", "ATRF_2000": "389.40", "MRF_2001": "526.50", "NMRF_2001": "36.50", "ATRF_2001": "563.00", "MRF_2002": "175.50", "NMRF_2002": "48.50", "ATRF_2002": "224.00", "MRF_2003": "366.00", "NMRF_2003": "26.00", "ATRF_2003": "392.00", "MRF_2004": "380.00", "NMRF_2004": "11.00", "ATRF_2004": "391.00", "MRF_2005": "320.00", "NMRF_2005": "32.00", "ATRF_2005": "352.00", "MRF_2006": "362.60", "NMRF_2006": "19.00", "ATRF_2006": "381.60", "MRF_2007": "557.00", "NMRF_2007": "28.00", "ATRF_2007": "585.00", "MRF_2008": "354.00", "NMRF_2008": "77.00", "ATRF_2008": "431.00", "MRF_2009": "216.00", "NMRF_2009": "13.00", "ATRF_2009": "229.00", "MRF_2010": "470.00", "NMRF_2010": "101.00", "ATRF_2010": "571.00", "AGENCY": "RGWD", "ORIG_FID": "92" }, "geometry": { "type": "Point", "coordinates": [ 73.95, 26.2 ] } },
{ "type": "Feature", "properties": { "RAINGAUGE": "JALORE", "DISTRICT": "JALORE", "LONGITUDE": "72:37:00.000", "LATITUDE": "25:21:00.000", "COUNT": "59.00", "MRF_1984": "246.70", "NMRF_1984": "0.00", "ATRF_1984": "246.70", "MRF_1985": "270.30", "NMRF_1985": "32.80", "ATRF_1985": "303.10", "MRF_1986": "276.20", "NMRF_1986": "21.70", "ATRF_1986": "297.90", "MRF_1987": "116.50", "NMRF_1987": "32.30", "ATRF_1987": "148.80", "MRF_1988": "317.80", "NMRF_1988": "0.00", "ATRF_1988": "317.80", "MRF_1989": "366.40", "NMRF_1989": "12.20", "ATRF_1989": "378.60", "MRF_1990": "1038.40", "NMRF_1990": "0.00", "ATRF_1990": "1038.40", "MRF_1991": "164.00", "NMRF_1991": "0.00", "ATRF_1991": "164.00", "MRF_1992": "687.20", "NMRF_1992": "50.80", "ATRF_1992": "738.00", "MRF_1993": "392.20", "NMRF_1993": "1.40", "ATRF_1993": "393.60", "MRF_1994": "716.00", "NMRF_1994": "16.80", "ATRF_1994": "732.80", "MRF_1995": "553.20", "NMRF_1995": "26.90", "ATRF_1995": "580.10", "MRF_1996": "308.80", "NMRF_1996": "30.90", "ATRF_1996": "339.70", "MRF_1997": "613.20", "NMRF_1997": "58.80", "ATRF_1997": "672.00", "MRF_1998": "207.60", "NMRF_1998": "118.80", "ATRF_1998": "326.40", "MRF_1999": "202.40", "NMRF_1999": "124.00", "ATRF_1999": "326.40", "MRF_2000": "297.80", "NMRF_2000": "13.00", "ATRF_2000": "310.80", "MRF_2001": "317.60", "NMRF_2001": "22.40", "ATRF_2001": "340.00", "MRF_2002": "166.80", "NMRF_2002": "4.40", "ATRF_2002": "171.20", "MRF_2003": "594.20", "NMRF_2003": "66.60", "ATRF_2003": "660.80", "MRF_2004": "277.40", "NMRF_2004": "43.80", "ATRF_2004": "321.20", "MRF_2005": "292.60", "NMRF_2005": "28.00", "ATRF_2005": "320.60", "MRF_2006": "710.80", "NMRF_2006": "2.40", "ATRF_2006": "713.20", "MRF_2007": "340.60", "NMRF_2007": "27.40", "ATRF_2007": "368.00", "MRF_2008": "312.40", "NMRF_2008": "31.20", "ATRF_2008": "343.60", "MRF_2009": "193.80", "NMRF_2009": "4.80", "ATRF_2009": "198.60", "MRF_2010": "459.00", "NMRF_2010": "75.80", "ATRF_2010": "534.80", "AGENCY": "RGWD", "ORIG_FID": "93" }, "geometry": { "type": "Point", "coordinates": [ 72.6166667, 25.35 ] } },
{ "type": "Feature", "properties": { "RAINGAUGE": "JAMWA RAMGARH", "DISTRICT": "JAIPUR", "LONGITUDE": "76:01:34.123", "LATITUDE": "27:01:03.243", "COUNT": "56.00", "MRF_1984": "438.40", "NMRF_1984": "0.00", "ATRF_1984": "438.40", "MRF_1985": "573.10", "NMRF_1985": "120.50", "ATRF_1985": "693.60", "MRF_1986": "315.00", "NMRF_1986": "88.50", "ATRF_1986": "403.50", "MRF_1987": "195.80", "NMRF_1987": "90.30", "ATRF_1987": "286.10", "MRF_1988": "489.00", "NMRF_1988": "4.70", "ATRF_1988": "493.70", "MRF_1989": "390.10", "NMRF_1989": "0.00", "ATRF_1989": "390.10", "MRF_1990": "422.10", "NMRF_1990": "37.00", "ATRF_1990": "459.10", "MRF_1991": "486.90", "NMRF_1991": "46.00", "ATRF_1991": "532.90", "MRF_1992": "653.00", "NMRF_1992": "15.00", "ATRF_1992": "668.00", "MRF_1993": "484.00", "NMRF_1993": "26.20", "ATRF_1993": "510.20", "MRF_1994": "384.80", "NMRF_1994": "16.20", "ATRF_1994": "401.00", "MRF_1995": "850.90", "NMRF_1995": "0.00", "ATRF_1995": "850.90", "MRF_1996": "993.00", "NMRF_1996": "99.10", "ATRF_1996": "1092.10", "MRF_1997": "517.00", "NMRF_1997": "301.40", "ATRF_1997": "818.40", "MRF_1998": "568.00", "NMRF_1998": "45.00", "ATRF_1998": "613.00", "MRF_1999": "445.00", "NMRF_1999": "6.00", "ATRF_1999": "451.00", "MRF_2000": "559.00", "NMRF_2000": "10.00", "ATRF_2000": "569.00", "MRF_2001": "366.00", "NMRF_2001": "40.00", "ATRF_2001": "406.00", "MRF_2002": "269.00", "NMRF_2002": "72.00", "ATRF_2002": "341.00", "MRF_2003": "924.00", "NMRF_2003": "72.00", "ATRF_2003": "996.00", "MRF_2004": "720.00", "NMRF_2004": "341.00", "ATRF_2004": "1061.00", "MRF_2005": "964.00", "NMRF_2005": "16.00", "ATRF_2005": "980.00", "MRF_2006": "460.00", "NMRF_2006": "0.00", "ATRF_2006": "460.00", "MRF_2007": "596.50", "NMRF_2007": "77.00", "ATRF_2007": "673.50", "MRF_2008": "1157.00", "NMRF_2008": "3.00", "ATRF_2008": "1160.00", "MRF_2009": "521.00", "NMRF_2009": "0.00", "ATRF_2009": "521.00", "MRF_2010": "950.00", "NMRF_2010": "89.00", "ATRF_2010": "1039.00", "AGENCY": "RGWD", "ORIG_FID": "94" }, "geometry": { "type": "Point", "coordinates": [ 76.0261453, 27.0175675 ] } },
{ "type": "Feature", "properties": { "RAINGAUGE": "JASWANTPURA", "DISTRICT": "JALORE", "LONGITUDE": "72:27:57.580", "LATITUDE": "24:46:57.116", "COUNT": "54.00", "MRF_1984": "347.10", "NMRF_1984": "0.00", "ATRF_1984": "347.10", "MRF_1985": "250.00", "NMRF_1985": "8.00", "ATRF_1985": "258.00", "MRF_1986": "141.00", "NMRF_1986": "0.00", "ATRF_1986": "141.00", "MRF_1987": "88.20", "NMRF_1987": "12.00", "ATRF_1987": "100.20", "MRF_1988": "358.30", "NMRF_1988": "0.00", "ATRF_1988": "358.30", "MRF_1989": "316.00", "NMRF_1989": "0.00", "ATRF_1989": "316.00", "MRF_1990": "1194.00", "NMRF_1990": "32.00", "ATRF_1990": "1226.00", "MRF_1991": "123.00", "NMRF_1991": "0.00", "ATRF_1991": "123.00", "MRF_1992": "1110.00", "NMRF_1992": "0.00", "ATRF_1992": "1110.00", "MRF_1993": "682.00", "NMRF_1993": "0.00", "ATRF_1993": "682.00", "MRF_1994": "759.00", "NMRF_1994": "1.00", "ATRF_1994": "760.00", "MRF_1995": "273.00", "NMRF_1995": "0.00", "ATRF_1995": "273.00", "MRF_1996": "371.00", "NMRF_1996": "0.00", "ATRF_1996": "371.00", "MRF_1997": "566.00", "NMRF_1997": "15.00", "ATRF_1997": "581.00", "MRF_1998": "125.00", "NMRF_1998": "97.00", "ATRF_1998": "222.00", "MRF_1999": "117.20", "NMRF_1999": "122.80", "ATRF_1999": "240.00", "MRF_2000": "285.00", "NMRF_2000": "0.00", "ATRF_2000": "285.00", "MRF_2001": "575.50", "NMRF_2001": "26.50", "ATRF_2001": "602.00", "MRF_2002": "347.00", "NMRF_2002": "16.00", "ATRF_2002": "363.00", "MRF_2003": "525.70", "NMRF_2003": "105.00", "ATRF_2003": "630.70", "MRF_2004": "213.60", "NMRF_2004": "11.40", "ATRF_2004": "225.00", "MRF_2005": "615.00", "NMRF_2005": "0.00", "ATRF_2005": "615.00", "MRF_2006": "930.00", "NMRF_2006": "3.00", "ATRF_2006": "933.00", "MRF_2007": "472.40", "NMRF_2007": "10.00", "ATRF_2007": "482.40", "MRF_2008": "394.00", "NMRF_2008": "72.00", "ATRF_2008": "466.00", "MRF_2009": "166.00", "NMRF_2009": "14.00", "ATRF_2009": "180.00", "MRF_2010": "819.00", "NMRF_2010": "216.00", "ATRF_2010": "1035.00", "AGENCY": "RGWD", "ORIG_FID": "95" }, "geometry": { "type": "Point", "coordinates": [ 72.4659944, 24.7825322 ] } },
{ "type": "Feature", "properties": { "RAINGAUGE": "JAWAJA", "DISTRICT": "AJMER", "LONGITUDE": "74:11:37.275", "LATITUDE": "25:55:16.992", "COUNT": "20.00", "MRF_1984": "Not Available", "NMRF_1984": "Not Available", "ATRF_1984": "Not Available", "MRF_1985": "Not Available", "NMRF_1985": "Not Available", "ATRF_1985": "Not Available", "MRF_1986": "Not Available", "NMRF_1986": "Not Available", "ATRF_1986": "Not Available", "MRF_1987": "41.00", "NMRF_1987": "0.00", "ATRF_1987": "41.00", "MRF_1988": "23.00", "NMRF_1988": "0.00", "ATRF_1988": "23.00", "MRF_1989": "401.50", "NMRF_1989": "0.00", "ATRF_1989": "401.50", "MRF_1990": "576.00", "NMRF_1990": "31.00", "ATRF_1990": "607.00", "MRF_1991": "366.00", "NMRF_1991": "0.00", "ATRF_1991": "366.00", "MRF_1992": "414.00", "NMRF_1992": "18.00", "ATRF_1992": "432.00", "MRF_1993": "123.00", "NMRF_1993": "8.00", "ATRF_1993": "131.00", "MRF_1994": "Not Available", "NMRF_1994": "Not Available", "ATRF_1994": "Not Available", "MRF_1995": "Not Available", "NMRF_1995": "Not Available", "ATRF_1995": "Not Available", "MRF_1996": "Not Available", "NMRF_1996": "Not Available", "ATRF_1996": "Not Available", "MRF_1997": "Not Available", "NMRF_1997": "Not Available", "ATRF_1997": "Not Available", "MRF_1998": "Not Available", "NMRF_1998": "Not Available", "ATRF_1998": "Not Available", "MRF_1999": "Not Available", "NMRF_1999": "Not Available", "ATRF_1999": "Not Available", "MRF_2000": "Not Available", "NMRF_2000": "Not Available", "ATRF_2000": "Not Available", "MRF_2001": "Not Available", "NMRF_2001": "Not Available", "ATRF_2001": "Not Available", "MRF_2002": "Not Available", "NMRF_2002": "Not Available", "ATRF_2002": "Not Available", "MRF_2003": "Not Available", "NMRF_2003": "Not Available", "ATRF_2003": "Not Available", "MRF_2004": "Not Available", "NMRF_2004": "Not Available", "ATRF_2004": "Not Available", "MRF_2005": "Not Available", "NMRF_2005": "Not Available", "ATRF_2005": "Not Available", "MRF_2006": "Not Available", "NMRF_2006": "Not Available", "ATRF_2006": "Not Available", "MRF_2007": "Not Available", "NMRF_2007": "Not Available", "ATRF_2007": "Not Available", "MRF_2008": "Not Available", "NMRF_2008": "Not Available", "ATRF_2008": "Not Available", "MRF_2009": "Not Available", "NMRF_2009": "Not Available", "ATRF_2009": "Not Available", "MRF_2010": "199.00", "NMRF_2010": "33.00", "ATRF_2010": "232.00", "AGENCY": "RGWD", "ORIG_FID": "96" }, "geometry": { "type": "Point", "coordinates": [ 74.1936875, 25.9213867 ] } },
{ "type": "Feature", "properties": { "RAINGAUGE": "JAYAL", "DISTRICT": "NAGAUR", "LONGITUDE": "74:12:00.000", "LATITUDE": "27:13:00.000", "COUNT": "56.00", "MRF_1984": "175.00", "NMRF_1984": "0.00", "ATRF_1984": "175.00", "MRF_1985": "235.00", "NMRF_1985": "24.00", "ATRF_1985": "259.00", "MRF_1986": "123.20", "NMRF_1986": "9.00", "ATRF_1986": "132.20", "MRF_1987": "30.10", "NMRF_1987": "90.50", "ATRF_1987": "120.60", "MRF_1988": "458.70", "NMRF_1988": "16.50", "ATRF_1988": "475.20", "MRF_1989": "277.00", "NMRF_1989": "0.00", "ATRF_1989": "277.00", "MRF_1990": "279.50", "NMRF_1990": "60.00", "ATRF_1990": "339.50", "MRF_1991": "223.00", "NMRF_1991": "23.50", "ATRF_1991": "246.50", "MRF_1992": "296.00", "NMRF_1992": "19.00", "ATRF_1992": "315.00", "MRF_1993": "316.00", "NMRF_1993": "18.00", "ATRF_1993": "334.00", "MRF_1994": "270.00", "NMRF_1994": "21.00", "ATRF_1994": "291.00", "MRF_1995": "524.00", "NMRF_1995": "13.00", "ATRF_1995": "537.00", "MRF_1996": "627.00", "NMRF_1996": "51.00", "ATRF_1996": "678.00", "MRF_1997": "416.00", "NMRF_1997": "279.00", "ATRF_1997": "695.00", "MRF_1998": "304.00", "NMRF_1998": "136.00", "ATRF_1998": "440.00", "MRF_1999": "76.00", "NMRF_1999": "22.00", "ATRF_1999": "98.00", "MRF_2000": "315.00", "NMRF_2000": "22.00", "ATRF_2000": "337.00", "MRF_2001": "331.00", "NMRF_2001": "60.00", "ATRF_2001": "391.00", "MRF_2002": "72.60", "NMRF_2002": "24.00", "ATRF_2002": "96.60", "MRF_2003": "387.00", "NMRF_2003": "12.00", "ATRF_2003": "399.00", "MRF_2004": "196.00", "NMRF_2004": "91.00", "ATRF_2004": "287.00", "MRF_2005": "300.00", "NMRF_2005": "31.00", "ATRF_2005": "331.00", "MRF_2006": "269.00", "NMRF_2006": "79.00", "ATRF_2006": "348.00", "MRF_2007": "244.00", "NMRF_2007": "101.00", "ATRF_2007": "345.00", "MRF_2008": "333.00", "NMRF_2008": "55.50", "ATRF_2008": "388.50", "MRF_2009": "Not Available", "NMRF_2009": "Not Available", "ATRF_2009": "Not Available", "MRF_2010": "441.00", "NMRF_2010": "28.00", "ATRF_2010": "469.00", "AGENCY": "RGWD", "ORIG_FID": "97" }, "geometry": { "type": "Point", "coordinates": [ 74.2, 27.2166667 ] } },
{ "type": "Feature", "properties": { "RAINGAUGE": "JHADOL", "DISTRICT": "UDAIPUR", "LONGITUDE": "73:30:04.905", "LATITUDE": "24:24:30.876", "COUNT": "57.00", "MRF_1984": "444.00", "NMRF_1984": "0.00", "ATRF_1984": "444.00", "MRF_1985": "613.00", "NMRF_1985": "0.00", "ATRF_1985": "613.00", "MRF_1986": "329.00", "NMRF_1986": "22.00", "ATRF_1986": "351.00", "MRF_1987": "263.00", "NMRF_1987": "52.00", "ATRF_1987": "315.00", "MRF_1988": "597.00", "NMRF_1988": "4.00", "ATRF_1988": "601.00", "MRF_1989": "640.00", "NMRF_1989": "6.00", "ATRF_1989": "646.00", "MRF_1990": "922.00", "NMRF_1990": "46.00", "ATRF_1990": "968.00", "MRF_1991": "576.00", "NMRF_1991": "17.00", "ATRF_1991": "593.00", "MRF_1992": "861.00", "NMRF_1992": "21.00", "ATRF_1992": "882.00", "MRF_1993": "557.00", "NMRF_1993": "12.00", "ATRF_1993": "569.00", "MRF_1994": "851.00", "NMRF_1994": "32.00", "ATRF_1994": "883.00", "MRF_1995": "555.00", "NMRF_1995": "27.00", "ATRF_1995": "582.00", "MRF_1996": "640.00", "NMRF_1996": "0.00", "ATRF_1996": "640.00", "MRF_1997": "660.00", "NMRF_1997": "42.00", "ATRF_1997": "702.00", "MRF_1998": "573.00", "NMRF_1998": "93.00", "ATRF_1998": "666.00", "MRF_1999": "452.00", "NMRF_1999": "74.00", "ATRF_1999": "526.00", "MRF_2000": "389.00", "NMRF_2000": "25.00", "ATRF_2000": "414.00", "MRF_2001": "600.00", "NMRF_2001": "13.00", "ATRF_2001": "613.00", "MRF_2002": "457.00", "NMRF_2002": "9.00", "ATRF_2002": "466.00", "MRF_2003": "524.00", "NMRF_2003": "40.00", "ATRF_2003": "564.00", "MRF_2004": "368.00", "NMRF_2004": "60.00", "ATRF_2004": "428.00", "MRF_2005": "958.00", "NMRF_2005": "19.00", "ATRF_2005": "977.00", "MRF_2006": "1155.00", "NMRF_2006": "1.00", "ATRF_2006": "1156.00", "MRF_2007": "566.00", "NMRF_2007": "22.00", "ATRF_2007": "588.00", "MRF_2008": "436.00", "NMRF_2008": "12.00", "ATRF_2008": "448.00", "MRF_2009": "510.00", "NMRF_2009": "20.00", "ATRF_2009": "530.00", "MRF_2010": "1081.00", "NMRF_2010": "84.00", "ATRF_2010": "1165.00", "AGENCY": "RGWD", "ORIG_FID": "98" }, "geometry": { "type": "Point", "coordinates": [ 73.5013625, 24.4085767 ] } },
{ "type": "Feature", "properties": { "RAINGAUGE": "JHALRAPATAN", "DISTRICT": "JHALAWAR", "LONGITUDE": "76:10:00.000", "LATITUDE": "24:33:00.000", "COUNT": "60.00", "MRF_1984": "973.60", "NMRF_1984": "28.60", "ATRF_1984": "1002.20", "MRF_1985": "1112.40", "NMRF_1985": "218.80", "ATRF_1985": "1331.20", "MRF_1986": "1811.40", "NMRF_1986": "79.40", "ATRF_1986": "1890.80", "MRF_1987": "993.90", "NMRF_1987": "254.20", "ATRF_1987": "1248.10", "MRF_1988": "911.80", "NMRF_1988": "43.00", "ATRF_1988": "954.80", "MRF_1989": "479.60", "NMRF_1989": "0.00", "ATRF_1989": "479.60", "MRF_1990": "942.80", "NMRF_1990": "16.80", "ATRF_1990": "959.60", "MRF_1991": "814.90", "NMRF_1991": "14.20", "ATRF_1991": "829.10", "MRF_1992": "707.20", "NMRF_1992": "161.80", "ATRF_1992": "869.00", "MRF_1993": "930.00", "NMRF_1993": "13.80", "ATRF_1993": "943.80", "MRF_1994": "900.40", "NMRF_1994": "14.40", "ATRF_1994": "914.80", "MRF_1995": "718.00", "NMRF_1995": "110.20", "ATRF_1995": "828.20", "MRF_1996": "1203.20", "NMRF_1996": "39.80", "ATRF_1996": "1243.00", "MRF_1997": "817.60", "NMRF_1997": "342.60", "ATRF_1997": "1160.20", "MRF_1998": "532.10", "NMRF_1998": "62.20", "ATRF_1998": "594.30", "MRF_1999": "1093.40", "NMRF_1999": "112.40", "ATRF_1999": "1205.80", "MRF_2000": "641.00", "NMRF_2000": "14.20", "ATRF_2000": "655.20", "MRF_2001": "887.20", "NMRF_2001": "37.40", "ATRF_2001": "924.60", "MRF_2002": "522.80", "NMRF_2002": "37.00", "ATRF_2002": "559.80", "MRF_2003": "913.80", "NMRF_2003": "21.20", "ATRF_2003": "935.00", "MRF_2004": "908.00", "NMRF_2004": "21.20", "ATRF_2004": "929.20", "MRF_2005": "658.00", "NMRF_2005": "13.00", "ATRF_2005": "671.00", "MRF_2006": "1528.00", "NMRF_2006": "84.20", "ATRF_2006": "1612.20", "MRF_2007": "479.40", "NMRF_2007": "18.00", "ATRF_2007": "497.40", "MRF_2008": "583.00", "NMRF_2008": "53.00", "ATRF_2008": "636.00", "MRF_2009": "754.00", "NMRF_2009": "91.00", "ATRF_2009": "845.00", "MRF_2010": "484.60", "NMRF_2010": "40.00", "ATRF_2010": "524.60", "AGENCY": "RGWD", "ORIG_FID": "99" }, "geometry": { "type": "Point", "coordinates": [ 76.1666667, 24.55 ] } },
{ "type": "Feature", "properties": { "RAINGAUGE": "JHOTWARA", "DISTRICT": "JAIPUR", "LONGITUDE": "75:45:38.466", "LATITUDE": "26:56:33.424", "COUNT": "55.00", "MRF_1984": "85.00", "NMRF_1984": "0.00", "ATRF_1984": "85.00", "MRF_1985": "564.00", "NMRF_1985": "125.30", "ATRF_1985": "689.30", "MRF_1986": "457.50", "NMRF_1986": "74.00", "ATRF_1986": "531.50", "MRF_1987": "314.40", "NMRF_1987": "102.50", "ATRF_1987": "416.90", "MRF_1988": "389.90", "NMRF_1988": "20.40", "ATRF_1988": "410.30", "MRF_1989": "281.20", "NMRF_1989": "0.00", "ATRF_1989": "281.20", "MRF_1990": "503.00", "NMRF_1990": "58.80", "ATRF_1990": "561.80", "MRF_1991": "538.00", "NMRF_1991": "25.00", "ATRF_1991": "563.00", "MRF_1992": "694.50", "NMRF_1992": "47.50", "ATRF_1992": "742.00", "MRF_1993": "467.00", "NMRF_1993": "26.00", "ATRF_1993": "493.00", "MRF_1994": "516.00", "NMRF_1994": "44.00", "ATRF_1994": "560.00", "MRF_1995": "712.30", "NMRF_1995": "0.00", "ATRF_1995": "712.30", "MRF_1996": "852.00", "NMRF_1996": "35.00", "ATRF_1996": "887.00", "MRF_1997": "475.00", "NMRF_1997": "240.00", "ATRF_1997": "715.00", "MRF_1998": "621.50", "NMRF_1998": "74.50", "ATRF_1998": "696.00", "MRF_1999": "356.70", "NMRF_1999": "80.30", "ATRF_1999": "437.00", "MRF_2000": "320.20", "NMRF_2000": "22.00", "ATRF_2000": "342.20", "MRF_2001": "334.40", "NMRF_2001": "100.60", "ATRF_2001": "435.00", "MRF_2002": "170.20", "NMRF_2002": "52.40", "ATRF_2002": "222.60", "MRF_2003": "469.30", "NMRF_2003": "41.70", "ATRF_2003": "511.00", "MRF_2004": "659.00", "NMRF_2004": "148.00", "ATRF_2004": "807.00", "MRF_2005": "399.10", "NMRF_2005": "9.50", "ATRF_2005": "408.60", "MRF_2006": "297.00", "NMRF_2006": "41.00", "ATRF_2006": "338.00", "MRF_2007": "450.00", "NMRF_2007": "71.00", "ATRF_2007": "521.00", "MRF_2008": "510.00", "NMRF_2008": "62.00", "ATRF_2008": "572.00", "MRF_2009": "302.00", "NMRF_2009": "4.00", "ATRF_2009": "306.00", "MRF_2010": "Not Available", "NMRF_2010": "Not Available", "ATRF_2010": "Not Available", "AGENCY": "RGWD", "ORIG_FID": "100" }, "geometry": { "type": "Point", "coordinates": [ 75.760685, 26.9426178 ] } },
{ "type": "Feature", "properties": { "RAINGAUGE": "JHUNJHUNU", "DISTRICT": "JHUNJHUNU", "LONGITUDE": "75:23:00.000", "LATITUDE": "28:08:00.000", "COUNT": "59.00", "MRF_1984": "293.00", "NMRF_1984": "0.00", "ATRF_1984": "293.00", "MRF_1985": "216.00", "NMRF_1985": "53.00", "ATRF_1985": "269.00", "MRF_1986": "225.00", "NMRF_1986": "95.00", "ATRF_1986": "320.00", "MRF_1987": "136.50", "NMRF_1987": "73.00", "ATRF_1987": "209.50", "MRF_1988": "561.50", "NMRF_1988": "28.00", "ATRF_1988": "589.50", "MRF_1989": "178.20", "NMRF_1989": "6.80", "ATRF_1989": "185.00", "MRF_1990": "303.00", "NMRF_1990": "78.00", "ATRF_1990": "381.00", "MRF_1991": "301.00", "NMRF_1991": "36.00", "ATRF_1991": "337.00", "MRF_1992": "446.00", "NMRF_1992": "63.00", "ATRF_1992": "509.00", "MRF_1993": "370.00", "NMRF_1993": "31.00", "ATRF_1993": "401.00", "MRF_1994": "479.00", "NMRF_1994": "69.00", "ATRF_1994": "548.00", "MRF_1995": "567.00", "NMRF_1995": "24.00", "ATRF_1995": "591.00", "MRF_1996": "490.00", "NMRF_1996": "59.00", "ATRF_1996": "549.00", "MRF_1997": "374.00", "NMRF_1997": "147.00", "ATRF_1997": "521.00", "MRF_1998": "344.00", "NMRF_1998": "100.00", "ATRF_1998": "444.00", "MRF_1999": "174.00", "NMRF_1999": "30.00", "ATRF_1999": "204.00", "MRF_2000": "239.00", "NMRF_2000": "10.00", "ATRF_2000": "249.00", "MRF_2001": "326.00", "NMRF_2001": "71.00", "ATRF_2001": "397.00", "MRF_2002": "66.00", "NMRF_2002": "57.00", "ATRF_2002": "123.00", "MRF_2003": "217.00", "NMRF_2003": "52.00", "ATRF_2003": "269.00", "MRF_2004": "168.00", "NMRF_2004": "30.00", "ATRF_2004": "198.00", "MRF_2005": "343.00", "NMRF_2005": "84.00", "ATRF_2005": "427.00", "MRF_2006": "246.00", "NMRF_2006": "110.00", "ATRF_2006": "356.00", "MRF_2007": "330.00", "NMRF_2007": "105.00", "ATRF_2007": "435.00", "MRF_2008": "517.00", "NMRF_2008": "93.00", "ATRF_2008": "610.00", "MRF_2009": "183.00", "NMRF_2009": "32.00", "ATRF_2009": "215.00", "MRF_2010": "775.00", "NMRF_2010": "53.00", "ATRF_2010": "828.00", "AGENCY": "RGWD", "ORIG_FID": "101" }, "geometry": { "type": "Point", "coordinates": [ 75.3833333, 28.1333333 ] } },
{ "type": "Feature", "properties": { "RAINGAUGE": "KAMAN", "DISTRICT": "BHARATPUR", "LONGITUDE": "77:16:00.000", "LATITUDE": "27:39:00.000", "COUNT": "60.00", "MRF_1984": "774.00", "NMRF_1984": "1.00", "ATRF_1984": "775.00", "MRF_1985": "268.00", "NMRF_1985": "141.00", "ATRF_1985": "409.00", "MRF_1986": "312.00", "NMRF_1986": "85.00", "ATRF_1986": "397.00", "MRF_1987": "156.00", "NMRF_1987": "51.00", "ATRF_1987": "207.00", "MRF_1988": "603.40", "NMRF_1988": "33.00", "ATRF_1988": "636.40", "MRF_1989": "386.40", "NMRF_1989": "34.00", "ATRF_1989": "420.40", "MRF_1990": "659.20", "NMRF_1990": "103.60", "ATRF_1990": "762.80", "MRF_1991": "511.00", "NMRF_1991": "95.60", "ATRF_1991": "606.60", "MRF_1992": "515.80", "NMRF_1992": "152.20", "ATRF_1992": "668.00", "MRF_1993": "559.80", "NMRF_1993": "51.80", "ATRF_1993": "611.60", "MRF_1994": "330.20", "NMRF_1994": "132.80", "ATRF_1994": "463.00", "MRF_1995": "699.20", "NMRF_1995": "40.40", "ATRF_1995": "739.60", "MRF_1996": "1131.40", "NMRF_1996": "82.80", "ATRF_1996": "1214.20", "MRF_1997": "499.00", "NMRF_1997": "114.20", "ATRF_1997": "613.20", "MRF_1998": "628.00", "NMRF_1998": "96.00", "ATRF_1998": "724.00", "MRF_1999": "676.00", "NMRF_1999": "66.00", "ATRF_1999": "742.00", "MRF_2000": "432.00", "NMRF_2000": "35.00", "ATRF_2000": "467.00", "MRF_2001": "471.00", "NMRF_2001": "107.00", "ATRF_2001": "578.00", "MRF_2002": "348.00", "NMRF_2002": "135.00", "ATRF_2002": "483.00", "MRF_2003": "889.00", "NMRF_2003": "106.00", "ATRF_2003": "995.00", "MRF_2004": "413.00", "NMRF_2004": "115.00", "ATRF_2004": "528.00", "MRF_2005": "583.00", "NMRF_2005": "56.00", "ATRF_2005": "639.00", "MRF_2006": "237.00", "NMRF_2006": "103.00", "ATRF_2006": "340.00", "MRF_2007": "509.00", "NMRF_2007": "95.00", "ATRF_2007": "604.00", "MRF_2008": "701.00", "NMRF_2008": "92.00", "ATRF_2008": "793.00", "MRF_2009": "525.00", "NMRF_2009": "58.00", "ATRF_2009": "583.00", "MRF_2010": "965.00", "NMRF_2010": "57.00", "ATRF_2010": "1022.00", "AGENCY": "RGWD", "ORIG_FID": "102" }, "geometry": { "type": "Point", "coordinates": [ 77.2666667, 27.65 ] } },
{ "type": "Feature", "properties": { "RAINGAUGE": "KAPASAN", "DISTRICT": "CHITTAURGARH", "LONGITUDE": "74:19:00.000", "LATITUDE": "24:53:00.000", "COUNT": "52.00", "MRF_1984": "611.90", "NMRF_1984": "0.00", "ATRF_1984": "611.90", "MRF_1985": "486.00", "NMRF_1985": "160.00", "ATRF_1985": "646.00", "MRF_1986": "457.60", "NMRF_1986": "54.40", "ATRF_1986": "512.00", "MRF_1987": "414.20", "NMRF_1987": "59.80", "ATRF_1987": "474.00", "MRF_1988": "676.00", "NMRF_1988": "4.20", "ATRF_1988": "680.20", "MRF_1989": "942.80", "NMRF_1989": "6.80", "ATRF_1989": "949.60", "MRF_1990": "839.00", "NMRF_1990": "51.00", "ATRF_1990": "890.00", "MRF_1991": "649.60", "NMRF_1991": "135.00", "ATRF_1991": "784.60", "MRF_1992": "820.00", "NMRF_1992": "61.00", "ATRF_1992": "881.00", "MRF_1993": "319.00", "NMRF_1993": "21.00", "ATRF_1993": "340.00", "MRF_1994": "772.00", "NMRF_1994": "25.00", "ATRF_1994": "797.00", "MRF_1995": "Not Available", "NMRF_1995": "Not Available", "ATRF_1995": "Not Available", "MRF_1996": "Not Available", "NMRF_1996": "Not Available", "ATRF_1996": "Not Available", "MRF_1997": "764.00", "NMRF_1997": "89.00", "ATRF_1997": "853.00", "MRF_1998": "371.00", "NMRF_1998": "94.00", "ATRF_1998": "465.00", "MRF_1999": "635.00", "NMRF_1999": "94.00", "ATRF_1999": "729.00", "MRF_2000": "305.00", "NMRF_2000": "55.00", "ATRF_2000": "360.00", "MRF_2001": "818.00", "NMRF_2001": "17.00", "ATRF_2001": "835.00", "MRF_2002": "409.00", "NMRF_2002": "14.00", "ATRF_2002": "423.00", "MRF_2003": "426.00", "NMRF_2003": "20.00", "ATRF_2003": "446.00", "MRF_2004": "719.00", "NMRF_2004": "78.00", "ATRF_2004": "797.00", "MRF_2005": "793.00", "NMRF_2005": "0.00", "ATRF_2005": "793.00", "MRF_2006": "689.00", "NMRF_2006": "19.00", "ATRF_2006": "708.00", "MRF_2007": "512.00", "NMRF_2007": "39.00", "ATRF_2007": "551.00", "MRF_2008": "463.00", "NMRF_2008": "5.00", "ATRF_2008": "468.00", "MRF_2009": "400.00", "NMRF_2009": "57.00", "ATRF_2009": "457.00", "MRF_2010": "677.00", "NMRF_2010": "109.00", "ATRF_2010": "786.00", "AGENCY": "RGWD", "ORIG_FID": "103" }, "geometry": { "type": "Point", "coordinates": [ 74.3166667, 24.8833333 ] } },
{ "type": "Feature", "properties": { "RAINGAUGE": "KARANPUR", "DISTRICT": "GANGANAGAR", "LONGITUDE": "73:27:12.350", "LATITUDE": "29:50:17.093", "COUNT": "60.00", "MRF_1984": "243.50", "NMRF_1984": "36.00", "ATRF_1984": "279.50", "MRF_1985": "90.00", "NMRF_1985": "2.00", "ATRF_1985": "92.00", "MRF_1986": "75.50", "NMRF_1986": "23.00", "ATRF_1986": "98.50", "MRF_1987": "99.50", "NMRF_1987": "0.00", "ATRF_1987": "99.50", "MRF_1988": "33.50", "NMRF_1988": "1.00", "ATRF_1988": "34.50", "MRF_1989": "110.50", "NMRF_1989": "54.00", "ATRF_1989": "164.50", "MRF_1990": "105.50", "NMRF_1990": "64.50", "ATRF_1990": "170.00", "MRF_1991": "29.00", "NMRF_1991": "61.00", "ATRF_1991": "90.00", "MRF_1992": "371.00", "NMRF_1992": "56.00", "ATRF_1992": "427.00", "MRF_1993": "243.00", "NMRF_1993": "57.00", "ATRF_1993": "300.00", "MRF_1994": "292.00", "NMRF_1994": "29.00", "ATRF_1994": "321.00", "MRF_1995": "222.00", "NMRF_1995": "40.00", "ATRF_1995": "262.00", "MRF_1996": "140.00", "NMRF_1996": "32.00", "ATRF_1996": "172.00", "MRF_1997": "280.00", "NMRF_1997": "181.00", "ATRF_1997": "461.00", "MRF_1998": "94.00", "NMRF_1998": "34.00", "ATRF_1998": "128.00", "MRF_1999": "43.00", "NMRF_1999": "33.00", "ATRF_1999": "76.00", "MRF_2000": "164.00", "NMRF_2000": "12.00", "ATRF_2000": "176.00", "MRF_2001": "180.00", "NMRF_2001": "68.00", "ATRF_2001": "248.00", "MRF_2002": "50.00", "NMRF_2002": "23.00", "ATRF_2002": "73.00", "MRF_2003": "161.00", "NMRF_2003": "44.00", "ATRF_2003": "205.00", "MRF_2004": "139.00", "NMRF_2004": "36.00", "ATRF_2004": "175.00", "MRF_2005": "60.00", "NMRF_2005": "59.00", "ATRF_2005": "119.00", "MRF_2006": "220.00", "NMRF_2006": "44.00", "ATRF_2006": "264.00", "MRF_2007": "297.00", "NMRF_2007": "29.00", "ATRF_2007": "326.00", "MRF_2008": "173.00", "NMRF_2008": "61.00", "ATRF_2008": "234.00", "MRF_2009": "133.00", "NMRF_2009": "54.00", "ATRF_2009": "187.00", "MRF_2010": "282.00", "NMRF_2010": "31.00", "ATRF_2010": "313.00", "AGENCY": "RGWD", "ORIG_FID": "104" }, "geometry": { "type": "Point", "coordinates": [ 73.4534306, 29.8380814 ] } },
{ "type": "Feature", "properties": { "RAINGAUGE": "KARAULI", "DISTRICT": "KARAULI", "LONGITUDE": "76:01:00.000", "LATITUDE": "26:30:00.000", "COUNT": "58.00", "MRF_1984": "462.00", "NMRF_1984": "0.00", "ATRF_1984": "462.00", "MRF_1985": "685.50", "NMRF_1985": "125.50", "ATRF_1985": "811.00", "MRF_1986": "486.30", "NMRF_1986": "50.50", "ATRF_1986": "536.80", "MRF_1987": "Not Available", "NMRF_1987": "Not Available", "ATRF_1987": "Not Available", "MRF_1988": "Not Available", "NMRF_1988": "Not Available", "ATRF_1988": "Not Available", "MRF_1989": "Not Available", "NMRF_1989": "Not Available", "ATRF_1989": "Not Available", "MRF_1990": "Not Available", "NMRF_1990": "Not Available", "ATRF_1990": "Not Available", "MRF_1991": "Not Available", "NMRF_1991": "Not Available", "ATRF_1991": "Not Available", "MRF_1992": "Not Available", "NMRF_1992": "Not Available", "ATRF_1992": "Not Available", "MRF_1993": "Not Available", "NMRF_1993": "Not Available", "ATRF_1993": "Not Available", "MRF_1994": "674.10", "NMRF_1994": "47.40", "ATRF_1994": "721.50", "MRF_1995": "1166.50", "NMRF_1995": "0.00", "ATRF_1995": "1166.50", "MRF_1996": "940.00", "NMRF_1996": "22.00", "ATRF_1996": "962.00", "MRF_1997": "766.50", "NMRF_1997": "203.70", "ATRF_1997": "970.20", "MRF_1998": "939.00", "NMRF_1998": "124.70", "ATRF_1998": "1063.70", "MRF_1999": "678.00", "NMRF_1999": "22.50", "ATRF_1999": "700.50", "MRF_2000": "575.50", "NMRF_2000": "10.50", "ATRF_2000": "586.00", "MRF_2001": "451.00", "NMRF_2001": "49.60", "ATRF_2001": "500.60", "MRF_2002": "153.60", "NMRF_2002": "79.80", "ATRF_2002": "233.40", "MRF_2003": "876.20", "NMRF_2003": "19.80", "ATRF_2003": "896.00", "MRF_2004": "520.00", "NMRF_2004": "42.00", "ATRF_2004": "562.00", "MRF_2005": "476.90", "NMRF_2005": "21.10", "ATRF_2005": "498.00", "MRF_2006": "368.00", "NMRF_2006": "4.00", "ATRF_2006": "372.00", "MRF_2007": "803.60", "NMRF_2007": "63.00", "ATRF_2007": "866.60", "MRF_2008": "893.60", "NMRF_2008": "42.10", "ATRF_2008": "935.70", "MRF_2009": "572.00", "NMRF_2009": "194.00", "ATRF_2009": "766.00", "MRF_2010": "945.70", "NMRF_2010": "231.90", "ATRF_2010": "1177.60", "AGENCY": "RGWD", "ORIG_FID": "105" }, "geometry": { "type": "Point", "coordinates": [ 76.0166667, 26.5 ] } },
{ "type": "Feature", "properties": { "RAINGAUGE": "KATHUMBAR", "DISTRICT": "ALWAR", "LONGITUDE": "77:04:00.000", "LATITUDE": "27:20:00.000", "COUNT": "60.00", "MRF_1984": "605.00", "NMRF_1984": "12.00", "ATRF_1984": "617.00", "MRF_1985": "409.00", "NMRF_1985": "160.00", "ATRF_1985": "569.00", "MRF_1986": "253.00", "NMRF_1986": "101.00", "ATRF_1986": "354.00", "MRF_1987": "109.00", "NMRF_1987": "49.00", "ATRF_1987": "158.00", "MRF_1988": "307.00", "NMRF_1988": "19.00", "ATRF_1988": "326.00", "MRF_1989": "301.00", "NMRF_1989": "0.00", "ATRF_1989": "301.00", "MRF_1990": "631.00", "NMRF_1990": "87.00", "ATRF_1990": "718.00", "MRF_1991": "289.00", "NMRF_1991": "51.00", "ATRF_1991": "340.00", "MRF_1992": "470.00", "NMRF_1992": "224.50", "ATRF_1992": "694.50", "MRF_1993": "403.00", "NMRF_1993": "63.00", "ATRF_1993": "466.00", "MRF_1994": "580.00", "NMRF_1994": "80.00", "ATRF_1994": "660.00", "MRF_1995": "1063.00", "NMRF_1995": "38.00", "ATRF_1995": "1101.00", "MRF_1996": "1151.00", "NMRF_1996": "64.00", "ATRF_1996": "1215.00", "MRF_1997": "538.00", "NMRF_1997": "188.00", "ATRF_1997": "726.00", "MRF_1998": "831.00", "NMRF_1998": "77.00", "ATRF_1998": "908.00", "MRF_1999": "552.00", "NMRF_1999": "48.00", "ATRF_1999": "600.00", "MRF_2000": "401.00", "NMRF_2000": "21.30", "ATRF_2000": "422.30", "MRF_2001": "466.00", "NMRF_2001": "211.00", "ATRF_2001": "677.00", "MRF_2002": "214.00", "NMRF_2002": "84.00", "ATRF_2002": "298.00", "MRF_2003": "619.00", "NMRF_2003": "98.00", "ATRF_2003": "717.00", "MRF_2004": "388.00", "NMRF_2004": "126.00", "ATRF_2004": "514.00", "MRF_2005": "551.00", "NMRF_2005": "75.00", "ATRF_2005": "626.00", "MRF_2006": "342.00", "NMRF_2006": "84.00", "ATRF_2006": "426.00", "MRF_2007": "487.00", "NMRF_2007": "77.00", "ATRF_2007": "564.00", "MRF_2008": "689.00", "NMRF_2008": "42.00", "ATRF_2008": "731.00", "MRF_2009": "517.00", "NMRF_2009": "86.00", "ATRF_2009": "603.00", "MRF_2010": "768.00", "NMRF_2010": "48.00", "ATRF_2010": "816.00", "AGENCY": "RGWD", "ORIG_FID": "106" }, "geometry": { "type": "Point", "coordinates": [ 77.0666667, 27.3333333 ] } },
{ "type": "Feature", "properties": { "RAINGAUGE": "KEKRI", "DISTRICT": "AJMER", "LONGITUDE": "75:08:54.599", "LATITUDE": "25:58:41.212", "COUNT": "23.00", "MRF_1984": "Not Available", "NMRF_1984": "Not Available", "ATRF_1984": "Not Available", "MRF_1985": "Not Available", "NMRF_1985": "Not Available", "ATRF_1985": "Not Available", "MRF_1986": "Not Available", "NMRF_1986": "Not Available", "ATRF_1986": "Not Available", "MRF_1987": "442.00", "NMRF_1987": "32.00", "ATRF_1987": "474.00", "MRF_1988": "506.00", "NMRF_1988": "0.00", "ATRF_1988": "506.00", "MRF_1989": "352.00", "NMRF_1989": "5.00", "ATRF_1989": "357.00", "MRF_1990": "589.50", "NMRF_1990": "83.00", "ATRF_1990": "672.50", "MRF_1991": "652.00", "NMRF_1991": "10.00", "ATRF_1991": "662.00", "MRF_1992": "749.00", "NMRF_1992": "12.00", "ATRF_1992": "761.00", "MRF_1993": "420.50", "NMRF_1993": "38.00", "ATRF_1993": "458.50", "MRF_1994": "Not Available", "NMRF_1994": "Not Available", "ATRF_1994": "Not Available", "MRF_1995": "Not Available", "NMRF_1995": "Not Available", "ATRF_1995": "Not Available", "MRF_1996": "Not Available", "NMRF_1996": "Not Available", "ATRF_1996": "Not Available", "MRF_1997": "Not Available", "NMRF_1997": "Not Available", "ATRF_1997": "Not Available", "MRF_1998": "Not Available", "NMRF_1998": "Not Available", "ATRF_1998": "Not Available", "MRF_1999": "Not Available", "NMRF_1999": "Not Available", "ATRF_1999": "Not Available", "MRF_2000": "Not Available", "NMRF_2000": "Not Available", "ATRF_2000": "Not Available", "MRF_2001": "Not Available", "NMRF_2001": "Not Available", "ATRF_2001": "Not Available", "MRF_2002": "Not Available", "NMRF_2002": "Not Available", "ATRF_2002": "Not Available", "MRF_2003": "Not Available", "NMRF_2003": "Not Available", "ATRF_2003": "Not Available", "MRF_2004": "Not Available", "NMRF_2004": "Not Available", "ATRF_2004": "Not Available", "MRF_2005": "Not Available", "NMRF_2005": "Not Available", "ATRF_2005": "Not Available", "MRF_2006": "Not Available", "NMRF_2006": "Not Available", "ATRF_2006": "Not Available", "MRF_2007": "Not Available", "NMRF_2007": "Not Available", "ATRF_2007": "Not Available", "MRF_2008": "Not Available", "NMRF_2008": "Not Available", "ATRF_2008": "Not Available", "MRF_2009": "Not Available", "NMRF_2009": "Not Available", "ATRF_2009": "Not Available", "MRF_2010": "554.50", "NMRF_2010": "157.00", "ATRF_2010": "711.50", "AGENCY": "RGWD", "ORIG_FID": "107" }, "geometry": { "type": "Point", "coordinates": [ 75.1484997, 25.9781144 ] } },
{ "type": "Feature", "properties": { "RAINGAUGE": "KESHORAIPATAN", "DISTRICT": "BUNDI", "LONGITUDE": "75:57:00.000", "LATITUDE": "25:18:00.000", "COUNT": "51.00", "MRF_1984": "461.00", "NMRF_1984": "41.50", "ATRF_1984": "502.50", "MRF_1985": "471.50", "NMRF_1985": "87.50", "ATRF_1985": "559.00", "MRF_1986": "759.00", "NMRF_1986": "88.00", "ATRF_1986": "847.00", "MRF_1987": "403.00", "NMRF_1987": "85.00", "ATRF_1987": "488.00", "MRF_1988": "646.00", "NMRF_1988": "102.00", "ATRF_1988": "748.00", "MRF_1989": "575.00", "NMRF_1989": "19.00", "ATRF_1989": "594.00", "MRF_1990": "636.00", "NMRF_1990": "25.00", "ATRF_1990": "661.00", "MRF_1991": "738.00", "NMRF_1991": "30.50", "ATRF_1991": "768.50", "MRF_1992": "501.50", "NMRF_1992": "116.10", "ATRF_1992": "617.60", "MRF_1993": "629.80", "NMRF_1993": "3.00", "ATRF_1993": "632.80", "MRF_1994": "623.50", "NMRF_1994": "24.50", "ATRF_1994": "648.00", "MRF_1995": "Not Available", "NMRF_1995": "Not Available", "ATRF_1995": "Not Available", "MRF_1996": "Not Available", "NMRF_1996": "Not Available", "ATRF_1996": "Not Available", "MRF_1997": "627.70", "NMRF_1997": "123.10", "ATRF_1997": "750.80", "MRF_1998": "499.50", "NMRF_1998": "13.50", "ATRF_1998": "513.00", "MRF_1999": "705.00", "NMRF_1999": "21.00", "ATRF_1999": "726.00", "MRF_2000": "362.00", "NMRF_2000": "74.00", "ATRF_2000": "436.00", "MRF_2001": "750.50", "NMRF_2001": "36.00", "ATRF_2001": "786.50", "MRF_2002": "269.50", "NMRF_2002": "65.00", "ATRF_2002": "334.50", "MRF_2003": "420.00", "NMRF_2003": "28.00", "ATRF_2003": "448.00", "MRF_2004": "448.00", "NMRF_2004": "19.00", "ATRF_2004": "467.00", "MRF_2005": "655.00", "NMRF_2005": "22.00", "ATRF_2005": "677.00", "MRF_2006": "608.00", "NMRF_2006": "38.00", "ATRF_2006": "646.00", "MRF_2007": "484.00", "NMRF_2007": "43.00", "ATRF_2007": "527.00", "MRF_2008": "793.00", "NMRF_2008": "31.00", "ATRF_2008": "824.00", "MRF_2009": "Not Available", "NMRF_2009": "Not Available", "ATRF_2009": "Not Available", "MRF_2010": "591.00", "NMRF_2010": "87.00", "ATRF_2010": "678.00", "AGENCY": "RGWD", "ORIG_FID": "108" }, "geometry": { "type": "Point", "coordinates": [ 75.95, 25.3 ] } },
{ "type": "Feature", "properties": { "RAINGAUGE": "KHANDAR", "DISTRICT": "SAWAI MADHOPUR", "LONGITUDE": "76:37:00.000", "LATITUDE": "26:01:00.000", "COUNT": "60.00", "MRF_1984": "369.00", "NMRF_1984": "5.00", "ATRF_1984": "374.00", "MRF_1985": "466.00", "NMRF_1985": "120.00", "ATRF_1985": "586.00", "MRF_1986": "565.00", "NMRF_1986": "98.00", "ATRF_1986": "663.00", "MRF_1987": "380.00", "NMRF_1987": "87.00", "ATRF_1987": "467.00", "MRF_1988": "607.00", "NMRF_1988": "36.00", "ATRF_1988": "643.00", "MRF_1989": "234.00", "NMRF_1989": "35.00", "ATRF_1989": "269.00", "MRF_1990": "540.00", "NMRF_1990": "10.00", "ATRF_1990": "550.00", "MRF_1991": "523.00", "NMRF_1991": "10.00", "ATRF_1991": "533.00", "MRF_1992": "579.00", "NMRF_1992": "159.00", "ATRF_1992": "738.00", "MRF_1993": "488.00", "NMRF_1993": "17.00", "ATRF_1993": "505.00", "MRF_1994": "897.00", "NMRF_1994": "53.00", "ATRF_1994": "950.00", "MRF_1995": "864.00", "NMRF_1995": "5.00", "ATRF_1995": "869.00", "MRF_1996": "889.00", "NMRF_1996": "24.00", "ATRF_1996": "913.00", "MRF_1997": "658.00", "NMRF_1997": "184.00", "ATRF_1997": "842.00", "MRF_1998": "843.50", "NMRF_1998": "81.00", "ATRF_1998": "924.50", "MRF_1999": "535.00", "NMRF_1999": "78.00", "ATRF_1999": "613.00", "MRF_2000": "322.00", "NMRF_2000": "9.00", "ATRF_2000": "331.00", "MRF_2001": "538.00", "NMRF_2001": "140.00", "ATRF_2001": "678.00", "MRF_2002": "243.00", "NMRF_2002": "42.00", "ATRF_2002": "285.00", "MRF_2003": "436.00", "NMRF_2003": "54.00", "ATRF_2003": "490.00", "MRF_2004": "552.00", "NMRF_2004": "37.00", "ATRF_2004": "589.00", "MRF_2005": "1070.00", "NMRF_2005": "12.00", "ATRF_2005": "1082.00", "MRF_2006": "509.00", "NMRF_2006": "38.00", "ATRF_2006": "547.00", "MRF_2007": "507.00", "NMRF_2007": "74.00", "ATRF_2007": "581.00", "MRF_2008": "753.00", "NMRF_2008": "29.00", "ATRF_2008": "782.00", "MRF_2009": "512.00", "NMRF_2009": "178.00", "ATRF_2009": "690.00", "MRF_2010": "619.00", "NMRF_2010": "170.00", "ATRF_2010": "789.00", "AGENCY": "RGWD", "ORIG_FID": "109" }, "geometry": { "type": "Point", "coordinates": [ 76.6166667, 26.0166667 ] } },
{ "type": "Feature", "properties": { "RAINGAUGE": "KHANPUR", "DISTRICT": "JHALAWAR", "LONGITUDE": "76:23:00.000", "LATITUDE": "24:44:00.000", "COUNT": "59.00", "MRF_1984": "666.40", "NMRF_1984": "20.80", "ATRF_1984": "687.20", "MRF_1985": "718.00", "NMRF_1985": "140.40", "ATRF_1985": "858.40", "MRF_1986": "1036.10", "NMRF_1986": "52.80", "ATRF_1986": "1088.90", "MRF_1987": "691.90", "NMRF_1987": "246.20", "ATRF_1987": "938.10", "MRF_1988": "680.00", "NMRF_1988": "28.60", "ATRF_1988": "708.60", "MRF_1989": "555.00", "NMRF_1989": "4.00", "ATRF_1989": "559.00", "MRF_1990": "945.80", "NMRF_1990": "15.80", "ATRF_1990": "961.60", "MRF_1991": "820.20", "NMRF_1991": "25.00", "ATRF_1991": "845.20", "MRF_1992": "538.80", "NMRF_1992": "168.00", "ATRF_1992": "706.80", "MRF_1993": "778.00", "NMRF_1993": "17.60", "ATRF_1993": "795.60", "MRF_1994": "953.60", "NMRF_1994": "23.00", "ATRF_1994": "976.60", "MRF_1995": "800.00", "NMRF_1995": "57.20", "ATRF_1995": "857.20", "MRF_1996": "1164.80", "NMRF_1996": "56.30", "ATRF_1996": "1221.10", "MRF_1997": "695.20", "NMRF_1997": "240.60", "ATRF_1997": "935.80", "MRF_1998": "741.60", "NMRF_1998": "118.60", "ATRF_1998": "860.20", "MRF_1999": "941.90", "NMRF_1999": "65.00", "ATRF_1999": "1006.90", "MRF_2000": "976.80", "NMRF_2000": "45.60", "ATRF_2000": "1022.40", "MRF_2001": "1162.80", "NMRF_2001": "40.40", "ATRF_2001": "1203.20", "MRF_2002": "290.80", "NMRF_2002": "21.00", "ATRF_2002": "311.80", "MRF_2003": "844.60", "NMRF_2003": "26.40", "ATRF_2003": "871.00", "MRF_2004": "764.00", "NMRF_2004": "0.00", "ATRF_2004": "764.00", "MRF_2005": "793.00", "NMRF_2005": "13.00", "ATRF_2005": "806.00", "MRF_2006": "946.60", "NMRF_2006": "79.00", "ATRF_2006": "1025.60", "MRF_2007": "628.00", "NMRF_2007": "19.40", "ATRF_2007": "647.40", "MRF_2008": "620.00", "NMRF_2008": "43.00", "ATRF_2008": "663.00", "MRF_2009": "450.00", "NMRF_2009": "101.00", "ATRF_2009": "551.00", "MRF_2010": "679.20", "NMRF_2010": "67.00", "ATRF_2010": "746.20", "AGENCY": "RGWD", "ORIG_FID": "110" }, "geometry": { "type": "Point", "coordinates": [ 76.3833333, 24.7333333 ] } },
{ "type": "Feature", "properties": { "RAINGAUGE": "KHARCHI( MARWAR J.)", "DISTRICT": "PALI", "LONGITUDE": "73:35:00.000", "LATITUDE": "25:40:00.000", "COUNT": "60.00", "MRF_1984": "301.00", "NMRF_1984": "36.80", "ATRF_1984": "337.80", "MRF_1985": "86.00", "NMRF_1985": "126.30", "ATRF_1985": "212.30", "MRF_1986": "356.40", "NMRF_1986": "45.60", "ATRF_1986": "402.00", "MRF_1987": "173.80", "NMRF_1987": "43.00", "ATRF_1987": "216.80", "MRF_1988": "411.40", "NMRF_1988": "0.00", "ATRF_1988": "411.40", "MRF_1989": "525.00", "NMRF_1989": "14.40", "ATRF_1989": "539.40", "MRF_1990": "848.80", "NMRF_1990": "52.00", "ATRF_1990": "900.80", "MRF_1991": "488.80", "NMRF_1991": "0.00", "ATRF_1991": "488.80", "MRF_1992": "874.40", "NMRF_1992": "14.80", "ATRF_1992": "889.20", "MRF_1993": "396.30", "NMRF_1993": "6.00", "ATRF_1993": "402.30", "MRF_1994": "906.70", "NMRF_1994": "3.30", "ATRF_1994": "910.00", "MRF_1995": "528.00", "NMRF_1995": "1.00", "ATRF_1995": "529.00", "MRF_1996": "780.00", "NMRF_1996": "6.00", "ATRF_1996": "786.00", "MRF_1997": "931.00", "NMRF_1997": "89.00", "ATRF_1997": "1020.00", "MRF_1998": "264.20", "NMRF_1998": "131.00", "ATRF_1998": "395.20", "MRF_1999": "392.00", "NMRF_1999": "71.00", "ATRF_1999": "463.00", "MRF_2000": "324.00", "NMRF_2000": "49.00", "ATRF_2000": "373.00", "MRF_2001": "540.00", "NMRF_2001": "37.00", "ATRF_2001": "577.00", "MRF_2002": "165.00", "NMRF_2002": "27.00", "ATRF_2002": "192.00", "MRF_2003": "458.00", "NMRF_2003": "86.50", "ATRF_2003": "544.50", "MRF_2004": "528.00", "NMRF_2004": "32.00", "ATRF_2004": "560.00", "MRF_2005": "337.00", "NMRF_2005": "32.00", "ATRF_2005": "369.00", "MRF_2006": "383.30", "NMRF_2006": "2.00", "ATRF_2006": "385.30", "MRF_2007": "411.00", "NMRF_2007": "24.00", "ATRF_2007": "435.00", "MRF_2008": "422.00", "NMRF_2008": "72.00", "ATRF_2008": "494.00", "MRF_2009": "164.00", "NMRF_2009": "16.00", "ATRF_2009": "180.00", "MRF_2010": "Not Available", "NMRF_2010": "Not Available", "ATRF_2010": "Not Available", "AGENCY": "RGWD", "ORIG_FID": "111" }, "geometry": { "type": "Point", "coordinates": [ 73.5833333, 25.6666667 ] } },
{ "type": "Feature", "properties": { "RAINGAUGE": "KHERWARA", "DISTRICT": "UDAIPUR", "LONGITUDE": "73:36:00.000", "LATITUDE": "23:59:00.000", "COUNT": "58.00", "MRF_1984": "1016.00", "NMRF_1984": "7.00", "ATRF_1984": "1023.00", "MRF_1985": "346.00", "NMRF_1985": "115.00", "ATRF_1985": "461.00", "MRF_1986": "517.00", "NMRF_1986": "11.00", "ATRF_1986": "528.00", "MRF_1987": "247.50", "NMRF_1987": "22.00", "ATRF_1987": "269.50", "MRF_1988": "497.00", "NMRF_1988": "0.00", "ATRF_1988": "497.00", "MRF_1989": "597.00", "NMRF_1989": "0.00", "ATRF_1989": "597.00", "MRF_1990": "791.00", "NMRF_1990": "23.00", "ATRF_1990": "814.00", "MRF_1991": "554.00", "NMRF_1991": "0.00", "ATRF_1991": "554.00", "MRF_1992": "496.00", "NMRF_1992": "0.00", "ATRF_1992": "496.00", "MRF_1993": "478.00", "NMRF_1993": "26.00", "ATRF_1993": "504.00", "MRF_1994": "853.00", "NMRF_1994": "14.00", "ATRF_1994": "867.00", "MRF_1995": "267.00", "NMRF_1995": "17.00", "ATRF_1995": "284.00", "MRF_1996": "462.00", "NMRF_1996": "0.00", "ATRF_1996": "462.00", "MRF_1997": "574.00", "NMRF_1997": "35.00", "ATRF_1997": "609.00", "MRF_1998": "723.00", "NMRF_1998": "105.00", "ATRF_1998": "828.00", "MRF_1999": "336.00", "NMRF_1999": "48.00", "ATRF_1999": "384.00", "MRF_2000": "286.00", "NMRF_2000": "1.00", "ATRF_2000": "287.00", "MRF_2001": "576.00", "NMRF_2001": "9.00", "ATRF_2001": "585.00", "MRF_2002": "400.00", "NMRF_2002": "13.00", "ATRF_2002": "413.00", "MRF_2003": "641.00", "NMRF_2003": "9.00", "ATRF_2003": "650.00", "MRF_2004": "609.00", "NMRF_2004": "36.00", "ATRF_2004": "645.00", "MRF_2005": "571.00", "NMRF_2005": "30.00", "ATRF_2005": "601.00", "MRF_2006": "1332.00", "NMRF_2006": "0.00", "ATRF_2006": "1332.00", "MRF_2007": "481.00", "NMRF_2007": "19.00", "ATRF_2007": "500.00", "MRF_2008": "345.00", "NMRF_2008": "9.00", "ATRF_2008": "354.00", "MRF_2009": "533.00", "NMRF_2009": "10.00", "ATRF_2009": "543.00", "MRF_2010": "646.00", "NMRF_2010": "47.00", "ATRF_2010": "693.00", "AGENCY": "RGWD", "ORIG_FID": "112" }, "geometry": { "type": "Point", "coordinates": [ 73.6, 23.9833333 ] } },
{ "type": "Feature", "properties": { "RAINGAUGE": "KHETRI", "DISTRICT": "JHUNJHUNU", "LONGITUDE": "75:48:00.000", "LATITUDE": "28:00:00.000", "COUNT": "58.00", "MRF_1984": "374.80", "NMRF_1984": "0.00", "ATRF_1984": "374.80", "MRF_1985": "620.50", "NMRF_1985": "42.20", "ATRF_1985": "662.70", "MRF_1986": "0.00", "NMRF_1986": "81.80", "ATRF_1986": "81.80", "MRF_1987": "147.20", "NMRF_1987": "119.80", "ATRF_1987": "267.00", "MRF_1988": "668.00", "NMRF_1988": "76.50", "ATRF_1988": "744.50", "MRF_1989": "278.00", "NMRF_1989": "13.00", "ATRF_1989": "291.00", "MRF_1990": "304.00", "NMRF_1990": "115.00", "ATRF_1990": "419.00", "MRF_1991": "372.00", "NMRF_1991": "26.00", "ATRF_1991": "398.00", "MRF_1992": "431.00", "NMRF_1992": "98.00", "ATRF_1992": "529.00", "MRF_1993": "718.00", "NMRF_1993": "52.00", "ATRF_1993": "770.00", "MRF_1994": "602.00", "NMRF_1994": "73.00", "ATRF_1994": "675.00", "MRF_1995": "747.00", "NMRF_1995": "90.00", "ATRF_1995": "837.00", "MRF_1996": "1047.00", "NMRF_1996": "68.00", "ATRF_1996": "1115.00", "MRF_1997": "426.00", "NMRF_1997": "202.00", "ATRF_1997": "628.00", "MRF_1998": "377.00", "NMRF_1998": "84.00", "ATRF_1998": "461.00", "MRF_1999": "425.00", "NMRF_1999": "46.00", "ATRF_1999": "471.00", "MRF_2000": "372.00", "NMRF_2000": "28.00", "ATRF_2000": "400.00", "MRF_2001": "524.00", "NMRF_2001": "97.00", "ATRF_2001": "621.00", "MRF_2002": "167.00", "NMRF_2002": "67.00", "ATRF_2002": "234.00", "MRF_2003": "606.00", "NMRF_2003": "87.00", "ATRF_2003": "693.00", "MRF_2004": "304.00", "NMRF_2004": "66.00", "ATRF_2004": "370.00", "MRF_2005": "572.00", "NMRF_2005": "96.00", "ATRF_2005": "668.00", "MRF_2006": "301.00", "NMRF_2006": "116.00", "ATRF_2006": "417.00", "MRF_2007": "257.00", "NMRF_2007": "147.00", "ATRF_2007": "404.00", "MRF_2008": "621.00", "NMRF_2008": "179.00", "ATRF_2008": "800.00", "MRF_2009": "505.00", "NMRF_2009": "52.00", "ATRF_2009": "557.00", "MRF_2010": "895.00", "NMRF_2010": "49.00", "ATRF_2010": "944.00", "AGENCY": "RGWD", "ORIG_FID": "113" }, "geometry": { "type": "Point", "coordinates": [ 75.8, 28.0 ] } },
{ "type": "Feature", "properties": { "RAINGAUGE": "KISHANGANJ", "DISTRICT": "BARAN", "LONGITUDE": "76:39:00.000", "LATITUDE": "25:06:00.000", "COUNT": "59.00", "MRF_1984": "640.00", "NMRF_1984": "4.00", "ATRF_1984": "644.00", "MRF_1985": "350.50", "NMRF_1985": "0.00", "ATRF_1985": "350.50", "MRF_1986": "777.20", "NMRF_1986": "35.00", "ATRF_1986": "812.20", "MRF_1987": "505.90", "NMRF_1987": "243.60", "ATRF_1987": "749.50", "MRF_1988": "752.60", "NMRF_1988": "8.20", "ATRF_1988": "760.80", "MRF_1989": "622.70", "NMRF_1989": "21.00", "ATRF_1989": "643.70", "MRF_1990": "802.10", "NMRF_1990": "77.60", "ATRF_1990": "879.70", "MRF_1991": "1180.20", "NMRF_1991": "27.40", "ATRF_1991": "1207.60", "MRF_1992": "930.30", "NMRF_1992": "164.00", "ATRF_1992": "1094.30", "MRF_1993": "610.80", "NMRF_1993": "0.00", "ATRF_1993": "610.80", "MRF_1994": "1238.00", "NMRF_1994": "18.60", "ATRF_1994": "1256.60", "MRF_1995": "823.20", "NMRF_1995": "56.40", "ATRF_1995": "879.60", "MRF_1996": "999.80", "NMRF_1996": "70.20", "ATRF_1996": "1070.00", "MRF_1997": "623.60", "NMRF_1997": "198.80", "ATRF_1997": "822.40", "MRF_1998": "715.80", "NMRF_1998": "42.40", "ATRF_1998": "758.20", "MRF_1999": "969.80", "NMRF_1999": "26.00", "ATRF_1999": "995.80", "MRF_2000": "656.80", "NMRF_2000": "32.00", "ATRF_2000": "688.80", "MRF_2001": "958.00", "NMRF_2001": "103.40", "ATRF_2001": "1061.40", "MRF_2002": "250.40", "NMRF_2002": "33.20", "ATRF_2002": "283.60", "MRF_2003": "570.00", "NMRF_2003": "20.00", "ATRF_2003": "590.00", "MRF_2004": "474.00", "NMRF_2004": "96.00", "ATRF_2004": "570.00", "MRF_2005": "803.00", "NMRF_2005": "3.00", "ATRF_2005": "806.00", "MRF_2006": "556.00", "NMRF_2006": "35.00", "ATRF_2006": "591.00", "MRF_2007": "654.00", "NMRF_2007": "43.00", "ATRF_2007": "697.00", "MRF_2008": "827.00", "NMRF_2008": "16.00", "ATRF_2008": "843.00", "MRF_2009": "589.00", "NMRF_2009": "45.00", "ATRF_2009": "634.00", "MRF_2010": "549.00", "NMRF_2010": "53.00", "ATRF_2010": "602.00", "AGENCY": "RGWD", "ORIG_FID": "114" }, "geometry": { "type": "Point", "coordinates": [ 76.65, 25.1 ] } },
{ "type": "Feature", "properties": { "RAINGAUGE": "KISHANGARH", "DISTRICT": "AJMER", "LONGITUDE": "74:51:00.000", "LATITUDE": "26:34:00.000", "COUNT": "59.00", "MRF_1984": "516.00", "NMRF_1984": "0.00", "ATRF_1984": "516.00", "MRF_1985": "631.50", "NMRF_1985": "225.00", "ATRF_1985": "856.50", "MRF_1986": "156.00", "NMRF_1986": "79.50", "ATRF_1986": "235.50", "MRF_1987": "224.00", "NMRF_1987": "38.00", "ATRF_1987": "262.00", "MRF_1988": "404.00", "NMRF_1988": "9.00", "ATRF_1988": "413.00", "MRF_1989": "237.50", "NMRF_1989": "24.00", "ATRF_1989": "261.50", "MRF_1990": "377.00", "NMRF_1990": "57.00", "ATRF_1990": "434.00", "MRF_1991": "273.90", "NMRF_1991": "14.00", "ATRF_1991": "287.90", "MRF_1992": "655.00", "NMRF_1992": "16.00", "ATRF_1992": "671.00", "MRF_1993": "465.00", "NMRF_1993": "11.00", "ATRF_1993": "476.00", "MRF_1994": "671.00", "NMRF_1994": "55.00", "ATRF_1994": "726.00", "MRF_1995": "1033.50", "NMRF_1995": "89.50", "ATRF_1995": "1123.00", "MRF_1996": "1186.00", "NMRF_1996": "67.00", "ATRF_1996": "1253.00", "MRF_1997": "701.00", "NMRF_1997": "84.00", "ATRF_1997": "785.00", "MRF_1998": "636.00", "NMRF_1998": "36.00", "ATRF_1998": "672.00", "MRF_1999": "436.00", "NMRF_1999": "52.00", "ATRF_1999": "488.00", "MRF_2000": "470.00", "NMRF_2000": "24.00", "ATRF_2000": "494.00", "MRF_2001": "516.00", "NMRF_2001": "45.00", "ATRF_2001": "561.00", "MRF_2002": "170.00", "NMRF_2002": "82.00", "ATRF_2002": "252.00", "MRF_2003": "857.00", "NMRF_2003": "83.00", "ATRF_2003": "940.00", "MRF_2004": "449.00", "NMRF_2004": "252.00", "ATRF_2004": "701.00", "MRF_2005": "688.00", "NMRF_2005": "46.00", "ATRF_2005": "734.00", "MRF_2006": "452.00", "NMRF_2006": "108.00", "ATRF_2006": "560.00", "MRF_2007": "529.00", "NMRF_2007": "75.00", "ATRF_2007": "604.00", "MRF_2008": "712.00", "NMRF_2008": "80.00", "ATRF_2008": "792.00", "MRF_2009": "558.00", "NMRF_2009": "12.00", "ATRF_2009": "570.00", "MRF_2010": "447.60", "NMRF_2010": "132.80", "ATRF_2010": "580.40", "AGENCY": "RGWD", "ORIG_FID": "115" }, "geometry": { "type": "Point", "coordinates": [ 74.85, 26.5666667 ] } },
{ "type": "Feature", "properties": { "RAINGAUGE": "KOLAYAT", "DISTRICT": "BIKANER", "LONGITUDE": "72:57:48.047", "LATITUDE": "27:49:21.709", "COUNT": "53.00", "MRF_1984": "172.00", "NMRF_1984": "9.00", "ATRF_1984": "181.00", "MRF_1985": "99.00", "NMRF_1985": "5.00", "ATRF_1985": "104.00", "MRF_1986": "110.00", "NMRF_1986": "44.00", "ATRF_1986": "154.00", "MRF_1987": "8.00", "NMRF_1987": "172.00", "ATRF_1987": "180.00", "MRF_1988": "115.00", "NMRF_1988": "29.00", "ATRF_1988": "144.00", "MRF_1989": "315.00", "NMRF_1989": "18.00", "ATRF_1989": "333.00", "MRF_1990": "134.00", "NMRF_1990": "40.00", "ATRF_1990": "174.00", "MRF_1991": "51.00", "NMRF_1991": "34.00", "ATRF_1991": "85.00", "MRF_1992": "439.00", "NMRF_1992": "5.00", "ATRF_1992": "444.00", "MRF_1993": "150.30", "NMRF_1993": "21.00", "ATRF_1993": "171.30", "MRF_1994": "360.00", "NMRF_1994": "36.00", "ATRF_1994": "396.00", "MRF_1995": "240.00", "NMRF_1995": "43.00", "ATRF_1995": "283.00", "MRF_1996": "Not Available", "NMRF_1996": "Not Available", "ATRF_1996": "Not Available", "MRF_1997": "570.00", "NMRF_1997": "324.00", "ATRF_1997": "894.00", "MRF_1998": "288.00", "NMRF_1998": "231.00", "ATRF_1998": "519.00", "MRF_1999": "261.00", "NMRF_1999": "107.00", "ATRF_1999": "368.00", "MRF_2000": "182.00", "NMRF_2000": "0.00", "ATRF_2000": "182.00", "MRF_2001": "417.00", "NMRF_2001": "27.00", "ATRF_2001": "444.00", "MRF_2002": "19.00", "NMRF_2002": "53.10", "ATRF_2002": "72.10", "MRF_2003": "347.00", "NMRF_2003": "37.70", "ATRF_2003": "384.70", "MRF_2004": "60.00", "NMRF_2004": "24.30", "ATRF_2004": "84.30", "MRF_2005": "225.00", "NMRF_2005": "56.00", "ATRF_2005": "281.00", "MRF_2006": "183.00", "NMRF_2006": "22.50", "ATRF_2006": "205.50", "MRF_2007": "181.00", "NMRF_2007": "125.00", "ATRF_2007": "306.00", "MRF_2008": "187.00", "NMRF_2008": "147.00", "ATRF_2008": "334.00", "MRF_2009": "126.00", "NMRF_2009": "75.00", "ATRF_2009": "201.00", "MRF_2010": "Not Available", "NMRF_2010": "Not Available", "ATRF_2010": "Not Available", "AGENCY": "RGWD", "ORIG_FID": "116" }, "geometry": { "type": "Point", "coordinates": [ 72.9633464, 27.8226969 ] } },
{ "type": "Feature", "properties": { "RAINGAUGE": "KOTKASIM", "DISTRICT": "ALWAR", "LONGITUDE": "76:43:00.000", "LATITUDE": "28:02:00.000", "COUNT": "60.00", "MRF_1984": "297.40", "NMRF_1984": "7.00", "ATRF_1984": "304.40", "MRF_1985": "553.00", "NMRF_1985": "154.00", "ATRF_1985": "707.00", "MRF_1986": "266.10", "NMRF_1986": "23.40", "ATRF_1986": "289.50", "MRF_1987": "117.50", "NMRF_1987": "74.00", "ATRF_1987": "191.50", "MRF_1988": "629.00", "NMRF_1988": "77.00", "ATRF_1988": "706.00", "MRF_1989": "353.30", "NMRF_1989": "36.20", "ATRF_1989": "389.50", "MRF_1990": "788.00", "NMRF_1990": "123.00", "ATRF_1990": "911.00", "MRF_1991": "396.00", "NMRF_1991": "100.00", "ATRF_1991": "496.00", "MRF_1992": "406.00", "NMRF_1992": "108.00", "ATRF_1992": "514.00", "MRF_1993": "538.70", "NMRF_1993": "54.00", "ATRF_1993": "592.70", "MRF_1994": "556.00", "NMRF_1994": "62.00", "ATRF_1994": "618.00", "MRF_1995": "1041.00", "NMRF_1995": "78.00", "ATRF_1995": "1119.00", "MRF_1996": "1255.00", "NMRF_1996": "45.00", "ATRF_1996": "1300.00", "MRF_1997": "568.00", "NMRF_1997": "234.00", "ATRF_1997": "802.00", "MRF_1998": "744.00", "NMRF_1998": "101.00", "ATRF_1998": "845.00", "MRF_1999": "497.00", "NMRF_1999": "40.00", "ATRF_1999": "537.00", "MRF_2000": "498.00", "NMRF_2000": "59.00", "ATRF_2000": "557.00", "MRF_2001": "497.00", "NMRF_2001": "150.00", "ATRF_2001": "647.00", "MRF_2002": "145.00", "NMRF_2002": "113.00", "ATRF_2002": "258.00", "MRF_2003": "1005.00", "NMRF_2003": "155.00", "ATRF_2003": "1160.00", "MRF_2004": "723.00", "NMRF_2004": "147.00", "ATRF_2004": "870.00", "MRF_2005": "976.00", "NMRF_2005": "91.00", "ATRF_2005": "1067.00", "MRF_2006": "619.00", "NMRF_2006": "122.00", "ATRF_2006": "741.00", "MRF_2007": "752.00", "NMRF_2007": "195.00", "ATRF_2007": "947.00", "MRF_2008": "1057.00", "NMRF_2008": "263.00", "ATRF_2008": "1320.00", "MRF_2009": "740.00", "NMRF_2009": "18.00", "ATRF_2009": "758.00", "MRF_2010": "936.00", "NMRF_2010": "77.00", "ATRF_2010": "1013.00", "AGENCY": "RGWD", "ORIG_FID": "117" }, "geometry": { "type": "Point", "coordinates": [ 76.7166667, 28.0333333 ] } },
{ "type": "Feature", "properties": { "RAINGAUGE": "KOTPUTLI", "DISTRICT": "JAIPUR", "LONGITUDE": "76:13:00.000", "LATITUDE": "27:43:00.000", "COUNT": "58.00", "MRF_1984": "455.00", "NMRF_1984": "0.00", "ATRF_1984": "455.00", "MRF_1985": "448.90", "NMRF_1985": "104.50", "ATRF_1985": "553.40", "MRF_1986": "181.70", "NMRF_1986": "94.60", "ATRF_1986": "276.30", "MRF_1987": "218.00", "NMRF_1987": "114.40", "ATRF_1987": "332.40", "MRF_1988": "1140.00", "NMRF_1988": "20.40", "ATRF_1988": "1160.40", "MRF_1989": "438.00", "NMRF_1989": "0.00", "ATRF_1989": "438.00", "MRF_1990": "362.00", "NMRF_1990": "82.00", "ATRF_1990": "444.00", "MRF_1991": "311.00", "NMRF_1991": "131.50", "ATRF_1991": "442.50", "MRF_1992": "449.40", "NMRF_1992": "79.50", "ATRF_1992": "528.90", "MRF_1993": "675.00", "NMRF_1993": "65.00", "ATRF_1993": "740.00", "MRF_1994": "501.00", "NMRF_1994": "40.00", "ATRF_1994": "541.00", "MRF_1995": "774.00", "NMRF_1995": "0.00", "ATRF_1995": "774.00", "MRF_1996": "1108.30", "NMRF_1996": "126.70", "ATRF_1996": "1235.00", "MRF_1997": "675.00", "NMRF_1997": "222.50", "ATRF_1997": "897.50", "MRF_1998": "540.50", "NMRF_1998": "84.50", "ATRF_1998": "625.00", "MRF_1999": "410.00", "NMRF_1999": "61.00", "ATRF_1999": "471.00", "MRF_2000": "379.00", "NMRF_2000": "123.00", "ATRF_2000": "502.00", "MRF_2001": "379.80", "NMRF_2001": "157.00", "ATRF_2001": "536.80", "MRF_2002": "101.50", "NMRF_2002": "90.50", "ATRF_2002": "192.00", "MRF_2003": "733.00", "NMRF_2003": "104.00", "ATRF_2003": "837.00", "MRF_2004": "378.00", "NMRF_2004": "44.00", "ATRF_2004": "422.00", "MRF_2005": "725.00", "NMRF_2005": "52.00", "ATRF_2005": "777.00", "MRF_2006": "435.00", "NMRF_2006": "85.00", "ATRF_2006": "520.00", "MRF_2007": "536.00", "NMRF_2007": "166.00", "ATRF_2007": "702.00", "MRF_2008": "732.00", "NMRF_2008": "154.00", "ATRF_2008": "886.00", "MRF_2009": "288.00", "NMRF_2009": "19.00", "ATRF_2009": "307.00", "MRF_2010": "757.00", "NMRF_2010": "59.00", "ATRF_2010": "816.00", "AGENCY": "RGWD", "ORIG_FID": "118" }, "geometry": { "type": "Point", "coordinates": [ 76.2166667, 27.7166667 ] } },
{ "type": "Feature", "properties": { "RAINGAUGE": "KOTRA", "DISTRICT": "UDAIPUR", "LONGITUDE": "73:10:00.000", "LATITUDE": "24:22:00.000", "COUNT": "58.00", "MRF_1984": "846.00", "NMRF_1984": "0.00", "ATRF_1984": "846.00", "MRF_1985": "710.00", "NMRF_1985": "21.20", "ATRF_1985": "731.20", "MRF_1986": "416.00", "NMRF_1986": "6.00", "ATRF_1986": "422.00", "MRF_1987": "174.00", "NMRF_1987": "9.00", "ATRF_1987": "183.00", "MRF_1988": "926.50", "NMRF_1988": "19.00", "ATRF_1988": "945.50", "MRF_1989": "548.00", "NMRF_1989": "5.00", "ATRF_1989": "553.00", "MRF_1990": "1054.00", "NMRF_1990": "4.00", "ATRF_1990": "1058.00", "MRF_1991": "846.00", "NMRF_1991": "22.00", "ATRF_1991": "868.00", "MRF_1992": "1224.00", "NMRF_1992": "12.00", "ATRF_1992": "1236.00", "MRF_1993": "783.00", "NMRF_1993": "10.00", "ATRF_1993": "793.00", "MRF_1994": "1324.50", "NMRF_1994": "20.00", "ATRF_1994": "1344.50", "MRF_1995": "554.00", "NMRF_1995": "46.00", "ATRF_1995": "600.00", "MRF_1996": "469.00", "NMRF_1996": "0.00", "ATRF_1996": "469.00", "MRF_1997": "692.00", "NMRF_1997": "103.00", "ATRF_1997": "795.00", "MRF_1998": "640.00", "NMRF_1998": "125.00", "ATRF_1998": "765.00", "MRF_1999": "329.00", "NMRF_1999": "69.00", "ATRF_1999": "398.00", "MRF_2000": "465.00", "NMRF_2000": "60.00", "ATRF_2000": "525.00", "MRF_2001": "669.00", "NMRF_2001": "105.00", "ATRF_2001": "774.00", "MRF_2002": "398.00", "NMRF_2002": "5.00", "ATRF_2002": "403.00", "MRF_2003": "969.00", "NMRF_2003": "62.00", "ATRF_2003": "1031.00", "MRF_2004": "542.00", "NMRF_2004": "121.00", "ATRF_2004": "663.00", "MRF_2005": "1045.00", "NMRF_2005": "9.00", "ATRF_2005": "1054.00", "MRF_2006": "1547.00", "NMRF_2006": "17.00", "ATRF_2006": "1564.00", "MRF_2007": "1170.00", "NMRF_2007": "3.00", "ATRF_2007": "1173.00", "MRF_2008": "670.00", "NMRF_2008": "26.00", "ATRF_2008": "696.00", "MRF_2009": "632.00", "NMRF_2009": "21.00", "ATRF_2009": "653.00", "MRF_2010": "782.00", "NMRF_2010": "114.00", "ATRF_2010": "896.00", "AGENCY": "RGWD", "ORIG_FID": "119" }, "geometry": { "type": "Point", "coordinates": [ 73.1666667, 24.3666667 ] } },
{ "type": "Feature", "properties": { "RAINGAUGE": "KOTRI", "DISTRICT": "BHILWARA", "LONGITUDE": "74:54:00.000", "LATITUDE": "25:25:00.000", "COUNT": "56.00", "MRF_1984": "916.00", "NMRF_1984": "0.00", "ATRF_1984": "916.00", "MRF_1985": "367.00", "NMRF_1985": "96.00", "ATRF_1985": "463.00", "MRF_1986": "729.00", "NMRF_1986": "108.00", "ATRF_1986": "837.00", "MRF_1987": "485.00", "NMRF_1987": "82.00", "ATRF_1987": "567.00", "MRF_1988": "635.00", "NMRF_1988": "26.00", "ATRF_1988": "661.00", "MRF_1989": "Not Available", "NMRF_1989": "Not Available", "ATRF_1989": "Not Available", "MRF_1990": "956.00", "NMRF_1990": "19.00", "ATRF_1990": "975.00", "MRF_1991": "595.00", "NMRF_1991": "29.00", "ATRF_1991": "624.00", "MRF_1992": "751.00", "NMRF_1992": "5.00", "ATRF_1992": "756.00", "MRF_1993": "418.00", "NMRF_1993": "23.00", "ATRF_1993": "441.00", "MRF_1994": "1118.00", "NMRF_1994": "37.00", "ATRF_1994": "1155.00", "MRF_1995": "486.00", "NMRF_1995": "78.00", "ATRF_1995": "564.00", "MRF_1996": "Not Available", "NMRF_1996": "Not Available", "ATRF_1996": "Not Available", "MRF_1997": "478.00", "NMRF_1997": "76.00", "ATRF_1997": "554.00", "MRF_1998": "366.00", "NMRF_1998": "57.00", "ATRF_1998": "423.00", "MRF_1999": "475.00", "NMRF_1999": "91.00", "ATRF_1999": "566.00", "MRF_2000": "484.00", "NMRF_2000": "23.00", "ATRF_2000": "507.00", "MRF_2001": "716.00", "NMRF_2001": "64.00", "ATRF_2001": "780.00", "MRF_2002": "356.00", "NMRF_2002": "42.00", "ATRF_2002": "398.00", "MRF_2003": "482.00", "NMRF_2003": "30.00", "ATRF_2003": "512.00", "MRF_2004": "1298.00", "NMRF_2004": "33.00", "ATRF_2004": "1331.00", "MRF_2005": "505.00", "NMRF_2005": "16.00", "ATRF_2005": "521.00", "MRF_2006": "659.00", "NMRF_2006": "15.00", "ATRF_2006": "674.00", "MRF_2007": "574.00", "NMRF_2007": "24.00", "ATRF_2007": "598.00", "MRF_2008": "894.00", "NMRF_2008": "42.00", "ATRF_2008": "936.00", "MRF_2009": "301.00", "NMRF_2009": "7.00", "ATRF_2009": "308.00", "MRF_2010": "708.00", "NMRF_2010": "174.00", "ATRF_2010": "882.00", "AGENCY": "RGWD", "ORIG_FID": "120" }, "geometry": { "type": "Point", "coordinates": [ 74.9, 25.4166667 ] } },
{ "type": "Feature", "properties": { "RAINGAUGE": "KUMBHALGARH", "DISTRICT": "RAJSAMAND", "LONGITUDE": "73:34:00.000", "LATITUDE": "25:10:00.000", "COUNT": "59.00", "MRF_1984": "595.00", "NMRF_1984": "0.00", "ATRF_1984": "595.00", "MRF_1985": "311.00", "NMRF_1985": "92.00", "ATRF_1985": "403.00", "MRF_1986": "755.00", "NMRF_1986": "58.00", "ATRF_1986": "813.00", "MRF_1987": "571.00", "NMRF_1987": "130.00", "ATRF_1987": "701.00", "MRF_1988": "942.50", "NMRF_1988": "15.00", "ATRF_1988": "957.50", "MRF_1989": "552.00", "NMRF_1989": "1.00", "ATRF_1989": "553.00", "MRF_1990": "1038.00", "NMRF_1990": "146.00", "ATRF_1990": "1184.00", "MRF_1991": "597.00", "NMRF_1991": "24.00", "ATRF_1991": "621.00", "MRF_1992": "1008.00", "NMRF_1992": "36.00", "ATRF_1992": "1044.00", "MRF_1993": "314.00", "NMRF_1993": "39.00", "ATRF_1993": "353.00", "MRF_1994": "869.00", "NMRF_1994": "57.00", "ATRF_1994": "926.00", "MRF_1995": "946.00", "NMRF_1995": "54.00", "ATRF_1995": "1000.00", "MRF_1996": "946.00", "NMRF_1996": "54.00", "ATRF_1996": "1000.00", "MRF_1997": "694.00", "NMRF_1997": "92.00", "ATRF_1997": "786.00", "MRF_1998": "497.00", "NMRF_1998": "157.00", "ATRF_1998": "654.00", "MRF_1999": "440.00", "NMRF_1999": "19.00", "ATRF_1999": "459.00", "MRF_2000": "398.00", "NMRF_2000": "35.00", "ATRF_2000": "433.00", "MRF_2001": "593.00", "NMRF_2001": "27.00", "ATRF_2001": "620.00", "MRF_2002": "314.00", "NMRF_2002": "30.00", "ATRF_2002": "344.00", "MRF_2003": "697.00", "NMRF_2003": "35.00", "ATRF_2003": "732.00", "MRF_2004": "327.00", "NMRF_2004": "46.00", "ATRF_2004": "373.00", "MRF_2005": "788.00", "NMRF_2005": "34.00", "ATRF_2005": "822.00", "MRF_2006": "900.00", "NMRF_2006": "26.00", "ATRF_2006": "926.00", "MRF_2007": "726.00", "NMRF_2007": "62.00", "ATRF_2007": "788.00", "MRF_2008": "415.00", "NMRF_2008": "87.00", "ATRF_2008": "502.00", "MRF_2009": "398.00", "NMRF_2009": "3.00", "ATRF_2009": "401.00", "MRF_2010": "899.00", "NMRF_2010": "178.00", "ATRF_2010": "1077.00", "AGENCY": "RGWD", "ORIG_FID": "121" }, "geometry": { "type": "Point", "coordinates": [ 73.5666667, 25.1666667 ] } },
{ "type": "Feature", "properties": { "RAINGAUGE": "KUMBHER", "DISTRICT": "BHARATPUR", "LONGITUDE": "77:22:00.000", "LATITUDE": "27:19:00.000", "COUNT": "60.00", "MRF_1984": "477.10", "NMRF_1984": "11.40", "ATRF_1984": "488.50", "MRF_1985": "242.10", "NMRF_1985": "77.50", "ATRF_1985": "319.60", "MRF_1986": "226.70", "NMRF_1986": "76.60", "ATRF_1986": "303.30", "MRF_1987": "332.20", "NMRF_1987": "68.00", "ATRF_1987": "400.20", "MRF_1988": "502.60", "NMRF_1988": "67.60", "ATRF_1988": "570.20", "MRF_1989": "580.00", "NMRF_1989": "16.60", "ATRF_1989": "596.60", "MRF_1990": "527.50", "NMRF_1990": "78.50", "ATRF_1990": "606.00", "MRF_1991": "443.00", "NMRF_1991": "71.00", "ATRF_1991": "514.00", "MRF_1992": "456.40", "NMRF_1992": "116.00", "ATRF_1992": "572.40", "MRF_1993": "395.00", "NMRF_1993": "21.00", "ATRF_1993": "416.00", "MRF_1994": "400.00", "NMRF_1994": "76.00", "ATRF_1994": "476.00", "MRF_1995": "615.00", "NMRF_1995": "28.00", "ATRF_1995": "643.00", "MRF_1996": "671.00", "NMRF_1996": "59.00", "ATRF_1996": "730.00", "MRF_1997": "463.00", "NMRF_1997": "96.00", "ATRF_1997": "559.00", "MRF_1998": "694.00", "NMRF_1998": "30.00", "ATRF_1998": "724.00", "MRF_1999": "475.00", "NMRF_1999": "93.00", "ATRF_1999": "568.00", "MRF_2000": "371.00", "NMRF_2000": "11.00", "ATRF_2000": "382.00", "MRF_2001": "536.00", "NMRF_2001": "49.00", "ATRF_2001": "585.00", "MRF_2002": "290.00", "NMRF_2002": "64.00", "ATRF_2002": "354.00", "MRF_2003": "544.50", "NMRF_2003": "29.00", "ATRF_2003": "573.50", "MRF_2004": "304.00", "NMRF_2004": "212.00", "ATRF_2004": "516.00", "MRF_2005": "467.00", "NMRF_2005": "24.00", "ATRF_2005": "491.00", "MRF_2006": "221.00", "NMRF_2006": "64.00", "ATRF_2006": "285.00", "MRF_2007": "363.00", "NMRF_2007": "51.00", "ATRF_2007": "414.00", "MRF_2008": "702.00", "NMRF_2008": "44.00", "ATRF_2008": "746.00", "MRF_2009": "749.00", "NMRF_2009": "76.00", "ATRF_2009": "825.00", "MRF_2010": "722.00", "NMRF_2010": "48.00", "ATRF_2010": "770.00", "AGENCY": "RGWD", "ORIG_FID": "122" }, "geometry": { "type": "Point", "coordinates": [ 77.3666667, 27.3166667 ] } },
{ "type": "Feature", "properties": { "RAINGAUGE": "KUSHALGARH", "DISTRICT": "BANSWARA", "LONGITUDE": "74:27:00.000", "LATITUDE": "23:12:00.000", "COUNT": "54.00", "MRF_1984": "1011.00", "NMRF_1984": "0.00", "ATRF_1984": "1011.00", "MRF_1985": "237.60", "NMRF_1985": "287.40", "ATRF_1985": "525.00", "MRF_1986": "797.00", "NMRF_1986": "0.00", "ATRF_1986": "797.00", "MRF_1987": "708.00", "NMRF_1987": "151.00", "ATRF_1987": "859.00", "MRF_1988": "991.00", "NMRF_1988": "49.00", "ATRF_1988": "1040.00", "MRF_1989": "834.00", "NMRF_1989": "0.00", "ATRF_1989": "834.00", "MRF_1990": "1113.00", "NMRF_1990": "48.00", "ATRF_1990": "1161.00", "MRF_1991": "915.00", "NMRF_1991": "0.00", "ATRF_1991": "915.00", "MRF_1992": "653.00", "NMRF_1992": "90.00", "ATRF_1992": "743.00", "MRF_1993": "1052.00", "NMRF_1993": "25.00", "ATRF_1993": "1077.00", "MRF_1994": "1631.00", "NMRF_1994": "17.00", "ATRF_1994": "1648.00", "MRF_1995": "703.00", "NMRF_1995": "94.00", "ATRF_1995": "797.00", "MRF_1996": "Not Available", "NMRF_1996": "Not Available", "ATRF_1996": "Not Available", "MRF_1997": "1329.00", "NMRF_1997": "118.00", "ATRF_1997": "1447.00", "MRF_1998": "1159.00", "NMRF_1998": "101.00", "ATRF_1998": "1260.00", "MRF_1999": "595.00", "NMRF_1999": "61.00", "ATRF_1999": "656.00", "MRF_2000": "356.00", "NMRF_2000": "65.00", "ATRF_2000": "421.00", "MRF_2001": "416.00", "NMRF_2001": "32.00", "ATRF_2001": "448.00", "MRF_2002": "510.00", "NMRF_2002": "0.00", "ATRF_2002": "510.00", "MRF_2003": "972.00", "NMRF_2003": "21.00", "ATRF_2003": "993.00", "MRF_2004": "1013.00", "NMRF_2004": "106.00", "ATRF_2004": "1119.00", "MRF_2005": "874.00", "NMRF_2005": "24.00", "ATRF_2005": "898.00", "MRF_2006": "1710.00", "NMRF_2006": "7.00", "ATRF_2006": "1717.00", "MRF_2007": "1583.00", "NMRF_2007": "9.00", "ATRF_2007": "1592.00", "MRF_2008": "492.00", "NMRF_2008": "10.00", "ATRF_2008": "502.00", "MRF_2009": "642.00", "NMRF_2009": "33.00", "ATRF_2009": "675.00", "MRF_2010": "894.00", "NMRF_2010": "121.00", "ATRF_2010": "1015.00", "AGENCY": "RGWD", "ORIG_FID": "123" }, "geometry": { "type": "Point", "coordinates": [ 74.45, 23.2 ] } },
{ "type": "Feature", "properties": { "RAINGAUGE": "LADNU", "DISTRICT": "NAGAUR", "LONGITUDE": "74:23:00.000", "LATITUDE": "27:38:00.000", "COUNT": "57.00", "MRF_1984": "230.40", "NMRF_1984": "29.60", "ATRF_1984": "260.00", "MRF_1985": "273.00", "NMRF_1985": "12.00", "ATRF_1985": "285.00", "MRF_1986": "146.30", "NMRF_1986": "35.30", "ATRF_1986": "181.60", "MRF_1987": "113.60", "NMRF_1987": "103.70", "ATRF_1987": "217.30", "MRF_1988": "445.00", "NMRF_1988": "17.00", "ATRF_1988": "462.00", "MRF_1989": "335.40", "NMRF_1989": "0.00", "ATRF_1989": "335.40", "MRF_1990": "239.60", "NMRF_1990": "87.50", "ATRF_1990": "327.10", "MRF_1991": "319.00", "NMRF_1991": "17.00", "ATRF_1991": "336.00", "MRF_1992": "500.60", "NMRF_1992": "28.00", "ATRF_1992": "528.60", "MRF_1993": "304.10", "NMRF_1993": "83.00", "ATRF_1993": "387.10", "MRF_1994": "314.00", "NMRF_1994": "68.00", "ATRF_1994": "382.00", "MRF_1995": "486.00", "NMRF_1995": "27.00", "ATRF_1995": "513.00", "MRF_1996": "547.80", "NMRF_1996": "100.20", "ATRF_1996": "648.00", "MRF_1997": "460.90", "NMRF_1997": "181.40", "ATRF_1997": "642.30", "MRF_1998": "258.00", "NMRF_1998": "157.00", "ATRF_1998": "415.00", "MRF_1999": "143.00", "NMRF_1999": "68.00", "ATRF_1999": "211.00", "MRF_2000": "324.00", "NMRF_2000": "12.00", "ATRF_2000": "336.00", "MRF_2001": "261.00", "NMRF_2001": "57.00", "ATRF_2001": "318.00", "MRF_2002": "63.00", "NMRF_2002": "14.00", "ATRF_2002": "77.00", "MRF_2003": "372.00", "NMRF_2003": "48.00", "ATRF_2003": "420.00", "MRF_2004": "252.00", "NMRF_2004": "51.00", "ATRF_2004": "303.00", "MRF_2005": "357.00", "NMRF_2005": "102.00", "ATRF_2005": "459.00", "MRF_2006": "276.00", "NMRF_2006": "93.00", "ATRF_2006": "369.00", "MRF_2007": "182.00", "NMRF_2007": "51.00", "ATRF_2007": "233.00", "MRF_2008": "309.00", "NMRF_2008": "49.00", "ATRF_2008": "358.00", "MRF_2009": "Not Available", "NMRF_2009": "Not Available", "ATRF_2009": "Not Available", "MRF_2010": "458.00", "NMRF_2010": "30.00", "ATRF_2010": "488.00", "AGENCY": "RGWD", "ORIG_FID": "124" }, "geometry": { "type": "Point", "coordinates": [ 74.3833333, 27.6333333 ] } },
{ "type": "Feature", "properties": { "RAINGAUGE": "LADPURA", "DISTRICT": "KOTA", "LONGITUDE": "75:57:00.000", "LATITUDE": "24:53:00.000", "COUNT": "60.00", "MRF_1984": "531.60", "NMRF_1984": "7.20", "ATRF_1984": "538.80", "MRF_1985": "463.40", "NMRF_1985": "103.80", "ATRF_1985": "567.20", "MRF_1986": "817.20", "NMRF_1986": "78.00", "ATRF_1986": "895.20", "MRF_1987": "386.20", "NMRF_1987": "104.40", "ATRF_1987": "490.60", "MRF_1988": "900.00", "NMRF_1988": "60.60", "ATRF_1988": "960.60", "MRF_1989": "431.60", "NMRF_1989": "21.40", "ATRF_1989": "453.00", "MRF_1990": "615.40", "NMRF_1990": "38.80", "ATRF_1990": "654.20", "MRF_1991": "764.60", "NMRF_1991": "64.40", "ATRF_1991": "829.00", "MRF_1992": "580.10", "NMRF_1992": "111.40", "ATRF_1992": "691.50", "MRF_1993": "740.60", "NMRF_1993": "18.80", "ATRF_1993": "759.40", "MRF_1994": "891.00", "NMRF_1994": "28.00", "ATRF_1994": "919.00", "MRF_1995": "735.00", "NMRF_1995": "82.80", "ATRF_1995": "817.80", "MRF_1996": "736.20", "NMRF_1996": "12.60", "ATRF_1996": "748.80", "MRF_1997": "692.80", "NMRF_1997": "106.40", "ATRF_1997": "799.20", "MRF_1998": "484.70", "NMRF_1998": "34.20", "ATRF_1998": "518.90", "MRF_1999": "563.40", "NMRF_1999": "10.20", "ATRF_1999": "573.60", "MRF_2000": "590.30", "NMRF_2000": "204.80", "ATRF_2000": "795.10", "MRF_2001": "1006.60", "NMRF_2001": "80.70", "ATRF_2001": "1087.30", "MRF_2002": "401.00", "NMRF_2002": "61.00", "ATRF_2002": "462.00", "MRF_2003": "431.60", "NMRF_2003": "61.50", "ATRF_2003": "493.10", "MRF_2004": "533.30", "NMRF_2004": "36.50", "ATRF_2004": "569.80", "MRF_2005": "588.60", "NMRF_2005": "17.40", "ATRF_2005": "606.00", "MRF_2006": "656.00", "NMRF_2006": "23.00", "ATRF_2006": "679.00", "MRF_2007": "772.70", "NMRF_2007": "35.00", "ATRF_2007": "807.70", "MRF_2008": "660.00", "NMRF_2008": "32.00", "ATRF_2008": "692.00", "MRF_2009": "543.00", "NMRF_2009": "54.00", "ATRF_2009": "597.00", "MRF_2010": "515.00", "NMRF_2010": "56.00", "ATRF_2010": "571.00", "AGENCY": "RGWD", "ORIG_FID": "125" }, "geometry": { "type": "Point", "coordinates": [ 75.95, 24.8833333 ] } },
{ "type": "Feature", "properties": { "RAINGAUGE": "LALSOT", "DISTRICT": "DAUSA", "LONGITUDE": "76:20:00.000", "LATITUDE": "26:33:00.000", "COUNT": "57.00", "MRF_1984": "516.00", "NMRF_1984": "0.00", "ATRF_1984": "516.00", "MRF_1985": "430.00", "NMRF_1985": "94.00", "ATRF_1985": "524.00", "MRF_1986": "340.00", "NMRF_1986": "37.00", "ATRF_1986": "377.00", "MRF_1987": "333.00", "NMRF_1987": "66.00", "ATRF_1987": "399.00", "MRF_1988": "402.00", "NMRF_1988": "15.00", "ATRF_1988": "417.00", "MRF_1989": "505.00", "NMRF_1989": "0.00", "ATRF_1989": "505.00", "MRF_1990": "553.00", "NMRF_1990": "40.00", "ATRF_1990": "593.00", "MRF_1991": "639.00", "NMRF_1991": "21.00", "ATRF_1991": "660.00", "MRF_1992": "568.20", "NMRF_1992": "107.00", "ATRF_1992": "675.20", "MRF_1993": "633.50", "NMRF_1993": "16.50", "ATRF_1993": "650.00", "MRF_1994": "711.00", "NMRF_1994": "56.00", "ATRF_1994": "767.00", "MRF_1995": "824.00", "NMRF_1995": "0.00", "ATRF_1995": "824.00", "MRF_1996": "700.20", "NMRF_1996": "41.80", "ATRF_1996": "742.00", "MRF_1997": "749.00", "NMRF_1997": "225.00", "ATRF_1997": "974.00", "MRF_1998": "947.00", "NMRF_1998": "100.00", "ATRF_1998": "1047.00", "MRF_1999": "508.00", "NMRF_1999": "25.00", "ATRF_1999": "533.00", "MRF_2000": "349.00", "NMRF_2000": "0.00", "ATRF_2000": "349.00", "MRF_2001": "545.20", "NMRF_2001": "69.30", "ATRF_2001": "614.50", "MRF_2002": "205.00", "NMRF_2002": "70.00", "ATRF_2002": "275.00", "MRF_2003": "881.00", "NMRF_2003": "60.00", "ATRF_2003": "941.00", "MRF_2004": "555.00", "NMRF_2004": "72.00", "ATRF_2004": "627.00", "MRF_2005": "468.00", "NMRF_2005": "21.00", "ATRF_2005": "489.00", "MRF_2006": "368.00", "NMRF_2006": "44.00", "ATRF_2006": "412.00", "MRF_2007": "536.00", "NMRF_2007": "76.00", "ATRF_2007": "612.00", "MRF_2008": "771.00", "NMRF_2008": "12.00", "ATRF_2008": "783.00", "MRF_2009": "415.00", "NMRF_2009": "55.00", "ATRF_2009": "470.00", "MRF_2010": "1032.00", "NMRF_2010": "95.00", "ATRF_2010": "1127.00", "AGENCY": "RGWD", "ORIG_FID": "126" }, "geometry": { "type": "Point", "coordinates": [ 76.3333333, 26.55 ] } },
{ "type": "Feature", "properties": { "RAINGAUGE": "LAXMANGARH", "DISTRICT": "ALWAR", "LONGITUDE": "76:52:00.000", "LATITUDE": "27:22:00.000", "COUNT": "60.00", "MRF_1984": "355.50", "NMRF_1984": "2.50", "ATRF_1984": "358.00", "MRF_1985": "461.50", "NMRF_1985": "113.50", "ATRF_1985": "575.00", "MRF_1986": "272.00", "NMRF_1986": "68.20", "ATRF_1986": "340.20", "MRF_1987": "226.00", "NMRF_1987": "24.00", "ATRF_1987": "250.00", "MRF_1988": "264.00", "NMRF_1988": "44.00", "ATRF_1988": "308.00", "MRF_1989": "237.00", "NMRF_1989": "0.00", "ATRF_1989": "237.00", "MRF_1990": "564.00", "NMRF_1990": "55.00", "ATRF_1990": "619.00", "MRF_1991": "258.00", "NMRF_1991": "65.00", "ATRF_1991": "323.00", "MRF_1992": "641.00", "NMRF_1992": "172.00", "ATRF_1992": "813.00", "MRF_1993": "569.00", "NMRF_1993": "28.00", "ATRF_1993": "597.00", "MRF_1994": "444.50", "NMRF_1994": "67.00", "ATRF_1994": "511.50", "MRF_1995": "720.50", "NMRF_1995": "40.50", "ATRF_1995": "761.00", "MRF_1996": "716.00", "NMRF_1996": "72.50", "ATRF_1996": "788.50", "MRF_1997": "323.00", "NMRF_1997": "227.50", "ATRF_1997": "550.50", "MRF_1998": "535.50", "NMRF_1998": "154.00", "ATRF_1998": "689.50", "MRF_1999": "345.00", "NMRF_1999": "68.00", "ATRF_1999": "413.00", "MRF_2000": "291.00", "NMRF_2000": "10.00", "ATRF_2000": "301.00", "MRF_2001": "309.00", "NMRF_2001": "108.00", "ATRF_2001": "417.00", "MRF_2002": "138.50", "NMRF_2002": "31.50", "ATRF_2002": "170.00", "MRF_2003": "507.50", "NMRF_2003": "52.50", "ATRF_2003": "560.00", "MRF_2004": "286.00", "NMRF_2004": "97.00", "ATRF_2004": "383.00", "MRF_2005": "522.50", "NMRF_2005": "50.50", "ATRF_2005": "573.00", "MRF_2006": "306.50", "NMRF_2006": "58.50", "ATRF_2006": "365.00", "MRF_2007": "306.50", "NMRF_2007": "94.00", "ATRF_2007": "400.50", "MRF_2008": "566.50", "NMRF_2008": "91.00", "ATRF_2008": "657.50", "MRF_2009": "377.00", "NMRF_2009": "28.00", "ATRF_2009": "405.00", "MRF_2010": "679.00", "NMRF_2010": "51.00", "ATRF_2010": "730.00", "AGENCY": "RGWD", "ORIG_FID": "127" }, "geometry": { "type": "Point", "coordinates": [ 76.8666667, 27.3666667 ] } },
{ "type": "Feature", "properties": { "RAINGAUGE": "LUNI", "DISTRICT": "JODHPUR", "LONGITUDE": "72:59:33.113", "LATITUDE": "26:00:16.632", "COUNT": "18.00", "MRF_1984": "Not Available", "NMRF_1984": "Not Available", "ATRF_1984": "Not Available", "MRF_1985": "Not Available", "NMRF_1985": "Not Available", "ATRF_1985": "Not Available", "MRF_1986": "Not Available", "NMRF_1986": "Not Available", "ATRF_1986": "Not Available", "MRF_1987": "Not Available", "NMRF_1987": "Not Available", "ATRF_1987": "Not Available", "MRF_1988": "Not Available", "NMRF_1988": "Not Available", "ATRF_1988": "Not Available", "MRF_1989": "Not Available", "NMRF_1989": "Not Available", "ATRF_1989": "Not Available", "MRF_1990": "Not Available", "NMRF_1990": "Not Available", "ATRF_1990": "Not Available", "MRF_1991": "Not Available", "NMRF_1991": "Not Available", "ATRF_1991": "Not Available", "MRF_1992": "Not Available", "NMRF_1992": "Not Available", "ATRF_1992": "Not Available", "MRF_1993": "Not Available", "NMRF_1993": "Not Available", "ATRF_1993": "Not Available", "MRF_1994": "Not Available", "NMRF_1994": "Not Available", "ATRF_1994": "Not Available", "MRF_1995": "Not Available", "NMRF_1995": "Not Available", "ATRF_1995": "Not Available", "MRF_1996": "Not Available", "NMRF_1996": "Not Available", "ATRF_1996": "Not Available", "MRF_1997": "Not Available", "NMRF_1997": "Not Available", "ATRF_1997": "Not Available", "MRF_1998": "Not Available", "NMRF_1998": "Not Available", "ATRF_1998": "Not Available", "MRF_1999": "Not Available", "NMRF_1999": "Not Available", "ATRF_1999": "Not Available", "MRF_2000": "Not Available", "NMRF_2000": "Not Available", "ATRF_2000": "Not Available", "MRF_2001": "Not Available", "NMRF_2001": "Not Available", "ATRF_2001": "Not Available", "MRF_2002": "Not Available", "NMRF_2002": "Not Available", "ATRF_2002": "Not Available", "MRF_2003": "Not Available", "NMRF_2003": "Not Available", "ATRF_2003": "Not Available", "MRF_2004": "Not Available", "NMRF_2004": "Not Available", "ATRF_2004": "Not Available", "MRF_2005": "253.00", "NMRF_2005": "30.00", "ATRF_2005": "283.00", "MRF_2006": "208.00", "NMRF_2006": "2.00", "ATRF_2006": "210.00", "MRF_2007": "143.00", "NMRF_2007": "56.00", "ATRF_2007": "199.00", "MRF_2008": "407.60", "NMRF_2008": "62.00", "ATRF_2008": "469.60", "MRF_2009": "142.00", "NMRF_2009": "10.00", "ATRF_2009": "152.00", "MRF_2010": "405.50", "NMRF_2010": "60.50", "ATRF_2010": "466.00", "AGENCY": "RGWD", "ORIG_FID": "128" }, "geometry": { "type": "Point", "coordinates": [ 72.9925314, 26.00462 ] } },
{ "type": "Feature", "properties": { "RAINGAUGE": "LUNI/MANDORE", "DISTRICT": "JODHPUR", "LONGITUDE": "73:02:02.779", "LATITUDE": "26:18:17.387", "COUNT": "56.00", "MRF_1984": "220.50", "NMRF_1984": "0.00", "ATRF_1984": "220.50", "MRF_1985": "109.60", "NMRF_1985": "72.50", "ATRF_1985": "182.10", "MRF_1986": "132.00", "NMRF_1986": "43.00", "ATRF_1986": "175.00", "MRF_1987": "Not Available", "NMRF_1987": "Not Available", "ATRF_1987": "Not Available", "MRF_1988": "Not Available", "NMRF_1988": "Not Available", "ATRF_1988": "Not Available", "MRF_1989": "Not Available", "NMRF_1989": "Not Available", "ATRF_1989": "Not Available", "MRF_1990": "Not Available", "NMRF_1990": "Not Available", "ATRF_1990": "Not Available", "MRF_1991": "Not Available", "NMRF_1991": "Not Available", "ATRF_1991": "Not Available", "MRF_1992": "Not Available", "NMRF_1992": "Not Available", "ATRF_1992": "Not Available", "MRF_1993": "Not Available", "NMRF_1993": "Not Available", "ATRF_1993": "Not Available", "MRF_1994": "348.00", "NMRF_1994": "48.00", "ATRF_1994": "396.00", "MRF_1995": "361.00", "NMRF_1995": "13.00", "ATRF_1995": "374.00", "MRF_1996": "490.80", "NMRF_1996": "30.30", "ATRF_1996": "521.10", "MRF_1997": "462.60", "NMRF_1997": "109.50", "ATRF_1997": "572.10", "MRF_1998": "211.80", "NMRF_1998": "89.40", "ATRF_1998": "301.20", "MRF_1999": "177.00", "NMRF_1999": "31.00", "ATRF_1999": "208.00", "MRF_2000": "252.00", "NMRF_2000": "24.00", "ATRF_2000": "276.00", "MRF_2001": "617.00", "NMRF_2001": "36.00", "ATRF_2001": "653.00", "MRF_2002": "36.00", "NMRF_2002": "3.00", "ATRF_2002": "39.00", "MRF_2003": "390.00", "NMRF_2003": "32.00", "ATRF_2003": "422.00", "MRF_2004": "153.00", "NMRF_2004": "15.00", "ATRF_2004": "168.00", "MRF_2005": "484.00", "NMRF_2005": "30.00", "ATRF_2005": "514.00", "MRF_2006": "255.00", "NMRF_2006": "35.00", "ATRF_2006": "290.00", "MRF_2007": "194.00", "NMRF_2007": "19.00", "ATRF_2007": "213.00", "MRF_2008": "239.00", "NMRF_2008": "57.00", "ATRF_2008": "296.00", "MRF_2009": "220.00", "NMRF_2009": "3.00", "ATRF_2009": "223.00", "MRF_2010": "Not Available", "NMRF_2010": "Not Available", "ATRF_2010": "Not Available", "AGENCY": "RGWD", "ORIG_FID": "129" }, "geometry": { "type": "Point", "coordinates": [ 73.0341053, 26.3048297 ] } },
{ "type": "Feature", "properties": { "RAINGAUGE": "LUNKARANSAR", "DISTRICT": "BIKANER", "LONGITUDE": "73:45:00.000", "LATITUDE": "28:30:00.000", "COUNT": "55.00", "MRF_1984": "108.00", "NMRF_1984": "0.00", "ATRF_1984": "108.00", "MRF_1985": "134.50", "NMRF_1985": "0.00", "ATRF_1985": "134.50", "MRF_1986": "179.00", "NMRF_1986": "34.00", "ATRF_1986": "213.00", "MRF_1987": "63.00", "NMRF_1987": "104.00", "ATRF_1987": "167.00", "MRF_1988": "230.00", "NMRF_1988": "36.00", "ATRF_1988": "266.00", "MRF_1989": "111.00", "NMRF_1989": "30.00", "ATRF_1989": "141.00", "MRF_1990": "126.00", "NMRF_1990": "31.00", "ATRF_1990": "157.00", "MRF_1991": "71.00", "NMRF_1991": "38.00", "ATRF_1991": "109.00", "MRF_1992": "260.00", "NMRF_1992": "0.00", "ATRF_1992": "260.00", "MRF_1993": "119.50", "NMRF_1993": "2.50", "ATRF_1993": "122.00", "MRF_1994": "107.00", "NMRF_1994": "5.00", "ATRF_1994": "112.00", "MRF_1995": "370.50", "NMRF_1995": "95.00", "ATRF_1995": "465.50", "MRF_1996": "Not Available", "NMRF_1996": "Not Available", "ATRF_1996": "Not Available", "MRF_1997": "314.00", "NMRF_1997": "262.00", "ATRF_1997": "576.00", "MRF_1998": "281.00", "NMRF_1998": "158.00", "ATRF_1998": "439.00", "MRF_1999": "95.00", "NMRF_1999": "60.00", "ATRF_1999": "155.00", "MRF_2000": "553.00", "NMRF_2000": "11.00", "ATRF_2000": "564.00", "MRF_2001": "147.00", "NMRF_2001": "116.00", "ATRF_2001": "263.00", "MRF_2002": "10.00", "NMRF_2002": "54.00", "ATRF_2002": "64.00", "MRF_2003": "264.00", "NMRF_2003": "62.00", "ATRF_2003": "326.00", "MRF_2004": "79.00", "NMRF_2004": "32.00", "ATRF_2004": "111.00", "MRF_2005": "266.00", "NMRF_2005": "76.00", "ATRF_2005": "342.00", "MRF_2006": "117.00", "NMRF_2006": "86.00", "ATRF_2006": "203.00", "MRF_2007": "225.00", "NMRF_2007": "115.00", "ATRF_2007": "340.00", "MRF_2008": "379.00", "NMRF_2008": "166.00", "ATRF_2008": "545.00", "MRF_2009": "383.00", "NMRF_2009": "33.00", "ATRF_2009": "416.00", "MRF_2010": "767.00", "NMRF_2010": "16.00", "ATRF_2010": "783.00", "AGENCY": "RGWD", "ORIG_FID": "130" }, "geometry": { "type": "Point", "coordinates": [ 73.75, 28.5 ] } },
{ "type": "Feature", "properties": { "RAINGAUGE": "MAHUWA", "DISTRICT": "DAUSA", "LONGITUDE": "76:55:00.000", "LATITUDE": "27:03:00.000", "COUNT": "50.00", "MRF_1984": "Not Available", "NMRF_1984": "Not Available", "ATRF_1984": "Not Available", "MRF_1985": "Not Available", "NMRF_1985": "Not Available", "ATRF_1985": "Not Available", "MRF_1986": "Not Available", "NMRF_1986": "Not Available", "ATRF_1986": "Not Available", "MRF_1987": "357.40", "NMRF_1987": "30.40", "ATRF_1987": "387.80", "MRF_1988": "535.10", "NMRF_1988": "32.40", "ATRF_1988": "567.50", "MRF_1989": "331.00", "NMRF_1989": "45.00", "ATRF_1989": "376.00", "MRF_1990": "408.00", "NMRF_1990": "48.00", "ATRF_1990": "456.00", "MRF_1991": "291.50", "NMRF_1991": "33.50", "ATRF_1991": "325.00", "MRF_1992": "579.00", "NMRF_1992": "134.00", "ATRF_1992": "713.00", "MRF_1993": "609.00", "NMRF_1993": "37.00", "ATRF_1993": "646.00", "MRF_1994": "470.00", "NMRF_1994": "33.00", "ATRF_1994": "503.00", "MRF_1995": "1565.00", "NMRF_1995": "0.00", "ATRF_1995": "1565.00", "MRF_1996": "1461.00", "NMRF_1996": "146.00", "ATRF_1996": "1607.00", "MRF_1997": "517.00", "NMRF_1997": "187.60", "ATRF_1997": "704.60", "MRF_1998": "1023.00", "NMRF_1998": "36.00", "ATRF_1998": "1059.00", "MRF_1999": "504.00", "NMRF_1999": "70.00", "ATRF_1999": "574.00", "MRF_2000": "464.00", "NMRF_2000": "1.00", "ATRF_2000": "465.00", "MRF_2001": "454.00", "NMRF_2001": "163.00", "ATRF_2001": "617.00", "MRF_2002": "123.50", "NMRF_2002": "53.00", "ATRF_2002": "176.50", "MRF_2003": "664.00", "NMRF_2003": "58.00", "ATRF_2003": "722.00", "MRF_2004": "352.00", "NMRF_2004": "138.00", "ATRF_2004": "490.00", "MRF_2005": "880.00", "NMRF_2005": "85.00", "ATRF_2005": "965.00", "MRF_2006": "413.00", "NMRF_2006": "66.00", "ATRF_2006": "479.00", "MRF_2007": "557.00", "NMRF_2007": "161.00", "ATRF_2007": "718.00", "MRF_2008": "760.00", "NMRF_2008": "42.00", "ATRF_2008": "802.00", "MRF_2009": "377.00", "NMRF_2009": "42.00", "ATRF_2009": "419.00", "MRF_2010": "424.00", "NMRF_2010": "117.00", "ATRF_2010": "541.00", "AGENCY": "RGWD", "ORIG_FID": "131" }, "geometry": { "type": "Point", "coordinates": [ 76.9166667, 27.05 ] } },
{ "type": "Feature", "properties": { "RAINGAUGE": "MAKRANA", "DISTRICT": "NAGAUR", "LONGITUDE": "74:43:56.938", "LATITUDE": "27:02:53.192", "COUNT": "27.00", "MRF_1984": "Not Available", "NMRF_1984": "Not Available", "ATRF_1984": "Not Available", "MRF_1985": "Not Available", "NMRF_1985": "Not Available", "ATRF_1985": "Not Available", "MRF_1986": "Not Available", "NMRF_1986": "Not Available", "ATRF_1986": "Not Available", "MRF_1987": "Not Available", "NMRF_1987": "Not Available", "ATRF_1987": "Not Available", "MRF_1988": "Not Available", "NMRF_1988": "Not Available", "ATRF_1988": "Not Available", "MRF_1989": "Not Available", "NMRF_1989": "Not Available", "ATRF_1989": "Not Available", "MRF_1990": "Not Available", "NMRF_1990": "Not Available", "ATRF_1990": "Not Available", "MRF_1991": "Not Available", "NMRF_1991": "Not Available", "ATRF_1991": "Not Available", "MRF_1992": "Not Available", "NMRF_1992": "Not Available", "ATRF_1992": "Not Available", "MRF_1993": "Not Available", "NMRF_1993": "Not Available", "ATRF_1993": "Not Available", "MRF_1994": "Not Available", "NMRF_1994": "Not Available", "ATRF_1994": "Not Available", "MRF_1995": "Not Available", "NMRF_1995": "Not Available", "ATRF_1995": "Not Available", "MRF_1996": "Not Available", "NMRF_1996": "Not Available", "ATRF_1996": "Not Available", "MRF_1997": "Not Available", "NMRF_1997": "Not Available", "ATRF_1997": "Not Available", "MRF_1998": "Not Available", "NMRF_1998": "Not Available", "ATRF_1998": "Not Available", "MRF_1999": "Not Available", "NMRF_1999": "Not Available", "ATRF_1999": "Not Available", "MRF_2000": "Not Available", "NMRF_2000": "Not Available", "ATRF_2000": "Not Available", "MRF_2001": "349.00", "NMRF_2001": "132.00", "ATRF_2001": "481.00", "MRF_2002": "202.50", "NMRF_2002": "56.00", "ATRF_2002": "258.50", "MRF_2003": "446.00", "NMRF_2003": "33.00", "ATRF_2003": "479.00", "MRF_2004": "238.00", "NMRF_2004": "45.00", "ATRF_2004": "283.00", "MRF_2005": "412.00", "NMRF_2005": "48.00", "ATRF_2005": "460.00", "MRF_2006": "259.00", "NMRF_2006": "36.00", "ATRF_2006": "295.00", "MRF_2007": "262.50", "NMRF_2007": "81.00", "ATRF_2007": "343.50", "MRF_2008": "587.00", "NMRF_2008": "63.00", "ATRF_2008": "650.00", "MRF_2009": "Not Available", "NMRF_2009": "Not Available", "ATRF_2009": "Not Available", "MRF_2010": "561.60", "NMRF_2010": "41.00", "ATRF_2010": "602.60", "AGENCY": "RGWD", "ORIG_FID": "132" }, "geometry": { "type": "Point", "coordinates": [ 74.7324828, 27.0481089 ] } },
{ "type": "Feature", "properties": { "RAINGAUGE": "MALAKHERA", "DISTRICT": "ALWAR", "LONGITUDE": "76:38:00.000", "LATITUDE": "27:23:00.000", "COUNT": "14.00", "MRF_1984": "479.00", "NMRF_1984": "0.00", "ATRF_1984": "479.00", "MRF_1985": "438.00", "NMRF_1985": "106.00", "ATRF_1985": "544.00", "MRF_1986": "Not Available", "NMRF_1986": "Not Available", "ATRF_1986": "Not Available", "MRF_1987": "Not Available", "NMRF_1987": "Not Available", "ATRF_1987": "Not Available", "MRF_1988": "Not Available", "NMRF_1988": "Not Available", "ATRF_1988": "Not Available", "MRF_1989": "Not Available", "NMRF_1989": "Not Available", "ATRF_1989": "Not Available", "MRF_1990": "Not Available", "NMRF_1990": "Not Available", "ATRF_1990": "Not Available", "MRF_1991": "Not Available", "NMRF_1991": "Not Available", "ATRF_1991": "Not Available", "MRF_1992": "Not Available", "NMRF_1992": "Not Available", "ATRF_1992": "Not Available", "MRF_1993": "Not Available", "NMRF_1993": "Not Available", "ATRF_1993": "Not Available", "MRF_1994": "Not Available", "NMRF_1994": "Not Available", "ATRF_1994": "Not Available", "MRF_1995": "1084.00", "NMRF_1995": "61.00", "ATRF_1995": "1145.00", "MRF_1996": "1219.00", "NMRF_1996": "109.00", "ATRF_1996": "1328.00", "MRF_1997": "Not Available", "NMRF_1997": "Not Available", "ATRF_1997": "Not Available", "MRF_1998": "Not Available", "NMRF_1998": "Not Available", "ATRF_1998": "Not Available", "MRF_1999": "Not Available", "NMRF_1999": "Not Available", "ATRF_1999": "Not Available", "MRF_2000": "0.00", "NMRF_2000": "0.00", "ATRF_2000": "411.00", "MRF_2001": "0.00", "NMRF_2001": "0.00", "ATRF_2001": "582.00", "MRF_2002": "0.00", "NMRF_2002": "0.00", "ATRF_2002": "247.00", "MRF_2003": "0.00", "NMRF_2003": "0.00", "ATRF_2003": "825.00", "MRF_2004": "0.00", "NMRF_2004": "0.00", "ATRF_2004": "515.00", "MRF_2005": "0.00", "NMRF_2005": "0.00", "ATRF_2005": "663.00", "MRF_2006": "0.00", "NMRF_2006": "0.00", "ATRF_2006": "476.00", "MRF_2007": "0.00", "NMRF_2007": "0.00", "ATRF_2007": "553.00", "MRF_2008": "0.00", "NMRF_2008": "0.00", "ATRF_2008": "1228.00", "MRF_2009": "0.00", "NMRF_2009": "0.00", "ATRF_2009": "562.00", "MRF_2010": "767.00", "NMRF_2010": "59.00", "ATRF_2010": "826.00", "AGENCY": "RGWD", "ORIG_FID": "133" }, "geometry": { "type": "Point", "coordinates": [ 76.6333333, 27.3833333 ] } },
{ "type": "Feature", "properties": { "RAINGAUGE": "MALPURA", "DISTRICT": "TONK", "LONGITUDE": "75:23:00.000", "LATITUDE": "26:17:00.000", "COUNT": "58.00", "MRF_1984": "405.00", "NMRF_1984": "0.00", "ATRF_1984": "405.00", "MRF_1985": "441.90", "NMRF_1985": "82.40", "ATRF_1985": "524.30", "MRF_1986": "503.90", "NMRF_1986": "57.30", "ATRF_1986": "561.20", "MRF_1987": "313.40", "NMRF_1987": "43.40", "ATRF_1987": "356.80", "MRF_1988": "518.20", "NMRF_1988": "12.00", "ATRF_1988": "530.20", "MRF_1989": "360.00", "NMRF_1989": "15.20", "ATRF_1989": "375.20", "MRF_1990": "485.00", "NMRF_1990": "66.40", "ATRF_1990": "551.40", "MRF_1991": "622.00", "NMRF_1991": "24.00", "ATRF_1991": "646.00", "MRF_1992": "753.00", "NMRF_1992": "36.00", "ATRF_1992": "789.00", "MRF_1993": "340.00", "NMRF_1993": "37.00", "ATRF_1993": "377.00", "MRF_1994": "298.00", "NMRF_1994": "0.00", "ATRF_1994": "298.00", "MRF_1995": "741.00", "NMRF_1995": "50.00", "ATRF_1995": "791.00", "MRF_1996": "936.00", "NMRF_1996": "122.00", "ATRF_1996": "1058.00", "MRF_1997": "667.00", "NMRF_1997": "138.00", "ATRF_1997": "805.00", "MRF_1998": "533.00", "NMRF_1998": "36.00", "ATRF_1998": "569.00", "MRF_1999": "408.00", "NMRF_1999": "21.00", "ATRF_1999": "429.00", "MRF_2000": "276.00", "NMRF_2000": "61.00", "ATRF_2000": "337.00", "MRF_2001": "387.00", "NMRF_2001": "55.00", "ATRF_2001": "442.00", "MRF_2002": "138.00", "NMRF_2002": "43.00", "ATRF_2002": "181.00", "MRF_2003": "480.00", "NMRF_2003": "40.00", "ATRF_2003": "520.00", "MRF_2004": "409.00", "NMRF_2004": "41.00", "ATRF_2004": "450.00", "MRF_2005": "491.00", "NMRF_2005": "49.00", "ATRF_2005": "540.00", "MRF_2006": "227.00", "NMRF_2006": "41.00", "ATRF_2006": "268.00", "MRF_2007": "436.00", "NMRF_2007": "47.00", "ATRF_2007": "483.00", "MRF_2008": "570.00", "NMRF_2008": "59.00", "ATRF_2008": "629.00", "MRF_2009": "295.00", "NMRF_2009": "30.00", "ATRF_2009": "325.00", "MRF_2010": "715.00", "NMRF_2010": "112.00", "ATRF_2010": "827.00", "AGENCY": "RGWD", "ORIG_FID": "134" }, "geometry": { "type": "Point", "coordinates": [ 75.3833333, 26.2833333 ] } },
{ "type": "Feature", "properties": { "RAINGAUGE": "MALSISAR", "DISTRICT": "JHUNJHUNU", "LONGITUDE": "75:16:44.413", "LATITUDE": "28:21:16.538", "COUNT": "39.00", "MRF_1984": "Not Available", "NMRF_1984": "Not Available", "ATRF_1984": "Not Available", "MRF_1985": "Not Available", "NMRF_1985": "Not Available", "ATRF_1985": "Not Available", "MRF_1986": "Not Available", "NMRF_1986": "Not Available", "ATRF_1986": "Not Available", "MRF_1987": "Not Available", "NMRF_1987": "Not Available", "ATRF_1987": "Not Available", "MRF_1988": "Not Available", "NMRF_1988": "Not Available", "ATRF_1988": "Not Available", "MRF_1989": "Not Available", "NMRF_1989": "Not Available", "ATRF_1989": "Not Available", "MRF_1990": "Not Available", "NMRF_1990": "Not Available", "ATRF_1990": "Not Available", "MRF_1991": "Not Available", "NMRF_1991": "Not Available", "ATRF_1991": "Not Available", "MRF_1992": "Not Available", "NMRF_1992": "Not Available", "ATRF_1992": "Not Available", "MRF_1993": "Not Available", "NMRF_1993": "Not Available", "ATRF_1993": "Not Available", "MRF_1994": "Not Available", "NMRF_1994": "Not Available", "ATRF_1994": "Not Available", "MRF_1995": "Not Available", "NMRF_1995": "Not Available", "ATRF_1995": "Not Available", "MRF_1996": "402.00", "NMRF_1996": "12.00", "ATRF_1996": "414.00", "MRF_1997": "Not Available", "NMRF_1997": "Not Available", "ATRF_1997": "Not Available", "MRF_1998": "350.00", "NMRF_1998": "173.00", "ATRF_1998": "523.00", "MRF_1999": "154.00", "NMRF_1999": "18.00", "ATRF_1999": "172.00", "MRF_2000": "317.00", "NMRF_2000": "12.00", "ATRF_2000": "329.00", "MRF_2001": "417.00", "NMRF_2001": "104.00", "ATRF_2001": "521.00", "MRF_2002": "108.00", "NMRF_2002": "80.00", "ATRF_2002": "188.00", "MRF_2003": "392.00", "NMRF_2003": "65.00", "ATRF_2003": "457.00", "MRF_2004": "320.00", "NMRF_2004": "99.00", "ATRF_2004": "419.00", "MRF_2005": "410.00", "NMRF_2005": "124.00", "ATRF_2005": "534.00", "MRF_2006": "295.00", "NMRF_2006": "123.00", "ATRF_2006": "418.00", "MRF_2007": "474.00", "NMRF_2007": "159.00", "ATRF_2007": "633.00", "MRF_2008": "404.00", "NMRF_2008": "117.00", "ATRF_2008": "521.00", "MRF_2009": "0.00", "NMRF_2009": "0.00", "ATRF_2009": "266.00", "MRF_2010": "932.00", "NMRF_2010": "59.00", "ATRF_2010": "991.00", "AGENCY": "RGWD", "ORIG_FID": "135" }, "geometry": { "type": "Point", "coordinates": [ 75.2790036, 28.3545939 ] } },
{ "type": "Feature", "properties": { "RAINGAUGE": "MANDAL", "DISTRICT": "BHILWARA", "LONGITUDE": "74:35:00.000", "LATITUDE": "25:29:00.000", "COUNT": "56.00", "MRF_1984": "455.00", "NMRF_1984": "0.00", "ATRF_1984": "455.00", "MRF_1985": "315.00", "NMRF_1985": "45.00", "ATRF_1985": "360.00", "MRF_1986": "463.00", "NMRF_1986": "33.00", "ATRF_1986": "496.00", "MRF_1987": "335.00", "NMRF_1987": "55.00", "ATRF_1987": "390.00", "MRF_1988": "450.00", "NMRF_1988": "0.00", "ATRF_1988": "450.00", "MRF_1989": "Not Available", "NMRF_1989": "Not Available", "ATRF_1989": "Not Available", "MRF_1990": "708.00", "NMRF_1990": "38.00", "ATRF_1990": "746.00", "MRF_1991": "619.00", "NMRF_1991": "19.00", "ATRF_1991": "638.00", "MRF_1992": "481.00", "NMRF_1992": "19.00", "ATRF_1992": "500.00", "MRF_1993": "366.00", "NMRF_1993": "2.00", "ATRF_1993": "368.00", "MRF_1994": "949.00", "NMRF_1994": "33.00", "ATRF_1994": "982.00", "MRF_1995": "460.00", "NMRF_1995": "60.00", "ATRF_1995": "520.00", "MRF_1996": "Not Available", "NMRF_1996": "Not Available", "ATRF_1996": "Not Available", "MRF_1997": "605.00", "NMRF_1997": "60.00", "ATRF_1997": "665.00", "MRF_1998": "343.00", "NMRF_1998": "71.00", "ATRF_1998": "414.00", "MRF_1999": "400.00", "NMRF_1999": "27.00", "ATRF_1999": "427.00", "MRF_2000": "377.00", "NMRF_2000": "39.00", "ATRF_2000": "416.00", "MRF_2001": "645.00", "NMRF_2001": "25.00", "ATRF_2001": "670.00", "MRF_2002": "219.00", "NMRF_2002": "49.00", "ATRF_2002": "268.00", "MRF_2003": "501.00", "NMRF_2003": "34.00", "ATRF_2003": "535.00", "MRF_2004": "809.00", "NMRF_2004": "31.00", "ATRF_2004": "840.00", "MRF_2005": "365.00", "NMRF_2005": "25.00", "ATRF_2005": "390.00", "MRF_2006": "870.00", "NMRF_2006": "32.00", "ATRF_2006": "902.00", "MRF_2007": "418.00", "NMRF_2007": "24.00", "ATRF_2007": "442.00", "MRF_2008": "575.00", "NMRF_2008": "19.00", "ATRF_2008": "594.00", "MRF_2009": "316.00", "NMRF_2009": "3.00", "ATRF_2009": "319.00", "MRF_2010": "525.00", "NMRF_2010": "138.00", "ATRF_2010": "663.00", "AGENCY": "RGWD", "ORIG_FID": "136" }, "geometry": { "type": "Point", "coordinates": [ 74.5833333, 25.4833333 ] } },
{ "type": "Feature", "properties": { "RAINGAUGE": "MANDALGARH", "DISTRICT": "BHILWARA", "LONGITUDE": "75:06:00.000", "LATITUDE": "25:13:00.000", "COUNT": "55.00", "MRF_1984": "754.00", "NMRF_1984": "0.00", "ATRF_1984": "754.00", "MRF_1985": "500.00", "NMRF_1985": "109.00", "ATRF_1985": "609.00", "MRF_1986": "1036.00", "NMRF_1986": "38.00", "ATRF_1986": "1074.00", "MRF_1987": "516.00", "NMRF_1987": "70.00", "ATRF_1987": "586.00", "MRF_1988": "645.00", "NMRF_1988": "24.00", "ATRF_1988": "669.00", "MRF_1989": "Not Available", "NMRF_1989": "Not Available", "ATRF_1989": "Not Available", "MRF_1990": "499.00", "NMRF_1990": "116.00", "ATRF_1990": "615.00", "MRF_1991": "755.00", "NMRF_1991": "31.00", "ATRF_1991": "786.00", "MRF_1992": "911.00", "NMRF_1992": "49.00", "ATRF_1992": "960.00", "MRF_1993": "781.00", "NMRF_1993": "68.00", "ATRF_1993": "849.00", "MRF_1994": "1382.00", "NMRF_1994": "32.00", "ATRF_1994": "1414.00", "MRF_1995": "706.00", "NMRF_1995": "51.00", "ATRF_1995": "757.00", "MRF_1996": "Not Available", "NMRF_1996": "Not Available", "ATRF_1996": "Not Available", "MRF_1997": "670.00", "NMRF_1997": "83.00", "ATRF_1997": "753.00", "MRF_1998": "389.00", "NMRF_1998": "13.00", "ATRF_1998": "402.00", "MRF_1999": "577.00", "NMRF_1999": "13.00", "ATRF_1999": "590.00", "MRF_2000": "511.00", "NMRF_2000": "86.00", "ATRF_2000": "597.00", "MRF_2001": "633.00", "NMRF_2001": "33.00", "ATRF_2001": "666.00", "MRF_2002": "382.00", "NMRF_2002": "29.00", "ATRF_2002": "411.00", "MRF_2003": "890.00", "NMRF_2003": "24.00", "ATRF_2003": "914.00", "MRF_2004": "839.00", "NMRF_2004": "36.00", "ATRF_2004": "875.00", "MRF_2005": "594.00", "NMRF_2005": "0.00", "ATRF_2005": "594.00", "MRF_2006": "856.50", "NMRF_2006": "47.50", "ATRF_2006": "904.00", "MRF_2007": "814.00", "NMRF_2007": "63.00", "ATRF_2007": "877.00", "MRF_2008": "705.00", "NMRF_2008": "13.00", "ATRF_2008": "718.00", "MRF_2009": "448.00", "NMRF_2009": "17.00", "ATRF_2009": "465.00", "MRF_2010": "758.00", "NMRF_2010": "72.00", "ATRF_2010": "830.00", "AGENCY": "RGWD", "ORIG_FID": "137" }, "geometry": { "type": "Point", "coordinates": [ 75.1, 25.2166667 ] } },
{ "type": "Feature", "properties": { "RAINGAUGE": "MANOHARTHANA", "DISTRICT": "JHALAWAR", "LONGITUDE": "76:48:00.000", "LATITUDE": "24:14:00.000", "COUNT": "60.00", "MRF_1984": "848.60", "NMRF_1984": "107.50", "ATRF_1984": "956.10", "MRF_1985": "1199.40", "NMRF_1985": "499.00", "ATRF_1985": "1698.40", "MRF_1986": "1082.60", "NMRF_1986": "108.40", "ATRF_1986": "1191.00", "MRF_1987": "1180.40", "NMRF_1987": "128.00", "ATRF_1987": "1308.40", "MRF_1988": "931.20", "NMRF_1988": "52.00", "ATRF_1988": "983.20", "MRF_1989": "584.70", "NMRF_1989": "0.00", "ATRF_1989": "584.70", "MRF_1990": "1017.40", "NMRF_1990": "52.50", "ATRF_1990": "1069.90", "MRF_1991": "1322.40", "NMRF_1991": "19.00", "ATRF_1991": "1341.40", "MRF_1992": "781.80", "NMRF_1992": "75.00", "ATRF_1992": "856.80", "MRF_1993": "1320.80", "NMRF_1993": "13.60", "ATRF_1993": "1334.40", "MRF_1994": "940.60", "NMRF_1994": "55.40", "ATRF_1994": "996.00", "MRF_1995": "776.80", "NMRF_1995": "64.00", "ATRF_1995": "840.80", "MRF_1996": "1504.00", "NMRF_1996": "66.70", "ATRF_1996": "1570.70", "MRF_1997": "773.10", "NMRF_1997": "343.40", "ATRF_1997": "1116.50", "MRF_1998": "740.80", "NMRF_1998": "62.20", "ATRF_1998": "803.00", "MRF_1999": "1319.80", "NMRF_1999": "38.20", "ATRF_1999": "1358.00", "MRF_2000": "997.60", "NMRF_2000": "18.60", "ATRF_2000": "1016.20", "MRF_2001": "983.20", "NMRF_2001": "85.40", "ATRF_2001": "1068.60", "MRF_2002": "277.30", "NMRF_2002": "21.40", "ATRF_2002": "298.70", "MRF_2003": "489.40", "NMRF_2003": "21.40", "ATRF_2003": "510.80", "MRF_2004": "653.50", "NMRF_2004": "30.40", "ATRF_2004": "683.90", "MRF_2005": "548.80", "NMRF_2005": "28.20", "ATRF_2005": "577.00", "MRF_2006": "864.00", "NMRF_2006": "95.10", "ATRF_2006": "959.10", "MRF_2007": "647.00", "NMRF_2007": "22.80", "ATRF_2007": "669.80", "MRF_2008": "691.20", "NMRF_2008": "35.00", "ATRF_2008": "726.20", "MRF_2009": "629.60", "NMRF_2009": "83.80", "ATRF_2009": "713.40", "MRF_2010": "514.10", "NMRF_2010": "62.60", "ATRF_2010": "576.70", "AGENCY": "RGWD", "ORIG_FID": "138" }, "geometry": { "type": "Point", "coordinates": [ 76.8, 24.2333333 ] } },
{ "type": "Feature", "properties": { "RAINGAUGE": "MAVLI", "DISTRICT": "UDAIPUR", "LONGITUDE": "73:59:00.000", "LATITUDE": "24:47:00.000", "COUNT": "57.00", "MRF_1984": "576.20", "NMRF_1984": "0.00", "ATRF_1984": "576.20", "MRF_1985": "460.80", "NMRF_1985": "78.80", "ATRF_1985": "539.60", "MRF_1986": "560.40", "NMRF_1986": "27.60", "ATRF_1986": "588.00", "MRF_1987": "329.90", "NMRF_1987": "46.00", "ATRF_1987": "375.90", "MRF_1988": "581.00", "NMRF_1988": "17.00", "ATRF_1988": "598.00", "MRF_1989": "703.00", "NMRF_1989": "5.00", "ATRF_1989": "708.00", "MRF_1990": "733.00", "NMRF_1990": "9.00", "ATRF_1990": "742.00", "MRF_1991": "481.00", "NMRF_1991": "52.00", "ATRF_1991": "533.00", "MRF_1992": "708.00", "NMRF_1992": "42.00", "ATRF_1992": "750.00", "MRF_1993": "582.00", "NMRF_1993": "3.00", "ATRF_1993": "585.00", "MRF_1994": "693.00", "NMRF_1994": "9.00", "ATRF_1994": "702.00", "MRF_1995": "374.00", "NMRF_1995": "42.00", "ATRF_1995": "416.00", "MRF_1996": "551.00", "NMRF_1996": "0.00", "ATRF_1996": "551.00", "MRF_1997": "600.00", "NMRF_1997": "50.00", "ATRF_1997": "650.00", "MRF_1998": "583.00", "NMRF_1998": "92.00", "ATRF_1998": "675.00", "MRF_1999": "365.00", "NMRF_1999": "20.00", "ATRF_1999": "385.00", "MRF_2000": "250.00", "NMRF_2000": "40.00", "ATRF_2000": "290.00", "MRF_2001": "702.00", "NMRF_2001": "4.00", "ATRF_2001": "706.00", "MRF_2002": "413.00", "NMRF_2002": "22.00", "ATRF_2002": "435.00", "MRF_2003": "436.00", "NMRF_2003": "15.00", "ATRF_2003": "451.00", "MRF_2004": "640.00", "NMRF_2004": "35.00", "ATRF_2004": "675.00", "MRF_2005": "950.00", "NMRF_2005": "12.00", "ATRF_2005": "962.00", "MRF_2006": "1151.00", "NMRF_2006": "14.00", "ATRF_2006": "1165.00", "MRF_2007": "760.00", "NMRF_2007": "0.00", "ATRF_2007": "760.00", "MRF_2008": "811.00", "NMRF_2008": "40.00", "ATRF_2008": "851.00", "MRF_2009": "680.00", "NMRF_2009": "20.00", "ATRF_2009": "700.00", "MRF_2010": "750.00", "NMRF_2010": "180.00", "ATRF_2010": "930.00", "AGENCY": "RGWD", "ORIG_FID": "139" }, "geometry": { "type": "Point", "coordinates": [ 73.9833333, 24.7833333 ] } },
{ "type": "Feature", "properties": { "RAINGAUGE": "MERTA CITY", "DISTRICT": "NAGAUR", "LONGITUDE": "74:02:00.000", "LATITUDE": "26:38:00.000", "COUNT": "56.00", "MRF_1984": "364.00", "NMRF_1984": "10.00", "ATRF_1984": "374.00", "MRF_1985": "240.00", "NMRF_1985": "5.00", "ATRF_1985": "245.00", "MRF_1986": "156.40", "NMRF_1986": "18.00", "ATRF_1986": "174.40", "MRF_1987": "75.00", "NMRF_1987": "48.50", "ATRF_1987": "123.50", "MRF_1988": "313.00", "NMRF_1988": "13.00", "ATRF_1988": "326.00", "MRF_1989": "214.00", "NMRF_1989": "0.00", "ATRF_1989": "214.00", "MRF_1990": "333.00", "NMRF_1990": "81.00", "ATRF_1990": "414.00", "MRF_1991": "351.00", "NMRF_1991": "12.00", "ATRF_1991": "363.00", "MRF_1992": "419.00", "NMRF_1992": "37.00", "ATRF_1992": "456.00", "MRF_1993": "245.00", "NMRF_1993": "8.00", "ATRF_1993": "253.00", "MRF_1994": "756.00", "NMRF_1994": "14.00", "ATRF_1994": "770.00", "MRF_1995": "588.00", "NMRF_1995": "0.00", "ATRF_1995": "588.00", "MRF_1996": "569.00", "NMRF_1996": "17.00", "ATRF_1996": "586.00", "MRF_1997": "361.00", "NMRF_1997": "96.00", "ATRF_1997": "457.00", "MRF_1998": "222.00", "NMRF_1998": "91.00", "ATRF_1998": "313.00", "MRF_1999": "355.00", "NMRF_1999": "19.00", "ATRF_1999": "374.00", "MRF_2000": "255.00", "NMRF_2000": "1.00", "ATRF_2000": "256.00", "MRF_2001": "275.00", "NMRF_2001": "16.00", "ATRF_2001": "291.00", "MRF_2002": "116.00", "NMRF_2002": "41.00", "ATRF_2002": "157.00", "MRF_2003": "331.00", "NMRF_2003": "18.00", "ATRF_2003": "349.00", "MRF_2004": "364.00", "NMRF_2004": "32.00", "ATRF_2004": "396.00", "MRF_2005": "348.00", "NMRF_2005": "17.00", "ATRF_2005": "365.00", "MRF_2006": "198.00", "NMRF_2006": "28.00", "ATRF_2006": "226.00", "MRF_2007": "339.00", "NMRF_2007": "58.00", "ATRF_2007": "397.00", "MRF_2008": "381.00", "NMRF_2008": "55.00", "ATRF_2008": "436.00", "MRF_2009": "Not Available", "NMRF_2009": "Not Available", "ATRF_2009": "Not Available", "MRF_2010": "540.00", "NMRF_2010": "8.00", "ATRF_2010": "548.00", "AGENCY": "RGWD", "ORIG_FID": "140" }, "geometry": { "type": "Point", "coordinates": [ 74.0333333, 26.6333333 ] } },
{ "type": "Feature", "properties": { "RAINGAUGE": "MOUNT ABU", "DISTRICT": "SIROHI", "LONGITUDE": "72:43:00.000", "LATITUDE": "24:36:00.000", "COUNT": "50.00", "MRF_1984": "Not Available", "NMRF_1984": "Not Available", "ATRF_1984": "Not Available", "MRF_1985": "Not Available", "NMRF_1985": "Not Available", "ATRF_1985": "Not Available", "MRF_1986": "Not Available", "NMRF_1986": "Not Available", "ATRF_1986": "Not Available", "MRF_1987": "427.50", "NMRF_1987": "149.00", "ATRF_1987": "576.50", "MRF_1988": "1828.10", "NMRF_1988": "3.40", "ATRF_1988": "1831.50", "MRF_1989": "1094.60", "NMRF_1989": "0.00", "ATRF_1989": "1094.60", "MRF_1990": "2927.00", "NMRF_1990": "120.00", "ATRF_1990": "3047.00", "MRF_1991": "1355.40", "NMRF_1991": "22.20", "ATRF_1991": "1377.60", "MRF_1992": "2819.00", "NMRF_1992": "40.60", "ATRF_1992": "2859.60", "MRF_1993": "1274.20", "NMRF_1993": "69.40", "ATRF_1993": "1343.60", "MRF_1994": "3079.00", "NMRF_1994": "101.00", "ATRF_1994": "3180.00", "MRF_1995": "1209.00", "NMRF_1995": "36.00", "ATRF_1995": "1245.00", "MRF_1996": "1432.10", "NMRF_1996": "12.00", "ATRF_1996": "1444.10", "MRF_1997": "2036.20", "NMRF_1997": "151.80", "ATRF_1997": "2188.00", "MRF_1998": "908.10", "NMRF_1998": "236.60", "ATRF_1998": "1144.70", "MRF_1999": "509.90", "NMRF_1999": "122.90", "ATRF_1999": "632.80", "MRF_2000": "1035.90", "NMRF_2000": "10.00", "ATRF_2000": "1045.90", "MRF_2001": "1267.20", "NMRF_2001": "99.40", "ATRF_2001": "1366.60", "MRF_2002": "422.70", "NMRF_2002": "9.80", "ATRF_2002": "432.50", "MRF_2003": "1617.60", "NMRF_2003": "48.80", "ATRF_2003": "1666.40", "MRF_2004": "1200.70", "NMRF_2004": "180.40", "ATRF_2004": "1381.10", "MRF_2005": "1398.40", "NMRF_2005": "0.00", "ATRF_2005": "1398.40", "MRF_2006": "2514.50", "NMRF_2006": "7.20", "ATRF_2006": "2521.70", "MRF_2007": "1397.20", "NMRF_2007": "21.00", "ATRF_2007": "1418.20", "MRF_2008": "997.60", "NMRF_2008": "31.10", "ATRF_2008": "1028.70", "MRF_2009": "630.20", "NMRF_2009": "12.10", "ATRF_2009": "642.30", "MRF_2010": "1484.00", "NMRF_2010": "187.80", "ATRF_2010": "1671.80", "AGENCY": "RGWD", "ORIG_FID": "141" }, "geometry": { "type": "Point", "coordinates": [ 72.7166667, 24.6 ] } },
{ "type": "Feature", "properties": { "RAINGAUGE": "MUNDAWAR", "DISTRICT": "ALWAR", "LONGITUDE": "76:33:00.000", "LATITUDE": "27:52:00.000", "COUNT": "60.00", "MRF_1984": "395.00", "NMRF_1984": "2.00", "ATRF_1984": "397.00", "MRF_1985": "429.00", "NMRF_1985": "151.00", "ATRF_1985": "580.00", "MRF_1986": "239.00", "NMRF_1986": "93.00", "ATRF_1986": "332.00", "MRF_1987": "133.00", "NMRF_1987": "18.00", "ATRF_1987": "151.00", "MRF_1988": "766.00", "NMRF_1988": "55.00", "ATRF_1988": "821.00", "MRF_1989": "196.20", "NMRF_1989": "0.00", "ATRF_1989": "196.20", "MRF_1990": "357.00", "NMRF_1990": "100.40", "ATRF_1990": "457.40", "MRF_1991": "371.00", "NMRF_1991": "30.00", "ATRF_1991": "401.00", "MRF_1992": "761.00", "NMRF_1992": "190.00", "ATRF_1992": "951.00", "MRF_1993": "965.00", "NMRF_1993": "45.00", "ATRF_1993": "1010.00", "MRF_1994": "800.00", "NMRF_1994": "135.00", "ATRF_1994": "935.00", "MRF_1995": "1601.00", "NMRF_1995": "125.00", "ATRF_1995": "1726.00", "MRF_1996": "1322.00", "NMRF_1996": "128.00", "ATRF_1996": "1450.00", "MRF_1997": "998.00", "NMRF_1997": "343.00", "ATRF_1997": "1341.00", "MRF_1998": "903.00", "NMRF_1998": "128.00", "ATRF_1998": "1031.00", "MRF_1999": "646.00", "NMRF_1999": "56.00", "ATRF_1999": "702.00", "MRF_2000": "499.00", "NMRF_2000": "124.00", "ATRF_2000": "623.00", "MRF_2001": "322.00", "NMRF_2001": "103.00", "ATRF_2001": "425.00", "MRF_2002": "128.00", "NMRF_2002": "89.00", "ATRF_2002": "217.00", "MRF_2003": "785.00", "NMRF_2003": "96.00", "ATRF_2003": "881.00", "MRF_2004": "405.00", "NMRF_2004": "157.00", "ATRF_2004": "562.00", "MRF_2005": "486.00", "NMRF_2005": "43.00", "ATRF_2005": "529.00", "MRF_2006": "512.00", "NMRF_2006": "37.00", "ATRF_2006": "549.00", "MRF_2007": "439.00", "NMRF_2007": "116.00", "ATRF_2007": "555.00", "MRF_2008": "690.00", "NMRF_2008": "117.00", "ATRF_2008": "807.00", "MRF_2009": "318.00", "NMRF_2009": "44.00", "ATRF_2009": "362.00", "MRF_2010": "707.00", "NMRF_2010": "59.00", "ATRF_2010": "766.00", "AGENCY": "RGWD", "ORIG_FID": "142" }, "geometry": { "type": "Point", "coordinates": [ 76.55, 27.8666667 ] } },
{ "type": "Feature", "properties": { "RAINGAUGE": "NADBAI", "DISTRICT": "BHARATPUR", "LONGITUDE": "77:11:00.000", "LATITUDE": "27:13:00.000", "COUNT": "60.00", "MRF_1984": "1069.00", "NMRF_1984": "10.00", "ATRF_1984": "1079.00", "MRF_1985": "831.00", "NMRF_1985": "250.00", "ATRF_1985": "1081.00", "MRF_1986": "408.00", "NMRF_1986": "219.00", "ATRF_1986": "627.00", "MRF_1987": "399.00", "NMRF_1987": "71.00", "ATRF_1987": "470.00", "MRF_1988": "578.00", "NMRF_1988": "17.00", "ATRF_1988": "595.00", "MRF_1989": "636.00", "NMRF_1989": "12.00", "ATRF_1989": "648.00", "MRF_1990": "950.00", "NMRF_1990": "137.00", "ATRF_1990": "1087.00", "MRF_1991": "431.00", "NMRF_1991": "136.00", "ATRF_1991": "567.00", "MRF_1992": "609.90", "NMRF_1992": "149.50", "ATRF_1992": "759.40", "MRF_1993": "569.00", "NMRF_1993": "53.00", "ATRF_1993": "622.00", "MRF_1994": "501.00", "NMRF_1994": "99.00", "ATRF_1994": "600.00", "MRF_1995": "984.00", "NMRF_1995": "54.00", "ATRF_1995": "1038.00", "MRF_1996": "935.00", "NMRF_1996": "79.00", "ATRF_1996": "1014.00", "MRF_1997": "478.00", "NMRF_1997": "108.00", "ATRF_1997": "586.00", "MRF_1998": "741.00", "NMRF_1998": "45.00", "ATRF_1998": "786.00", "MRF_1999": "537.00", "NMRF_1999": "50.00", "ATRF_1999": "587.00", "MRF_2000": "312.00", "NMRF_2000": "20.00", "ATRF_2000": "332.00", "MRF_2001": "508.00", "NMRF_2001": "153.00", "ATRF_2001": "661.00", "MRF_2002": "291.00", "NMRF_2002": "68.00", "ATRF_2002": "359.00", "MRF_2003": "631.00", "NMRF_2003": "54.00", "ATRF_2003": "685.00", "MRF_2004": "479.00", "NMRF_2004": "172.00", "ATRF_2004": "651.00", "MRF_2005": "769.00", "NMRF_2005": "67.00", "ATRF_2005": "836.00", "MRF_2006": "395.00", "NMRF_2006": "16.00", "ATRF_2006": "411.00", "MRF_2007": "79.00", "NMRF_2007": "171.00", "ATRF_2007": "250.00", "MRF_2008": "783.00", "NMRF_2008": "57.00", "ATRF_2008": "840.00", "MRF_2009": "510.00", "NMRF_2009": "59.00", "ATRF_2009": "569.00", "MRF_2010": "708.00", "NMRF_2010": "53.00", "ATRF_2010": "761.00", "AGENCY": "RGWD", "ORIG_FID": "143" }, "geometry": { "type": "Point", "coordinates": [ 77.1833333, 27.2166667 ] } },
{ "type": "Feature", "properties": { "RAINGAUGE": "NADOTI", "DISTRICT": "KARAULI", "LONGITUDE": "76:44:00.000", "LATITUDE": "26:43:00.000", "COUNT": "57.00", "MRF_1984": "482.00", "NMRF_1984": "0.00", "ATRF_1984": "482.00", "MRF_1985": "313.00", "NMRF_1985": "106.00", "ATRF_1985": "419.00", "MRF_1986": "310.00", "NMRF_1986": "15.00", "ATRF_1986": "325.00", "MRF_1987": "Not Available", "NMRF_1987": "Not Available", "ATRF_1987": "Not Available", "MRF_1988": "Not Available", "NMRF_1988": "Not Available", "ATRF_1988": "Not Available", "MRF_1989": "Not Available", "NMRF_1989": "Not Available", "ATRF_1989": "Not Available", "MRF_1990": "Not Available", "NMRF_1990": "Not Available", "ATRF_1990": "Not Available", "MRF_1991": "Not Available", "NMRF_1991": "Not Available", "ATRF_1991": "Not Available", "MRF_1992": "Not Available", "NMRF_1992": "Not Available", "ATRF_1992": "Not Available", "MRF_1993": "Not Available", "NMRF_1993": "Not Available", "ATRF_1993": "Not Available", "MRF_1994": "388.00", "NMRF_1994": "38.00", "ATRF_1994": "426.00", "MRF_1995": "935.00", "NMRF_1995": "0.00", "ATRF_1995": "935.00", "MRF_1996": "726.00", "NMRF_1996": "76.00", "ATRF_1996": "802.00", "MRF_1997": "593.00", "NMRF_1997": "171.00", "ATRF_1997": "764.00", "MRF_1998": "1056.00", "NMRF_1998": "100.00", "ATRF_1998": "1156.00", "MRF_1999": "512.00", "NMRF_1999": "31.00", "ATRF_1999": "543.00", "MRF_2000": "348.00", "NMRF_2000": "0.00", "ATRF_2000": "348.00", "MRF_2001": "462.00", "NMRF_2001": "79.00", "ATRF_2001": "541.00", "MRF_2002": "200.00", "NMRF_2002": "64.00", "ATRF_2002": "264.00", "MRF_2003": "857.00", "NMRF_2003": "34.00", "ATRF_2003": "891.00", "MRF_2004": "394.30", "NMRF_2004": "80.00", "ATRF_2004": "474.30", "MRF_2005": "626.00", "NMRF_2005": "30.00", "ATRF_2005": "656.00", "MRF_2006": "469.00", "NMRF_2006": "47.00", "ATRF_2006": "516.00", "MRF_2007": "460.00", "NMRF_2007": "68.00", "ATRF_2007": "528.00", "MRF_2008": "1244.50", "NMRF_2008": "33.00", "ATRF_2008": "1277.50", "MRF_2009": "295.00", "NMRF_2009": "106.00", "ATRF_2009": "401.00", "MRF_2010": "Not Available", "NMRF_2010": "Not Available", "ATRF_2010": "Not Available", "AGENCY": "RGWD", "ORIG_FID": "144" }, "geometry": { "type": "Point", "coordinates": [ 76.7333333, 26.7166667 ] } },
{ "type": "Feature", "properties": { "RAINGAUGE": "NAGAR", "DISTRICT": "BHARATPUR", "LONGITUDE": "77:05:00.000", "LATITUDE": "27:26:00.000", "COUNT": "60.00", "MRF_1984": "525.00", "NMRF_1984": "5.00", "ATRF_1984": "530.00", "MRF_1985": "387.00", "NMRF_1985": "131.00", "ATRF_1985": "518.00", "MRF_1986": "209.00", "NMRF_1986": "134.00", "ATRF_1986": "343.00", "MRF_1987": "257.00", "NMRF_1987": "74.00", "ATRF_1987": "331.00", "MRF_1988": "390.10", "NMRF_1988": "63.00", "ATRF_1988": "453.10", "MRF_1989": "322.50", "NMRF_1989": "34.00", "ATRF_1989": "356.50", "MRF_1990": "426.00", "NMRF_1990": "174.00", "ATRF_1990": "600.00", "MRF_1991": "173.00", "NMRF_1991": "48.00", "ATRF_1991": "221.00", "MRF_1992": "453.50", "NMRF_1992": "131.50", "ATRF_1992": "585.00", "MRF_1993": "494.00", "NMRF_1993": "29.50", "ATRF_1993": "523.50", "MRF_1994": "548.00", "NMRF_1994": "97.00", "ATRF_1994": "645.00", "MRF_1995": "889.00", "NMRF_1995": "53.00", "ATRF_1995": "942.00", "MRF_1996": "1218.50", "NMRF_1996": "58.50", "ATRF_1996": "1277.00", "MRF_1997": "577.00", "NMRF_1997": "116.00", "ATRF_1997": "693.00", "MRF_1998": "333.00", "NMRF_1998": "69.00", "ATRF_1998": "402.00", "MRF_1999": "378.00", "NMRF_1999": "76.00", "ATRF_1999": "454.00", "MRF_2000": "371.00", "NMRF_2000": "19.00", "ATRF_2000": "390.00", "MRF_2001": "358.00", "NMRF_2001": "90.00", "ATRF_2001": "448.00", "MRF_2002": "155.00", "NMRF_2002": "61.00", "ATRF_2002": "216.00", "MRF_2003": "638.00", "NMRF_2003": "68.00", "ATRF_2003": "706.00", "MRF_2004": "421.00", "NMRF_2004": "150.00", "ATRF_2004": "571.00", "MRF_2005": "530.60", "NMRF_2005": "16.00", "ATRF_2005": "546.60", "MRF_2006": "375.00", "NMRF_2006": "49.00", "ATRF_2006": "424.00", "MRF_2007": "361.00", "NMRF_2007": "62.00", "ATRF_2007": "423.00", "MRF_2008": "610.00", "NMRF_2008": "79.00", "ATRF_2008": "689.00", "MRF_2009": "559.00", "NMRF_2009": "89.00", "ATRF_2009": "648.00", "MRF_2010": "687.00", "NMRF_2010": "57.00", "ATRF_2010": "744.00", "AGENCY": "RGWD", "ORIG_FID": "145" }, "geometry": { "type": "Point", "coordinates": [ 77.0833333, 27.4333333 ] } },
{ "type": "Feature", "properties": { "RAINGAUGE": "NAGAUR", "DISTRICT": "NAGAUR", "LONGITUDE": "74:45:00.000", "LATITUDE": "27:12:00.000", "COUNT": "56.00", "MRF_1984": "181.00", "NMRF_1984": "0.00", "ATRF_1984": "181.00", "MRF_1985": "471.50", "NMRF_1985": "30.00", "ATRF_1985": "501.50", "MRF_1986": "118.50", "NMRF_1986": "4.50", "ATRF_1986": "123.00", "MRF_1987": "147.50", "NMRF_1987": "58.50", "ATRF_1987": "206.00", "MRF_1988": "342.00", "NMRF_1988": "53.50", "ATRF_1988": "395.50", "MRF_1989": "309.00", "NMRF_1989": "0.00", "ATRF_1989": "309.00", "MRF_1990": "406.60", "NMRF_1990": "66.40", "ATRF_1990": "473.00", "MRF_1991": "259.00", "NMRF_1991": "16.00", "ATRF_1991": "275.00", "MRF_1992": "419.00", "NMRF_1992": "24.00", "ATRF_1992": "443.00", "MRF_1993": "316.00", "NMRF_1993": "7.00", "ATRF_1993": "323.00", "MRF_1994": "220.00", "NMRF_1994": "35.20", "ATRF_1994": "255.20", "MRF_1995": "475.00", "NMRF_1995": "40.00", "ATRF_1995": "515.00", "MRF_1996": "889.00", "NMRF_1996": "25.00", "ATRF_1996": "914.00", "MRF_1997": "586.00", "NMRF_1997": "213.00", "ATRF_1997": "799.00", "MRF_1998": "373.00", "NMRF_1998": "112.50", "ATRF_1998": "485.50", "MRF_1999": "223.00", "NMRF_1999": "25.00", "ATRF_1999": "248.00", "MRF_2000": "349.00", "NMRF_2000": "19.00", "ATRF_2000": "368.00", "MRF_2001": "252.00", "NMRF_2001": "53.00", "ATRF_2001": "305.00", "MRF_2002": "87.00", "NMRF_2002": "23.00", "ATRF_2002": "110.00", "MRF_2003": "519.00", "NMRF_2003": "13.00", "ATRF_2003": "532.00", "MRF_2004": "223.00", "NMRF_2004": "50.00", "ATRF_2004": "273.00", "MRF_2005": "474.00", "NMRF_2005": "21.00", "ATRF_2005": "495.00", "MRF_2006": "206.00", "NMRF_2006": "8.00", "ATRF_2006": "214.00", "MRF_2007": "367.00", "NMRF_2007": "77.00", "ATRF_2007": "444.00", "MRF_2008": "391.00", "NMRF_2008": "93.00", "ATRF_2008": "484.00", "MRF_2009": "0.00", "NMRF_2009": "0.00", "ATRF_2009": "103.90", "MRF_2010": "406.30", "NMRF_2010": "25.00", "ATRF_2010": "431.30", "AGENCY": "RGWD", "ORIG_FID": "146" }, "geometry": { "type": "Point", "coordinates": [ 74.75, 27.2 ] } },
{ "type": "Feature", "properties": { "RAINGAUGE": "NAINWA", "DISTRICT": "BUNDI", "LONGITUDE": "75:51:00.000", "LATITUDE": "25:46:00.000", "COUNT": "50.00", "MRF_1984": "296.00", "NMRF_1984": "0.00", "ATRF_1984": "296.00", "MRF_1985": "308.00", "NMRF_1985": "63.00", "ATRF_1985": "371.00", "MRF_1986": "337.00", "NMRF_1986": "24.00", "ATRF_1986": "361.00", "MRF_1987": "216.00", "NMRF_1987": "36.00", "ATRF_1987": "252.00", "MRF_1988": "315.00", "NMRF_1988": "15.00", "ATRF_1988": "330.00", "MRF_1989": "184.00", "NMRF_1989": "2.00", "ATRF_1989": "186.00", "MRF_1990": "355.00", "NMRF_1990": "29.00", "ATRF_1990": "384.00", "MRF_1991": "505.00", "NMRF_1991": "4.00", "ATRF_1991": "509.00", "MRF_1992": "511.00", "NMRF_1992": "21.00", "ATRF_1992": "532.00", "MRF_1993": "428.60", "NMRF_1993": "8.40", "ATRF_1993": "437.00", "MRF_1994": "614.00", "NMRF_1994": "24.70", "ATRF_1994": "638.70", "MRF_1995": "Not Available", "NMRF_1995": "Not Available", "ATRF_1995": "Not Available", "MRF_1996": "Not Available", "NMRF_1996": "Not Available", "ATRF_1996": "Not Available", "MRF_1997": "592.80", "NMRF_1997": "136.90", "ATRF_1997": "729.70", "MRF_1998": "360.10", "NMRF_1998": "35.20", "ATRF_1998": "395.30", "MRF_1999": "588.20", "NMRF_1999": "11.60", "ATRF_1999": "599.80", "MRF_2000": "591.40", "NMRF_2000": "38.00", "ATRF_2000": "629.40", "MRF_2001": "597.60", "NMRF_2001": "51.80", "ATRF_2001": "649.40", "MRF_2002": "211.00", "NMRF_2002": "45.80", "ATRF_2002": "256.80", "MRF_2003": "353.00", "NMRF_2003": "18.00", "ATRF_2003": "371.00", "MRF_2004": "485.00", "NMRF_2004": "18.00", "ATRF_2004": "503.00", "MRF_2005": "521.00", "NMRF_2005": "19.00", "ATRF_2005": "540.00", "MRF_2006": "500.50", "NMRF_2006": "8.00", "ATRF_2006": "508.50", "MRF_2007": "668.00", "NMRF_2007": "40.00", "ATRF_2007": "708.00", "MRF_2008": "439.00", "NMRF_2008": "16.00", "ATRF_2008": "455.00", "MRF_2009": "Not Available", "NMRF_2009": "Not Available", "ATRF_2009": "Not Available", "MRF_2010": "489.00", "NMRF_2010": "79.00", "ATRF_2010": "568.00", "AGENCY": "RGWD", "ORIG_FID": "147" }, "geometry": { "type": "Point", "coordinates": [ 75.85, 25.7666667 ] } },
{ "type": "Feature", "properties": { "RAINGAUGE": "NATHDWARA", "DISTRICT": "RAJSAMAND", "LONGITUDE": "73:50:00.000", "LATITUDE": "24:55:00.000", "COUNT": "51.00", "MRF_1984": "Not Available", "NMRF_1984": "Not Available", "ATRF_1984": "Not Available", "MRF_1985": "Not Available", "NMRF_1985": "Not Available", "ATRF_1985": "Not Available", "MRF_1986": "Not Available", "NMRF_1986": "Not Available", "ATRF_1986": "Not Available", "MRF_1987": "257.60", "NMRF_1987": "14.00", "ATRF_1987": "271.60", "MRF_1988": "451.80", "NMRF_1988": "0.00", "ATRF_1988": "451.80", "MRF_1989": "537.50", "NMRF_1989": "4.00", "ATRF_1989": "541.50", "MRF_1990": "672.20", "NMRF_1990": "20.20", "ATRF_1990": "692.40", "MRF_1991": "537.00", "NMRF_1991": "15.00", "ATRF_1991": "552.00", "MRF_1992": "640.20", "NMRF_1992": "33.00", "ATRF_1992": "673.20", "MRF_1993": "407.50", "NMRF_1993": "47.50", "ATRF_1993": "455.00", "MRF_1994": "714.00", "NMRF_1994": "35.00", "ATRF_1994": "749.00", "MRF_1995": "360.00", "NMRF_1995": "63.00", "ATRF_1995": "423.00", "MRF_1996": "360.00", "NMRF_1996": "63.00", "ATRF_1996": "423.00", "MRF_1997": "415.00", "NMRF_1997": "72.00", "ATRF_1997": "487.00", "MRF_1998": "393.00", "NMRF_1998": "81.00", "ATRF_1998": "474.00", "MRF_1999": "409.00", "NMRF_1999": "34.00", "ATRF_1999": "443.00", "MRF_2000": "290.00", "NMRF_2000": "25.00", "ATRF_2000": "315.00", "MRF_2001": "794.00", "NMRF_2001": "21.00", "ATRF_2001": "815.00", "MRF_2002": "337.00", "NMRF_2002": "2.00", "ATRF_2002": "339.00", "MRF_2003": "371.00", "NMRF_2003": "32.00", "ATRF_2003": "403.00", "MRF_2004": "419.00", "NMRF_2004": "22.00", "ATRF_2004": "441.00", "MRF_2005": "998.00", "NMRF_2005": "6.00", "ATRF_2005": "1004.00", "MRF_2006": "750.00", "NMRF_2006": "24.00", "ATRF_2006": "774.00", "MRF_2007": "573.00", "NMRF_2007": "18.00", "ATRF_2007": "591.00", "MRF_2008": "294.00", "NMRF_2008": "51.00", "ATRF_2008": "345.00", "MRF_2009": "582.00", "NMRF_2009": "13.00", "ATRF_2009": "595.00", "MRF_2010": "746.00", "NMRF_2010": "209.00", "ATRF_2010": "955.00", "AGENCY": "RGWD", "ORIG_FID": "148" }, "geometry": { "type": "Point", "coordinates": [ 73.8333333, 24.9166667 ] } },
{ "type": "Feature", "properties": { "RAINGAUGE": "NAWA", "DISTRICT": "NAGAUR", "LONGITUDE": "75:00:00.000", "LATITUDE": "27:01:00.000", "COUNT": "56.00", "MRF_1984": "188.20", "NMRF_1984": "0.00", "ATRF_1984": "188.20", "MRF_1985": "263.00", "NMRF_1985": "13.00", "ATRF_1985": "276.00", "MRF_1986": "297.00", "NMRF_1986": "13.00", "ATRF_1986": "310.00", "MRF_1987": "146.00", "NMRF_1987": "75.00", "ATRF_1987": "221.00", "MRF_1988": "309.00", "NMRF_1988": "15.00", "ATRF_1988": "324.00", "MRF_1989": "256.00", "NMRF_1989": "6.00", "ATRF_1989": "262.00", "MRF_1990": "292.80", "NMRF_1990": "131.20", "ATRF_1990": "424.00", "MRF_1991": "321.00", "NMRF_1991": "32.20", "ATRF_1991": "353.20", "MRF_1992": "513.50", "NMRF_1992": "25.50", "ATRF_1992": "539.00", "MRF_1993": "349.50", "NMRF_1993": "59.00", "ATRF_1993": "408.50", "MRF_1994": "461.00", "NMRF_1994": "24.00", "ATRF_1994": "485.00", "MRF_1995": "506.00", "NMRF_1995": "3.00", "ATRF_1995": "509.00", "MRF_1996": "727.00", "NMRF_1996": "46.00", "ATRF_1996": "773.00", "MRF_1997": "347.00", "NMRF_1997": "164.00", "ATRF_1997": "511.00", "MRF_1998": "437.00", "NMRF_1998": "45.00", "ATRF_1998": "482.00", "MRF_1999": "241.00", "NMRF_1999": "60.00", "ATRF_1999": "301.00", "MRF_2000": "228.00", "NMRF_2000": "15.00", "ATRF_2000": "243.00", "MRF_2001": "260.00", "NMRF_2001": "183.00", "ATRF_2001": "443.00", "MRF_2002": "147.00", "NMRF_2002": "65.00", "ATRF_2002": "212.00", "MRF_2003": "378.00", "NMRF_2003": "42.00", "ATRF_2003": "420.00", "MRF_2004": "369.00", "NMRF_2004": "26.00", "ATRF_2004": "395.00", "MRF_2005": "345.00", "NMRF_2005": "96.00", "ATRF_2005": "441.00", "MRF_2006": "168.00", "NMRF_2006": "50.00", "ATRF_2006": "218.00", "MRF_2007": "210.00", "NMRF_2007": "60.00", "ATRF_2007": "270.00", "MRF_2008": "536.00", "NMRF_2008": "71.00", "ATRF_2008": "607.00", "MRF_2009": "0.00", "NMRF_2009": "0.00", "ATRF_2009": "37.50", "MRF_2010": "406.00", "NMRF_2010": "71.00", "ATRF_2010": "477.00", "AGENCY": "RGWD", "ORIG_FID": "149" }, "geometry": { "type": "Point", "coordinates": [ 75.0, 27.0166667 ] } },
{ "type": "Feature", "properties": { "RAINGAUGE": "NAWALGARH", "DISTRICT": "JHUNJHUNU", "LONGITUDE": "75:15:34.159", "LATITUDE": "27:51:01.542", "COUNT": "45.00", "MRF_1984": "Not Available", "NMRF_1984": "Not Available", "ATRF_1984": "Not Available", "MRF_1985": "Not Available", "NMRF_1985": "Not Available", "ATRF_1985": "Not Available", "MRF_1986": "Not Available", "NMRF_1986": "Not Available", "ATRF_1986": "Not Available", "MRF_1987": "Not Available", "NMRF_1987": "Not Available", "ATRF_1987": "Not Available", "MRF_1988": "Not Available", "NMRF_1988": "Not Available", "ATRF_1988": "Not Available", "MRF_1989": "Not Available", "NMRF_1989": "Not Available", "ATRF_1989": "Not Available", "MRF_1990": "Not Available", "NMRF_1990": "Not Available", "ATRF_1990": "Not Available", "MRF_1991": "Not Available", "NMRF_1991": "Not Available", "ATRF_1991": "Not Available", "MRF_1992": "Not Available", "NMRF_1992": "Not Available", "ATRF_1992": "Not Available", "MRF_1993": "Not Available", "NMRF_1993": "Not Available", "ATRF_1993": "Not Available", "MRF_1994": "465.00", "NMRF_1994": "54.50", "ATRF_1994": "519.50", "MRF_1995": "Not Available", "NMRF_1995": "Not Available", "ATRF_1995": "Not Available", "MRF_1996": "728.00", "NMRF_1996": "49.00", "ATRF_1996": "777.00", "MRF_1997": "413.00", "NMRF_1997": "335.00", "ATRF_1997": "748.00", "MRF_1998": "416.00", "NMRF_1998": "108.00", "ATRF_1998": "524.00", "MRF_1999": "202.00", "NMRF_1999": "61.00", "ATRF_1999": "263.00", "MRF_2000": "343.00", "NMRF_2000": "25.00", "ATRF_2000": "368.00", "MRF_2001": "367.00", "NMRF_2001": "95.00", "ATRF_2001": "462.00", "MRF_2002": "76.00", "NMRF_2002": "55.00", "ATRF_2002": "131.00", "MRF_2003": "497.00", "NMRF_2003": "26.00", "ATRF_2003": "523.00", "MRF_2004": "269.00", "NMRF_2004": "53.00", "ATRF_2004": "322.00", "MRF_2005": "330.00", "NMRF_2005": "49.00", "ATRF_2005": "379.00", "MRF_2006": "260.00", "NMRF_2006": "103.00", "ATRF_2006": "363.00", "MRF_2007": "239.00", "NMRF_2007": "112.00", "ATRF_2007": "351.00", "MRF_2008": "446.00", "NMRF_2008": "104.00", "ATRF_2008": "550.00", "MRF_2009": "0.00", "NMRF_2009": "0.00", "ATRF_2009": "281.00", "MRF_2010": "575.00", "NMRF_2010": "80.00", "ATRF_2010": "655.00", "AGENCY": "RGWD", "ORIG_FID": "150" }, "geometry": { "type": "Point", "coordinates": [ 75.2594886, 27.8504283 ] } },
{ "type": "Feature", "properties": { "RAINGAUGE": "NEEM KA THANA", "DISTRICT": "SIKAR", "LONGITUDE": "75:47:00.000", "LATITUDE": "27:44:00.000", "COUNT": "60.00", "MRF_1984": "391.00", "NMRF_1984": "20.00", "ATRF_1984": "411.00", "MRF_1985": "222.00", "NMRF_1985": "58.00", "ATRF_1985": "280.00", "MRF_1986": "386.90", "NMRF_1986": "116.00", "ATRF_1986": "502.90", "MRF_1987": "148.70", "NMRF_1987": "95.30", "ATRF_1987": "244.00", "MRF_1988": "512.80", "NMRF_1988": "31.00", "ATRF_1988": "543.80", "MRF_1989": "285.50", "NMRF_1989": "5.00", "ATRF_1989": "290.50", "MRF_1990": "313.00", "NMRF_1990": "61.00", "ATRF_1990": "374.00", "MRF_1991": "248.00", "NMRF_1991": "3.00", "ATRF_1991": "251.00", "MRF_1992": "543.00", "NMRF_1992": "64.00", "ATRF_1992": "607.00", "MRF_1993": "505.00", "NMRF_1993": "40.00", "ATRF_1993": "545.00", "MRF_1994": "539.00", "NMRF_1994": "31.00", "ATRF_1994": "570.00", "MRF_1995": "625.00", "NMRF_1995": "69.00", "ATRF_1995": "694.00", "MRF_1996": "836.00", "NMRF_1996": "54.00", "ATRF_1996": "890.00", "MRF_1997": "309.00", "NMRF_1997": "89.00", "ATRF_1997": "398.00", "MRF_1998": "206.00", "NMRF_1998": "28.00", "ATRF_1998": "234.00", "MRF_1999": "278.00", "NMRF_1999": "26.00", "ATRF_1999": "304.00", "MRF_2000": "270.00", "NMRF_2000": "20.00", "ATRF_2000": "290.00", "MRF_2001": "272.00", "NMRF_2001": "78.00", "ATRF_2001": "350.00", "MRF_2002": "158.00", "NMRF_2002": "49.00", "ATRF_2002": "207.00", "MRF_2003": "524.00", "NMRF_2003": "31.00", "ATRF_2003": "555.00", "MRF_2004": "366.00", "NMRF_2004": "51.00", "ATRF_2004": "417.00", "MRF_2005": "648.00", "NMRF_2005": "81.00", "ATRF_2005": "729.00", "MRF_2006": "394.00", "NMRF_2006": "84.00", "ATRF_2006": "478.00", "MRF_2007": "342.00", "NMRF_2007": "139.00", "ATRF_2007": "481.00", "MRF_2008": "305.00", "NMRF_2008": "119.00", "ATRF_2008": "424.00", "MRF_2009": "305.00", "NMRF_2009": "31.00", "ATRF_2009": "336.00", "MRF_2010": "1175.00", "NMRF_2010": "54.00", "ATRF_2010": "1229.00", "AGENCY": "RGWD", "ORIG_FID": "151" }, "geometry": { "type": "Point", "coordinates": [ 75.7833333, 27.7333333 ] } },
{ "type": "Feature", "properties": { "RAINGAUGE": "NEEMRANA", "DISTRICT": "ALWAR", "LONGITUDE": "76:23:00.000", "LATITUDE": "28:00:00.000", "COUNT": "60.00", "MRF_1984": "304.70", "NMRF_1984": "7.00", "ATRF_1984": "311.70", "MRF_1985": "464.90", "NMRF_1985": "143.60", "ATRF_1985": "608.50", "MRF_1986": "446.40", "NMRF_1986": "80.80", "ATRF_1986": "527.20", "MRF_1987": "144.00", "NMRF_1987": "81.00", "ATRF_1987": "225.00", "MRF_1988": "746.30", "NMRF_1988": "89.00", "ATRF_1988": "835.30", "MRF_1989": "305.40", "NMRF_1989": "21.00", "ATRF_1989": "326.40", "MRF_1990": "651.30", "NMRF_1990": "133.20", "ATRF_1990": "784.50", "MRF_1991": "441.00", "NMRF_1991": "69.00", "ATRF_1991": "510.00", "MRF_1992": "563.70", "NMRF_1992": "138.80", "ATRF_1992": "702.50", "MRF_1993": "928.00", "NMRF_1993": "80.00", "ATRF_1993": "1008.00", "MRF_1994": "734.00", "NMRF_1994": "61.00", "ATRF_1994": "795.00", "MRF_1995": "1257.00", "NMRF_1995": "105.00", "ATRF_1995": "1362.00", "MRF_1996": "1081.90", "NMRF_1996": "44.00", "ATRF_1996": "1125.90", "MRF_1997": "686.00", "NMRF_1997": "272.00", "ATRF_1997": "958.00", "MRF_1998": "621.00", "NMRF_1998": "111.00", "ATRF_1998": "732.00", "MRF_1999": "453.00", "NMRF_1999": "55.00", "ATRF_1999": "508.00", "MRF_2000": "403.00", "NMRF_2000": "21.00", "ATRF_2000": "424.00", "MRF_2001": "445.00", "NMRF_2001": "237.00", "ATRF_2001": "682.00", "MRF_2002": "39.00", "NMRF_2002": "69.00", "ATRF_2002": "108.00", "MRF_2003": "740.00", "NMRF_2003": "71.00", "ATRF_2003": "811.00", "MRF_2004": "296.00", "NMRF_2004": "90.00", "ATRF_2004": "386.00", "MRF_2005": "621.00", "NMRF_2005": "45.00", "ATRF_2005": "666.00", "MRF_2006": "299.00", "NMRF_2006": "35.00", "ATRF_2006": "334.00", "MRF_2007": "499.00", "NMRF_2007": "126.00", "ATRF_2007": "625.00", "MRF_2008": "959.00", "NMRF_2008": "109.00", "ATRF_2008": "1068.00", "MRF_2009": "372.00", "NMRF_2009": "11.00", "ATRF_2009": "383.00", "MRF_2010": "652.00", "NMRF_2010": "18.00", "ATRF_2010": "670.00", "AGENCY": "RGWD", "ORIG_FID": "152" }, "geometry": { "type": "Point", "coordinates": [ 76.3833333, 28.0 ] } },
{ "type": "Feature", "properties": { "RAINGAUGE": "NIMBAHERA", "DISTRICT": "CHITTAURGARH", "LONGITUDE": "74:42:00.000", "LATITUDE": "24:37:00.000", "COUNT": "54.00", "MRF_1984": "947.50", "NMRF_1984": "13.00", "ATRF_1984": "960.50", "MRF_1985": "508.60", "NMRF_1985": "94.40", "ATRF_1985": "603.00", "MRF_1986": "797.10", "NMRF_1986": "21.20", "ATRF_1986": "818.30", "MRF_1987": "664.80", "NMRF_1987": "69.20", "ATRF_1987": "734.00", "MRF_1988": "457.00", "NMRF_1988": "2.00", "ATRF_1988": "459.00", "MRF_1989": "970.60", "NMRF_1989": "7.40", "ATRF_1989": "978.00", "MRF_1990": "1032.70", "NMRF_1990": "58.00", "ATRF_1990": "1090.70", "MRF_1991": "835.60", "NMRF_1991": "47.20", "ATRF_1991": "882.80", "MRF_1992": "1127.00", "NMRF_1992": "40.00", "ATRF_1992": "1167.00", "MRF_1993": "678.00", "NMRF_1993": "41.00", "ATRF_1993": "719.00", "MRF_1994": "883.00", "NMRF_1994": "27.00", "ATRF_1994": "910.00", "MRF_1995": "Not Available", "NMRF_1995": "Not Available", "ATRF_1995": "Not Available", "MRF_1996": "Not Available", "NMRF_1996": "Not Available", "ATRF_1996": "Not Available", "MRF_1997": "503.00", "NMRF_1997": "76.00", "ATRF_1997": "579.00", "MRF_1998": "548.00", "NMRF_1998": "59.00", "ATRF_1998": "607.00", "MRF_1999": "620.40", "NMRF_1999": "29.60", "ATRF_1999": "650.00", "MRF_2000": "461.80", "NMRF_2000": "57.80", "ATRF_2000": "519.60", "MRF_2001": "638.00", "NMRF_2001": "20.80", "ATRF_2001": "658.80", "MRF_2002": "358.80", "NMRF_2002": "47.70", "ATRF_2002": "406.50", "MRF_2003": "820.00", "NMRF_2003": "67.80", "ATRF_2003": "887.80", "MRF_2004": "840.00", "NMRF_2004": "41.00", "ATRF_2004": "881.00", "MRF_2005": "785.00", "NMRF_2005": "32.00", "ATRF_2005": "817.00", "MRF_2006": "1358.00", "NMRF_2006": "18.00", "ATRF_2006": "1376.00", "MRF_2007": "718.00", "NMRF_2007": "10.00", "ATRF_2007": "728.00", "MRF_2008": "840.00", "NMRF_2008": "65.00", "ATRF_2008": "905.00", "MRF_2009": "568.00", "NMRF_2009": "32.00", "ATRF_2009": "600.00", "MRF_2010": "806.00", "NMRF_2010": "85.00", "ATRF_2010": "891.00", "AGENCY": "RGWD", "ORIG_FID": "153" }, "geometry": { "type": "Point", "coordinates": [ 74.7, 24.6166667 ] } },
{ "type": "Feature", "properties": { "RAINGAUGE": "NIWAI", "DISTRICT": "TONK", "LONGITUDE": "75:55:00.000", "LATITUDE": "26:21:00.000", "COUNT": "58.00", "MRF_1984": "372.30", "NMRF_1984": "0.00", "ATRF_1984": "372.30", "MRF_1985": "317.70", "NMRF_1985": "210.70", "ATRF_1985": "528.40", "MRF_1986": "454.60", "NMRF_1986": "79.40", "ATRF_1986": "534.00", "MRF_1987": "283.50", "NMRF_1987": "20.50", "ATRF_1987": "304.00", "MRF_1988": "420.00", "NMRF_1988": "0.00", "ATRF_1988": "420.00", "MRF_1989": "301.60", "NMRF_1989": "9.00", "ATRF_1989": "310.60", "MRF_1990": "563.30", "NMRF_1990": "45.40", "ATRF_1990": "608.70", "MRF_1991": "484.10", "NMRF_1991": "68.50", "ATRF_1991": "552.60", "MRF_1992": "425.90", "NMRF_1992": "78.10", "ATRF_1992": "504.00", "MRF_1993": "446.20", "NMRF_1993": "18.40", "ATRF_1993": "464.60", "MRF_1994": "680.00", "NMRF_1994": "0.00", "ATRF_1994": "680.00", "MRF_1995": "618.60", "NMRF_1995": "48.20", "ATRF_1995": "666.80", "MRF_1996": "983.80", "NMRF_1996": "37.50", "ATRF_1996": "1021.30", "MRF_1997": "540.20", "NMRF_1997": "129.00", "ATRF_1997": "669.20", "MRF_1998": "713.50", "NMRF_1998": "11.50", "ATRF_1998": "725.00", "MRF_1999": "455.00", "NMRF_1999": "8.70", "ATRF_1999": "463.70", "MRF_2000": "415.30", "NMRF_2000": "51.20", "ATRF_2000": "466.50", "MRF_2001": "389.00", "NMRF_2001": "84.60", "ATRF_2001": "473.60", "MRF_2002": "129.00", "NMRF_2002": "38.00", "ATRF_2002": "167.00", "MRF_2003": "693.00", "NMRF_2003": "63.00", "ATRF_2003": "756.00", "MRF_2004": "511.00", "NMRF_2004": "73.00", "ATRF_2004": "584.00", "MRF_2005": "460.00", "NMRF_2005": "88.00", "ATRF_2005": "548.00", "MRF_2006": "285.80", "NMRF_2006": "27.80", "ATRF_2006": "313.60", "MRF_2007": "334.00", "NMRF_2007": "55.50", "ATRF_2007": "389.50", "MRF_2008": "684.00", "NMRF_2008": "9.00", "ATRF_2008": "693.00", "MRF_2009": "304.00", "NMRF_2009": "47.00", "ATRF_2009": "351.00", "MRF_2010": "437.90", "NMRF_2010": "81.00", "ATRF_2010": "518.90", "AGENCY": "RGWD", "ORIG_FID": "154" }, "geometry": { "type": "Point", "coordinates": [ 75.9166667, 26.35 ] } },
{ "type": "Feature", "properties": { "RAINGAUGE": "NOHAR", "DISTRICT": "HANUMANGARH", "LONGITUDE": "74:44:59.313", "LATITUDE": "29:11:02.681", "COUNT": "55.00", "MRF_1984": "350.00", "NMRF_1984": "11.00", "ATRF_1984": "361.00", "MRF_1985": "425.00", "NMRF_1985": "17.00", "ATRF_1985": "442.00", "MRF_1986": "30.00", "NMRF_1986": "0.00", "ATRF_1986": "30.00", "MRF_1987": "Not Available", "NMRF_1987": "Not Available", "ATRF_1987": "Not Available", "MRF_1988": "Not Available", "NMRF_1988": "Not Available", "ATRF_1988": "Not Available", "MRF_1989": "Not Available", "NMRF_1989": "Not Available", "ATRF_1989": "Not Available", "MRF_1990": "Not Available", "NMRF_1990": "Not Available", "ATRF_1990": "Not Available", "MRF_1991": "Not Available", "NMRF_1991": "Not Available", "ATRF_1991": "Not Available", "MRF_1992": "Not Available", "NMRF_1992": "Not Available", "ATRF_1992": "Not Available", "MRF_1993": "Not Available", "NMRF_1993": "Not Available", "ATRF_1993": "Not Available", "MRF_1994": "477.00", "NMRF_1994": "30.00", "ATRF_1994": "507.00", "MRF_1995": "343.00", "NMRF_1995": "87.00", "ATRF_1995": "430.00", "MRF_1996": "Not Available", "NMRF_1996": "Not Available", "ATRF_1996": "Not Available", "MRF_1997": "382.00", "NMRF_1997": "212.00", "ATRF_1997": "594.00", "MRF_1998": "311.00", "NMRF_1998": "173.00", "ATRF_1998": "484.00", "MRF_1999": "124.00", "NMRF_1999": "79.00", "ATRF_1999": "203.00", "MRF_2000": "106.00", "NMRF_2000": "0.00", "ATRF_2000": "106.00", "MRF_2001": "230.00", "NMRF_2001": "80.00", "ATRF_2001": "310.00", "MRF_2002": "77.00", "NMRF_2002": "88.00", "ATRF_2002": "165.00", "MRF_2003": "440.00", "NMRF_2003": "46.00", "ATRF_2003": "486.00", "MRF_2004": "103.00", "NMRF_2004": "52.00", "ATRF_2004": "155.00", "MRF_2005": "238.00", "NMRF_2005": "102.00", "ATRF_2005": "340.00", "MRF_2006": "134.00", "NMRF_2006": "118.00", "ATRF_2006": "252.00", "MRF_2007": "302.00", "NMRF_2007": "163.00", "ATRF_2007": "465.00", "MRF_2008": "413.00", "NMRF_2008": "73.00", "ATRF_2008": "486.00", "MRF_2009": "190.00", "NMRF_2009": "39.00", "ATRF_2009": "229.00", "MRF_2010": "468.00", "NMRF_2010": "34.00", "ATRF_2010": "502.00", "AGENCY": "RGWD", "ORIG_FID": "155" }, "geometry": { "type": "Point", "coordinates": [ 74.7498092, 29.1840781 ] } },
{ "type": "Feature", "properties": { "RAINGAUGE": "NOKH", "DISTRICT": "JAISALMER", "LONGITUDE": "72:16:00.000", "LATITUDE": "27:34:00.000", "COUNT": "46.00", "MRF_1984": "Not Available", "NMRF_1984": "Not Available", "ATRF_1984": "Not Available", "MRF_1985": "Not Available", "NMRF_1985": "Not Available", "ATRF_1985": "Not Available", "MRF_1986": "Not Available", "NMRF_1986": "Not Available", "ATRF_1986": "Not Available", "MRF_1987": "58.00", "NMRF_1987": "16.00", "ATRF_1987": "74.00", "MRF_1988": "66.00", "NMRF_1988": "16.00", "ATRF_1988": "82.00", "MRF_1989": "92.00", "NMRF_1989": "7.00", "ATRF_1989": "99.00", "MRF_1990": "104.00", "NMRF_1990": "36.00", "ATRF_1990": "140.00", "MRF_1991": "85.00", "NMRF_1991": "12.00", "ATRF_1991": "97.00", "MRF_1992": "476.40", "NMRF_1992": "0.00", "ATRF_1992": "476.40", "MRF_1993": "259.00", "NMRF_1993": "9.00", "ATRF_1993": "268.00", "MRF_1994": "222.00", "NMRF_1994": "6.00", "ATRF_1994": "228.00", "MRF_1995": "211.00", "NMRF_1995": "58.00", "ATRF_1995": "269.00", "MRF_1996": "459.00", "NMRF_1996": "63.00", "ATRF_1996": "522.00", "MRF_1997": "176.00", "NMRF_1997": "106.50", "ATRF_1997": "282.50", "MRF_1998": "208.00", "NMRF_1998": "130.00", "ATRF_1998": "338.00", "MRF_1999": "54.00", "NMRF_1999": "154.90", "ATRF_1999": "208.90", "MRF_2000": "279.00", "NMRF_2000": "0.00", "ATRF_2000": "279.00", "MRF_2001": "126.00", "NMRF_2001": "29.00", "ATRF_2001": "155.00", "MRF_2002": "31.00", "NMRF_2002": "17.00", "ATRF_2002": "48.00", "MRF_2003": "201.00", "NMRF_2003": "8.00", "ATRF_2003": "209.00", "MRF_2004": "91.00", "NMRF_2004": "0.00", "ATRF_2004": "91.00", "MRF_2005": "275.00", "NMRF_2005": "0.00", "ATRF_2005": "275.00", "MRF_2006": "104.00", "NMRF_2006": "0.00", "ATRF_2006": "104.00", "MRF_2007": "327.00", "NMRF_2007": "58.00", "ATRF_2007": "385.00", "MRF_2008": "87.00", "NMRF_2008": "94.00", "ATRF_2008": "181.00", "MRF_2009": "175.00", "NMRF_2009": "0.00", "ATRF_2009": "175.00", "MRF_2010": "395.00", "NMRF_2010": "Not Availab", "ATRF_2010": "395.00", "AGENCY": "RGWD", "ORIG_FID": "156" }, "geometry": { "type": "Point", "coordinates": [ 72.2666667, 27.5666667 ] } },
{ "type": "Feature", "properties": { "RAINGAUGE": "NOKHA", "DISTRICT": "BIKANER", "LONGITUDE": "73:29:53.597", "LATITUDE": "27:32:56.843", "COUNT": "54.00", "MRF_1984": "191.00", "NMRF_1984": "24.00", "ATRF_1984": "215.00", "MRF_1985": "91.00", "NMRF_1985": "5.00", "ATRF_1985": "96.00", "MRF_1986": "123.00", "NMRF_1986": "51.00", "ATRF_1986": "174.00", "MRF_1987": "41.00", "NMRF_1987": "89.15", "ATRF_1987": "130.15", "MRF_1988": "321.00", "NMRF_1988": "12.00", "ATRF_1988": "333.00", "MRF_1989": "323.00", "NMRF_1989": "0.00", "ATRF_1989": "323.00", "MRF_1990": "303.00", "NMRF_1990": "56.00", "ATRF_1990": "359.00", "MRF_1991": "75.00", "NMRF_1991": "4.00", "ATRF_1991": "79.00", "MRF_1992": "437.00", "NMRF_1992": "5.00", "ATRF_1992": "442.00", "MRF_1993": "264.00", "NMRF_1993": "3.00", "ATRF_1993": "267.00", "MRF_1994": "306.00", "NMRF_1994": "29.00", "ATRF_1994": "335.00", "MRF_1995": "203.00", "NMRF_1995": "37.00", "ATRF_1995": "240.00", "MRF_1996": "Not Available", "NMRF_1996": "Not Available", "ATRF_1996": "Not Available", "MRF_1997": "358.00", "NMRF_1997": "183.00", "ATRF_1997": "541.00", "MRF_1998": "148.00", "NMRF_1998": "82.00", "ATRF_1998": "230.00", "MRF_1999": "330.00", "NMRF_1999": "21.00", "ATRF_1999": "351.00", "MRF_2000": "303.00", "NMRF_2000": "4.00", "ATRF_2000": "307.00", "MRF_2001": "237.00", "NMRF_2001": "36.00", "ATRF_2001": "273.00", "MRF_2002": "43.00", "NMRF_2002": "40.00", "ATRF_2002": "83.00", "MRF_2003": "376.00", "NMRF_2003": "16.00", "ATRF_2003": "392.00", "MRF_2004": "176.00", "NMRF_2004": "28.00", "ATRF_2004": "204.00", "MRF_2005": "195.00", "NMRF_2005": "29.00", "ATRF_2005": "224.00", "MRF_2006": "192.00", "NMRF_2006": "35.00", "ATRF_2006": "227.00", "MRF_2007": "362.00", "NMRF_2007": "86.00", "ATRF_2007": "448.00", "MRF_2008": "208.00", "NMRF_2008": "106.00", "ATRF_2008": "314.00", "MRF_2009": "108.00", "NMRF_2009": "49.00", "ATRF_2009": "157.00", "MRF_2010": "Not Available", "NMRF_2010": "Not Available", "ATRF_2010": "Not Available", "AGENCY": "RGWD", "ORIG_FID": "157" }, "geometry": { "type": "Point", "coordinates": [ 73.4982214, 27.5491231 ] } },
{ "type": "Feature", "properties": { "RAINGAUGE": "OSIAN", "DISTRICT": "JODHPUR", "LONGITUDE": "72:55:00.000", "LATITUDE": "26:43:00.000", "COUNT": "59.00", "MRF_1984": "232.00", "NMRF_1984": "0.00", "ATRF_1984": "232.00", "MRF_1985": "156.00", "NMRF_1985": "12.00", "ATRF_1985": "168.00", "MRF_1986": "84.00", "NMRF_1986": "57.00", "ATRF_1986": "141.00", "MRF_1987": "57.40", "NMRF_1987": "0.00", "ATRF_1987": "57.40", "MRF_1988": "235.70", "NMRF_1988": "2.00", "ATRF_1988": "237.70", "MRF_1989": "251.80", "NMRF_1989": "3.60", "ATRF_1989": "255.40", "MRF_1990": "300.00", "NMRF_1990": "46.00", "ATRF_1990": "346.00", "MRF_1991": "151.40", "NMRF_1991": "28.80", "ATRF_1991": "180.20", "MRF_1992": "383.00", "NMRF_1992": "41.00", "ATRF_1992": "424.00", "MRF_1993": "191.40", "NMRF_1993": "9.50", "ATRF_1993": "200.90", "MRF_1994": "467.00", "NMRF_1994": "77.00", "ATRF_1994": "544.00", "MRF_1995": "400.00", "NMRF_1995": "30.00", "ATRF_1995": "430.00", "MRF_1996": "427.00", "NMRF_1996": "51.00", "ATRF_1996": "478.00", "MRF_1997": "196.00", "NMRF_1997": "191.00", "ATRF_1997": "387.00", "MRF_1998": "335.00", "NMRF_1998": "98.00", "ATRF_1998": "433.00", "MRF_1999": "211.00", "NMRF_1999": "69.00", "ATRF_1999": "280.00", "MRF_2000": "182.00", "NMRF_2000": "10.00", "ATRF_2000": "192.00", "MRF_2001": "267.00", "NMRF_2001": "57.00", "ATRF_2001": "324.00", "MRF_2002": "84.50", "NMRF_2002": "9.50", "ATRF_2002": "94.00", "MRF_2003": "459.00", "NMRF_2003": "24.00", "ATRF_2003": "483.00", "MRF_2004": "161.50", "NMRF_2004": "30.50", "ATRF_2004": "192.00", "MRF_2005": "243.00", "NMRF_2005": "17.00", "ATRF_2005": "260.00", "MRF_2006": "202.00", "NMRF_2006": "3.00", "ATRF_2006": "205.00", "MRF_2007": "156.00", "NMRF_2007": "44.00", "ATRF_2007": "200.00", "MRF_2008": "258.00", "NMRF_2008": "44.00", "ATRF_2008": "302.00", "MRF_2009": "139.50", "NMRF_2009": "11.00", "ATRF_2009": "150.50", "MRF_2010": "411.00", "NMRF_2010": "24.00", "ATRF_2010": "435.00", "AGENCY": "RGWD", "ORIG_FID": "158" }, "geometry": { "type": "Point", "coordinates": [ 72.9166667, 26.7166667 ] } },
{ "type": "Feature", "properties": { "RAINGAUGE": "PACHPADRA", "DISTRICT": "BARMER", "LONGITUDE": "72:16:00.000", "LATITUDE": "25:56:00.000", "COUNT": "49.00", "MRF_1984": "123.30", "NMRF_1984": "0.00", "ATRF_1984": "123.30", "MRF_1985": "Not Available", "NMRF_1985": "Not Available", "ATRF_1985": "Not Available", "MRF_1986": "Not Available", "NMRF_1986": "Not Available", "ATRF_1986": "Not Available", "MRF_1987": "Not Available", "NMRF_1987": "Not Available", "ATRF_1987": "Not Available", "MRF_1988": "Not Available", "NMRF_1988": "Not Available", "ATRF_1988": "Not Available", "MRF_1989": "Not Available", "NMRF_1989": "Not Available", "ATRF_1989": "Not Available", "MRF_1990": "Not Available", "NMRF_1990": "Not Available", "ATRF_1990": "Not Available", "MRF_1991": "Not Available", "NMRF_1991": "Not Available", "ATRF_1991": "Not Available", "MRF_1992": "Not Available", "NMRF_1992": "Not Available", "ATRF_1992": "Not Available", "MRF_1993": "Not Available", "NMRF_1993": "Not Available", "ATRF_1993": "Not Available", "MRF_1994": "372.00", "NMRF_1994": "40.00", "ATRF_1994": "412.00", "MRF_1995": "413.00", "NMRF_1995": "0.00", "ATRF_1995": "413.00", "MRF_1996": "157.00", "NMRF_1996": "44.00", "ATRF_1996": "201.00", "MRF_1997": "293.00", "NMRF_1997": "91.00", "ATRF_1997": "384.00", "MRF_1998": "269.00", "NMRF_1998": "72.00", "ATRF_1998": "341.00", "MRF_1999": "227.00", "NMRF_1999": "56.00", "ATRF_1999": "283.00", "MRF_2000": "204.00", "NMRF_2000": "20.00", "ATRF_2000": "224.00", "MRF_2001": "196.00", "NMRF_2001": "40.00", "ATRF_2001": "236.00", "MRF_2002": "158.00", "NMRF_2002": "8.00", "ATRF_2002": "166.00", "MRF_2003": "480.00", "NMRF_2003": "26.00", "ATRF_2003": "506.00", "MRF_2004": "280.00", "NMRF_2004": "11.00", "ATRF_2004": "291.00", "MRF_2005": "246.00", "NMRF_2005": "14.00", "ATRF_2005": "260.00", "MRF_2006": "506.00", "NMRF_2006": "34.00", "ATRF_2006": "540.00", "MRF_2007": "238.00", "NMRF_2007": "56.00", "ATRF_2007": "294.00", "MRF_2008": "0.00", "NMRF_2008": "0.00", "ATRF_2008": "424.00", "MRF_2009": "154.00", "NMRF_2009": "2.00", "ATRF_2009": "156.00", "MRF_2010": "441.00", "NMRF_2010": "60.00", "ATRF_2010": "501.00", "AGENCY": "RGWD", "ORIG_FID": "159" }, "geometry": { "type": "Point", "coordinates": [ 72.2666667, 25.9333333 ] } },
{ "type": "Feature", "properties": { "RAINGAUGE": "PADAMPUR", "DISTRICT": "GANGANAGAR", "LONGITUDE": "73:38:49.859", "LATITUDE": "29:43:46.993", "COUNT": "58.00", "MRF_1984": "255.00", "NMRF_1984": "27.00", "ATRF_1984": "282.00", "MRF_1985": "198.00", "NMRF_1985": "25.00", "ATRF_1985": "223.00", "MRF_1986": "102.00", "NMRF_1986": "20.00", "ATRF_1986": "122.00", "MRF_1987": "154.00", "NMRF_1987": "0.00", "ATRF_1987": "154.00", "MRF_1988": "139.00", "NMRF_1988": "10.00", "ATRF_1988": "149.00", "MRF_1989": "156.00", "NMRF_1989": "19.00", "ATRF_1989": "175.00", "MRF_1990": "108.00", "NMRF_1990": "64.00", "ATRF_1990": "172.00", "MRF_1991": "49.00", "NMRF_1991": "28.00", "ATRF_1991": "77.00", "MRF_1992": "363.00", "NMRF_1992": "12.90", "ATRF_1992": "375.90", "MRF_1993": "147.00", "NMRF_1993": "68.00", "ATRF_1993": "215.00", "MRF_1994": "192.00", "NMRF_1994": "25.00", "ATRF_1994": "217.00", "MRF_1995": "330.00", "NMRF_1995": "0.00", "ATRF_1995": "330.00", "MRF_1996": "317.00", "NMRF_1996": "63.00", "ATRF_1996": "380.00", "MRF_1997": "330.00", "NMRF_1997": "231.00", "ATRF_1997": "561.00", "MRF_1998": "161.00", "NMRF_1998": "46.00", "ATRF_1998": "207.00", "MRF_1999": "94.00", "NMRF_1999": "45.00", "ATRF_1999": "139.00", "MRF_2000": "75.00", "NMRF_2000": "0.00", "ATRF_2000": "75.00", "MRF_2001": "145.00", "NMRF_2001": "100.00", "ATRF_2001": "245.00", "MRF_2002": "35.00", "NMRF_2002": "15.00", "ATRF_2002": "50.00", "MRF_2003": "160.00", "NMRF_2003": "36.00", "ATRF_2003": "196.00", "MRF_2004": "121.00", "NMRF_2004": "61.00", "ATRF_2004": "182.00", "MRF_2005": "58.00", "NMRF_2005": "110.50", "ATRF_2005": "168.50", "MRF_2006": "156.00", "NMRF_2006": "75.00", "ATRF_2006": "231.00", "MRF_2007": "474.00", "NMRF_2007": "154.00", "ATRF_2007": "628.00", "MRF_2008": "350.00", "NMRF_2008": "81.00", "ATRF_2008": "431.00", "MRF_2009": "87.00", "NMRF_2009": "92.00", "ATRF_2009": "179.00", "MRF_2010": "457.00", "NMRF_2010": "23.00", "ATRF_2010": "480.00", "AGENCY": "RGWD", "ORIG_FID": "160" }, "geometry": { "type": "Point", "coordinates": [ 73.6471831, 29.7297203 ] } },
{ "type": "Feature", "properties": { "RAINGAUGE": "PAHARI", "DISTRICT": "BHARATPUR", "LONGITUDE": "77:05:00.000", "LATITUDE": "27:42:00.000", "COUNT": "42.00", "MRF_1984": "Not Available", "NMRF_1984": "Not Available", "ATRF_1984": "Not Available", "MRF_1985": "319.30", "NMRF_1985": "157.10", "ATRF_1985": "476.40", "MRF_1986": "200.00", "NMRF_1986": "32.80", "ATRF_1986": "232.80", "MRF_1987": "Not Available", "NMRF_1987": "Not Available", "ATRF_1987": "Not Available", "MRF_1988": "Not Available", "NMRF_1988": "Not Available", "ATRF_1988": "Not Available", "MRF_1989": "Not Available", "NMRF_1989": "Not Available", "ATRF_1989": "Not Available", "MRF_1990": "Not Available", "NMRF_1990": "Not Available", "ATRF_1990": "Not Available", "MRF_1991": "Not Available", "NMRF_1991": "Not Available", "ATRF_1991": "Not Available", "MRF_1992": "Not Available", "NMRF_1992": "Not Available", "ATRF_1992": "Not Available", "MRF_1993": "Not Available", "NMRF_1993": "Not Available", "ATRF_1993": "Not Available", "MRF_1994": "261.00", "NMRF_1994": "45.00", "ATRF_1994": "306.00", "MRF_1995": "574.00", "NMRF_1995": "45.00", "ATRF_1995": "619.00", "MRF_1996": "1085.00", "NMRF_1996": "89.00", "ATRF_1996": "1174.00", "MRF_1997": "436.00", "NMRF_1997": "92.00", "ATRF_1997": "528.00", "MRF_1998": "Not Available", "NMRF_1998": "Not Available", "ATRF_1998": "Not Available", "MRF_1999": "368.00", "NMRF_1999": "65.00", "ATRF_1999": "433.00", "MRF_2000": "267.00", "NMRF_2000": "26.00", "ATRF_2000": "293.00", "MRF_2001": "426.00", "NMRF_2001": "102.00", "ATRF_2001": "528.00", "MRF_2002": "286.00", "NMRF_2002": "105.00", "ATRF_2002": "391.00", "MRF_2003": "722.00", "NMRF_2003": "69.00", "ATRF_2003": "791.00", "MRF_2004": "0.00", "NMRF_2004": "0.00", "ATRF_2004": "525.00", "MRF_2005": "0.00", "NMRF_2005": "0.00", "ATRF_2005": "590.00", "MRF_2006": "216.00", "NMRF_2006": "48.00", "ATRF_2006": "264.00", "MRF_2007": "0.00", "NMRF_2007": "0.00", "ATRF_2007": "432.00", "MRF_2008": "555.00", "NMRF_2008": "90.00", "ATRF_2008": "645.00", "MRF_2009": "0.00", "NMRF_2009": "0.00", "ATRF_2009": "422.00", "MRF_2010": "603.00", "NMRF_2010": "66.00", "ATRF_2010": "669.00", "AGENCY": "RGWD", "ORIG_FID": "161" }, "geometry": { "type": "Point", "coordinates": [ 77.0833333, 27.7 ] } },
{ "type": "Feature", "properties": { "RAINGAUGE": "PALI", "DISTRICT": "PALI", "LONGITUDE": "73:20:00.000", "LATITUDE": "25:47:00.000", "COUNT": "33.00", "MRF_1984": "Not Available", "NMRF_1984": "Not Available", "ATRF_1984": "Not Available", "MRF_1985": "Not Available", "NMRF_1985": "Not Available", "ATRF_1985": "Not Available", "MRF_1986": "Not Available", "NMRF_1986": "Not Available", "ATRF_1986": "Not Available", "MRF_1987": "120.00", "NMRF_1987": "19.60", "ATRF_1987": "139.60", "MRF_1988": "422.60", "NMRF_1988": "5.20", "ATRF_1988": "427.80", "MRF_1989": "275.10", "NMRF_1989": "12.80", "ATRF_1989": "287.90", "MRF_1990": "991.80", "NMRF_1990": "55.20", "ATRF_1990": "1047.00", "MRF_1991": "297.60", "NMRF_1991": "7.00", "ATRF_1991": "304.60", "MRF_1992": "650.00", "NMRF_1992": "35.80", "ATRF_1992": "685.80", "MRF_1993": "280.80", "NMRF_1993": "10.60", "ATRF_1993": "291.40", "MRF_1994": "Not Available", "NMRF_1994": "Not Available", "ATRF_1994": "Not Available", "MRF_1995": "Not Available", "NMRF_1995": "Not Available", "ATRF_1995": "Not Available", "MRF_1996": "Not Available", "NMRF_1996": "Not Available", "ATRF_1996": "Not Available", "MRF_1997": "Not Available", "NMRF_1997": "Not Available", "ATRF_1997": "Not Available", "MRF_1998": "Not Available", "NMRF_1998": "Not Available", "ATRF_1998": "Not Available", "MRF_1999": "Not Available", "NMRF_1999": "Not Available", "ATRF_1999": "Not Available", "MRF_2000": "231.80", "NMRF_2000": "3.50", "ATRF_2000": "235.30", "MRF_2001": "470.40", "NMRF_2001": "29.80", "ATRF_2001": "500.20", "MRF_2002": "74.00", "NMRF_2002": "16.00", "ATRF_2002": "90.00", "MRF_2003": "317.00", "NMRF_2003": "25.00", "ATRF_2003": "342.00", "MRF_2004": "197.50", "NMRF_2004": "31.50", "ATRF_2004": "229.00", "MRF_2005": "394.00", "NMRF_2005": "60.00", "ATRF_2005": "454.00", "MRF_2006": "408.80", "NMRF_2006": "24.40", "ATRF_2006": "433.20", "MRF_2007": "687.00", "NMRF_2007": "24.00", "ATRF_2007": "711.00", "MRF_2008": "232.00", "NMRF_2008": "64.00", "ATRF_2008": "296.00", "MRF_2009": "166.00", "NMRF_2009": "7.00", "ATRF_2009": "173.00", "MRF_2010": "404.00", "NMRF_2010": "61.00", "ATRF_2010": "465.00", "AGENCY": "RGWD", "ORIG_FID": "162" }, "geometry": { "type": "Point", "coordinates": [ 73.3333333, 25.7833333 ] } },
{ "type": "Feature", "properties": { "RAINGAUGE": "PARBATSAR", "DISTRICT": "NAGAUR", "LONGITUDE": "74:35:00.000", "LATITUDE": "26:53:00.000", "COUNT": "57.00", "MRF_1984": "188.90", "NMRF_1984": "4.00", "ATRF_1984": "192.90", "MRF_1985": "115.80", "NMRF_1985": "13.00", "ATRF_1985": "128.80", "MRF_1986": "101.50", "NMRF_1986": "52.00", "ATRF_1986": "153.50", "MRF_1987": "73.50", "NMRF_1987": "26.90", "ATRF_1987": "100.40", "MRF_1988": "206.00", "NMRF_1988": "3.50", "ATRF_1988": "209.50", "MRF_1989": "199.10", "NMRF_1989": "0.00", "ATRF_1989": "199.10", "MRF_1990": "261.10", "NMRF_1990": "64.10", "ATRF_1990": "325.20", "MRF_1991": "238.00", "NMRF_1991": "27.90", "ATRF_1991": "265.90", "MRF_1992": "378.00", "NMRF_1992": "8.00", "ATRF_1992": "386.00", "MRF_1993": "189.00", "NMRF_1993": "2.00", "ATRF_1993": "191.00", "MRF_1994": "190.50", "NMRF_1994": "17.00", "ATRF_1994": "207.50", "MRF_1995": "454.00", "NMRF_1995": "1.00", "ATRF_1995": "455.00", "MRF_1996": "931.00", "NMRF_1996": "54.50", "ATRF_1996": "985.50", "MRF_1997": "484.00", "NMRF_1997": "204.50", "ATRF_1997": "688.50", "MRF_1998": "277.00", "NMRF_1998": "80.00", "ATRF_1998": "357.00", "MRF_1999": "261.50", "NMRF_1999": "36.50", "ATRF_1999": "298.00", "MRF_2000": "235.00", "NMRF_2000": "10.00", "ATRF_2000": "245.00", "MRF_2001": "305.00", "NMRF_2001": "155.00", "ATRF_2001": "460.00", "MRF_2002": "128.00", "NMRF_2002": "29.00", "ATRF_2002": "157.00", "MRF_2003": "530.00", "NMRF_2003": "25.00", "ATRF_2003": "555.00", "MRF_2004": "194.00", "NMRF_2004": "23.00", "ATRF_2004": "217.00", "MRF_2005": "297.00", "NMRF_2005": "20.00", "ATRF_2005": "317.00", "MRF_2006": "167.00", "NMRF_2006": "40.00", "ATRF_2006": "207.00", "MRF_2007": "261.00", "NMRF_2007": "61.00", "ATRF_2007": "322.00", "MRF_2008": "521.00", "NMRF_2008": "61.00", "ATRF_2008": "582.00", "MRF_2009": "0.00", "NMRF_2009": "0.00", "ATRF_2009": "176.00", "MRF_2010": "836.50", "NMRF_2010": "80.50", "ATRF_2010": "917.00", "AGENCY": "RGWD", "ORIG_FID": "163" }, "geometry": { "type": "Point", "coordinates": [ 74.5833333, 26.8833333 ] } },
{ "type": "Feature", "properties": { "RAINGAUGE": "PHAGI", "DISTRICT": "JAIPUR", "LONGITUDE": "75:34:00.000", "LATITUDE": "26:35:00.000", "COUNT": "59.00", "MRF_1984": "260.40", "NMRF_1984": "0.00", "ATRF_1984": "260.40", "MRF_1985": "354.00", "NMRF_1985": "26.00", "ATRF_1985": "380.00", "MRF_1986": "293.60", "NMRF_1986": "71.00", "ATRF_1986": "364.60", "MRF_1987": "289.60", "NMRF_1987": "97.20", "ATRF_1987": "386.80", "MRF_1988": "493.80", "NMRF_1988": "6.80", "ATRF_1988": "500.60", "MRF_1989": "374.90", "NMRF_1989": "0.00", "ATRF_1989": "374.90", "MRF_1990": "352.10", "NMRF_1990": "68.00", "ATRF_1990": "420.10", "MRF_1991": "309.00", "NMRF_1991": "80.00", "ATRF_1991": "389.00", "MRF_1992": "589.90", "NMRF_1992": "18.30", "ATRF_1992": "608.20", "MRF_1993": "293.10", "NMRF_1993": "18.00", "ATRF_1993": "311.10", "MRF_1994": "496.00", "NMRF_1994": "51.00", "ATRF_1994": "547.00", "MRF_1995": "805.00", "NMRF_1995": "1.00", "ATRF_1995": "806.00", "MRF_1996": "828.80", "NMRF_1996": "30.00", "ATRF_1996": "858.80", "MRF_1997": "570.00", "NMRF_1997": "123.50", "ATRF_1997": "693.50", "MRF_1998": "465.00", "NMRF_1998": "50.40", "ATRF_1998": "515.40", "MRF_1999": "387.40", "NMRF_1999": "26.60", "ATRF_1999": "414.00", "MRF_2000": "214.60", "NMRF_2000": "55.00", "ATRF_2000": "269.60", "MRF_2001": "357.80", "NMRF_2001": "81.00", "ATRF_2001": "438.80", "MRF_2002": "148.00", "NMRF_2002": "41.00", "ATRF_2002": "189.00", "MRF_2003": "606.00", "NMRF_2003": "60.00", "ATRF_2003": "666.00", "MRF_2004": "520.00", "NMRF_2004": "105.10", "ATRF_2004": "625.10", "MRF_2005": "496.40", "NMRF_2005": "39.00", "ATRF_2005": "535.40", "MRF_2006": "277.00", "NMRF_2006": "83.00", "ATRF_2006": "360.00", "MRF_2007": "389.00", "NMRF_2007": "19.00", "ATRF_2007": "408.00", "MRF_2008": "530.00", "NMRF_2008": "38.00", "ATRF_2008": "568.00", "MRF_2009": "294.00", "NMRF_2009": "51.00", "ATRF_2009": "345.00", "MRF_2010": "678.00", "NMRF_2010": "132.00", "ATRF_2010": "810.00", "AGENCY": "RGWD", "ORIG_FID": "164" }, "geometry": { "type": "Point", "coordinates": [ 75.5666667, 26.5833333 ] } },
{ "type": "Feature", "properties": { "RAINGAUGE": "PHALODI/BAP", "DISTRICT": "JODHPUR", "LONGITUDE": "72:21:19.603", "LATITUDE": "27:07:58.990", "COUNT": "56.00", "MRF_1984": "137.00", "NMRF_1984": "0.00", "ATRF_1984": "137.00", "MRF_1985": "175.50", "NMRF_1985": "19.00", "ATRF_1985": "194.50", "MRF_1986": "117.00", "NMRF_1986": "102.00", "ATRF_1986": "219.00", "MRF_1987": "139.90", "NMRF_1987": "94.40", "ATRF_1987": "234.30", "MRF_1988": "154.50", "NMRF_1988": "0.00", "ATRF_1988": "154.50", "MRF_1989": "132.00", "NMRF_1989": "0.00", "ATRF_1989": "132.00", "MRF_1990": "221.50", "NMRF_1990": "28.50", "ATRF_1990": "250.00", "MRF_1991": "70.50", "NMRF_1991": "11.00", "ATRF_1991": "81.50", "MRF_1992": "238.60", "NMRF_1992": "13.40", "ATRF_1992": "252.00", "MRF_1993": "170.00", "NMRF_1993": "8.00", "ATRF_1993": "178.00", "MRF_1994": "276.00", "NMRF_1994": "35.00", "ATRF_1994": "311.00", "MRF_1995": "78.00", "NMRF_1995": "65.00", "ATRF_1995": "143.00", "MRF_1996": "210.00", "NMRF_1996": "55.00", "ATRF_1996": "265.00", "MRF_1997": "248.00", "NMRF_1997": "72.00", "ATRF_1997": "320.00", "MRF_1998": "149.00", "NMRF_1998": "84.00", "ATRF_1998": "233.00", "MRF_1999": "114.00", "NMRF_1999": "40.00", "ATRF_1999": "154.00", "MRF_2000": "134.00", "NMRF_2000": "12.00", "ATRF_2000": "146.00", "MRF_2001": "230.00", "NMRF_2001": "23.00", "ATRF_2001": "253.00", "MRF_2002": "52.00", "NMRF_2002": "6.00", "ATRF_2002": "58.00", "MRF_2003": "208.00", "NMRF_2003": "13.00", "ATRF_2003": "221.00", "MRF_2004": "74.00", "NMRF_2004": "5.00", "ATRF_2004": "79.00", "MRF_2005": "85.00", "NMRF_2005": "26.00", "ATRF_2005": "111.00", "MRF_2006": "140.00", "NMRF_2006": "2.00", "ATRF_2006": "142.00", "MRF_2007": "118.00", "NMRF_2007": "88.50", "ATRF_2007": "206.50", "MRF_2008": "176.00", "NMRF_2008": "34.00", "ATRF_2008": "210.00", "MRF_2009": "46.00", "NMRF_2009": "6.50", "ATRF_2009": "52.50", "MRF_2010": "298.00", "NMRF_2010": "16.00", "ATRF_2010": "314.00", "AGENCY": "RGWD", "ORIG_FID": "165" }, "geometry": { "type": "Point", "coordinates": [ 72.3554453, 27.1330528 ] } },
{ "type": "Feature", "properties": { "RAINGAUGE": "PINDWARA", "DISTRICT": "SIROHI", "LONGITUDE": "73:03:00.000", "LATITUDE": "24:47:00.000", "COUNT": "59.00", "MRF_1984": "563.00", "NMRF_1984": "0.00", "ATRF_1984": "563.00", "MRF_1985": "498.00", "NMRF_1985": "6.10", "ATRF_1985": "504.10", "MRF_1986": "476.00", "NMRF_1986": "10.00", "ATRF_1986": "486.00", "MRF_1987": "172.00", "NMRF_1987": "47.00", "ATRF_1987": "219.00", "MRF_1988": "530.00", "NMRF_1988": "15.00", "ATRF_1988": "545.00", "MRF_1989": "706.00", "NMRF_1989": "7.00", "ATRF_1989": "713.00", "MRF_1990": "1278.00", "NMRF_1990": "73.00", "ATRF_1990": "1351.00", "MRF_1991": "511.00", "NMRF_1991": "6.00", "ATRF_1991": "517.00", "MRF_1992": "1245.00", "NMRF_1992": "4.00", "ATRF_1992": "1249.00", "MRF_1993": "605.00", "NMRF_1993": "8.00", "ATRF_1993": "613.00", "MRF_1994": "1157.80", "NMRF_1994": "37.00", "ATRF_1994": "1194.80", "MRF_1995": "536.20", "NMRF_1995": "7.00", "ATRF_1995": "543.20", "MRF_1996": "679.00", "NMRF_1996": "31.00", "ATRF_1996": "710.00", "MRF_1997": "872.00", "NMRF_1997": "90.00", "ATRF_1997": "962.00", "MRF_1998": "438.00", "NMRF_1998": "162.00", "ATRF_1998": "600.00", "MRF_1999": "291.00", "NMRF_1999": "47.00", "ATRF_1999": "338.00", "MRF_2000": "475.00", "NMRF_2000": "35.00", "ATRF_2000": "510.00", "MRF_2001": "510.00", "NMRF_2001": "21.00", "ATRF_2001": "531.00", "MRF_2002": "288.00", "NMRF_2002": "10.00", "ATRF_2002": "298.00", "MRF_2003": "676.00", "NMRF_2003": "69.00", "ATRF_2003": "745.00", "MRF_2004": "429.00", "NMRF_2004": "94.00", "ATRF_2004": "523.00", "MRF_2005": "1146.00", "NMRF_2005": "15.00", "ATRF_2005": "1161.00", "MRF_2006": "1821.00", "NMRF_2006": "28.00", "ATRF_2006": "1849.00", "MRF_2007": "1003.20", "NMRF_2007": "9.00", "ATRF_2007": "1012.20", "MRF_2008": "301.90", "NMRF_2008": "15.00", "ATRF_2008": "316.90", "MRF_2009": "491.30", "NMRF_2009": "30.00", "ATRF_2009": "521.30", "MRF_2010": "768.50", "NMRF_2010": "161.20", "ATRF_2010": "929.70", "AGENCY": "RGWD", "ORIG_FID": "166" }, "geometry": { "type": "Point", "coordinates": [ 73.05, 24.7833333 ] } },
{ "type": "Feature", "properties": { "RAINGAUGE": "PIPALKHUNT", "DISTRICT": "PRATAPGARH", "LONGITUDE": "74:45:00.000", "LATITUDE": "23:47:00.000", "COUNT": "52.00", "MRF_1984": "1016.00", "NMRF_1984": "0.00", "ATRF_1984": "1016.00", "MRF_1985": "329.00", "NMRF_1985": "226.00", "ATRF_1985": "555.00", "MRF_1986": "785.00", "NMRF_1986": "0.00", "ATRF_1986": "785.00", "MRF_1987": "Not Available", "NMRF_1987": "Not Available", "ATRF_1987": "Not Available", "MRF_1988": "Not Available", "NMRF_1988": "Not Available", "ATRF_1988": "Not Available", "MRF_1989": "Not Available", "NMRF_1989": "Not Available", "ATRF_1989": "Not Available", "MRF_1990": "Not Available", "NMRF_1990": "Not Available", "ATRF_1990": "Not Available", "MRF_1991": "Not Available", "NMRF_1991": "Not Available", "ATRF_1991": "Not Available", "MRF_1992": "Not Available", "NMRF_1992": "Not Available", "ATRF_1992": "Not Available", "MRF_1993": "Not Available", "NMRF_1993": "Not Available", "ATRF_1993": "Not Available", "MRF_1994": "1117.00", "NMRF_1994": "14.00", "ATRF_1994": "1131.00", "MRF_1995": "641.00", "NMRF_1995": "44.00", "ATRF_1995": "685.00", "MRF_1996": "Not Available", "NMRF_1996": "Not Available", "ATRF_1996": "Not Available", "MRF_1997": "525.00", "NMRF_1997": "53.00", "ATRF_1997": "578.00", "MRF_1998": "733.00", "NMRF_1998": "51.00", "ATRF_1998": "784.00", "MRF_1999": "684.00", "NMRF_1999": "51.00", "ATRF_1999": "735.00", "MRF_2000": "365.00", "NMRF_2000": "0.00", "ATRF_2000": "365.00", "MRF_2001": "541.00", "NMRF_2001": "0.00", "ATRF_2001": "541.00", "MRF_2002": "517.00", "NMRF_2002": "7.00", "ATRF_2002": "524.00", "MRF_2003": "688.00", "NMRF_2003": "29.00", "ATRF_2003": "717.00", "MRF_2004": "890.00", "NMRF_2004": "27.00", "ATRF_2004": "917.00", "MRF_2005": "781.00", "NMRF_2005": "7.00", "ATRF_2005": "788.00", "MRF_2006": "1799.00", "NMRF_2006": "5.00", "ATRF_2006": "1804.00", "MRF_2007": "1162.00", "NMRF_2007": "0.00", "ATRF_2007": "1162.00", "MRF_2008": "517.00", "NMRF_2008": "8.00", "ATRF_2008": "525.00", "MRF_2009": "684.00", "NMRF_2009": "19.00", "ATRF_2009": "703.00", "MRF_2010": "549.00", "NMRF_2010": "13.00", "ATRF_2010": "562.00", "AGENCY": "RGWD", "ORIG_FID": "167" }, "geometry": { "type": "Point", "coordinates": [ 74.75, 23.7833333 ] } },
{ "type": "Feature", "properties": { "RAINGAUGE": "PIRAWA", "DISTRICT": "JHALAWAR", "LONGITUDE": "76:02:00.000", "LATITUDE": "24:10:00.000", "COUNT": "60.00", "MRF_1984": "1288.80", "NMRF_1984": "64.00", "ATRF_1984": "1352.80", "MRF_1985": "1132.00", "NMRF_1985": "342.00", "ATRF_1985": "1474.00", "MRF_1986": "1507.50", "NMRF_1986": "74.50", "ATRF_1986": "1582.00", "MRF_1987": "1183.50", "NMRF_1987": "213.50", "ATRF_1987": "1397.00", "MRF_1988": "1102.00", "NMRF_1988": "10.00", "ATRF_1988": "1112.00", "MRF_1989": "924.90", "NMRF_1989": "4.80", "ATRF_1989": "929.70", "MRF_1990": "1200.80", "NMRF_1990": "25.80", "ATRF_1990": "1226.60", "MRF_1991": "770.60", "NMRF_1991": "5.00", "ATRF_1991": "775.60", "MRF_1992": "710.50", "NMRF_1992": "139.00", "ATRF_1992": "849.50", "MRF_1993": "1133.80", "NMRF_1993": "76.20", "ATRF_1993": "1210.00", "MRF_1994": "1065.40", "NMRF_1994": "37.50", "ATRF_1994": "1102.90", "MRF_1995": "650.00", "NMRF_1995": "94.30", "ATRF_1995": "744.30", "MRF_1996": "1271.20", "NMRF_1996": "31.40", "ATRF_1996": "1302.60", "MRF_1997": "799.80", "NMRF_1997": "250.00", "ATRF_1997": "1049.80", "MRF_1998": "713.70", "NMRF_1998": "51.20", "ATRF_1998": "764.90", "MRF_1999": "1038.80", "NMRF_1999": "38.40", "ATRF_1999": "1077.20", "MRF_2000": "619.20", "NMRF_2000": "56.00", "ATRF_2000": "675.20", "MRF_2001": "871.20", "NMRF_2001": "111.20", "ATRF_2001": "982.40", "MRF_2002": "474.00", "NMRF_2002": "18.20", "ATRF_2002": "492.20", "MRF_2003": "744.00", "NMRF_2003": "27.00", "ATRF_2003": "771.00", "MRF_2004": "801.20", "NMRF_2004": "39.00", "ATRF_2004": "840.20", "MRF_2005": "670.20", "NMRF_2005": "12.00", "ATRF_2005": "682.20", "MRF_2006": "1244.00", "NMRF_2006": "72.20", "ATRF_2006": "1316.20", "MRF_2007": "736.00", "NMRF_2007": "16.00", "ATRF_2007": "752.00", "MRF_2008": "610.00", "NMRF_2008": "26.00", "ATRF_2008": "636.00", "MRF_2009": "529.00", "NMRF_2009": "132.00", "ATRF_2009": "661.00", "MRF_2010": "665.00", "NMRF_2010": "54.00", "ATRF_2010": "719.00", "AGENCY": "RGWD", "ORIG_FID": "168" }, "geometry": { "type": "Point", "coordinates": [ 76.0333333, 24.1666667 ] } },
{ "type": "Feature", "properties": { "RAINGAUGE": "POKARAN", "DISTRICT": "JAISALMER", "LONGITUDE": "71:55:00.000", "LATITUDE": "26:56:00.000", "COUNT": "60.00", "MRF_1984": "171.00", "NMRF_1984": "0.50", "ATRF_1984": "171.50", "MRF_1985": "162.50", "NMRF_1985": "13.00", "ATRF_1985": "175.50", "MRF_1986": "90.00", "NMRF_1986": "6.00", "ATRF_1986": "96.00", "MRF_1987": "84.70", "NMRF_1987": "46.00", "ATRF_1987": "130.70", "MRF_1988": "176.50", "NMRF_1988": "3.00", "ATRF_1988": "179.50", "MRF_1989": "104.00", "NMRF_1989": "7.00", "ATRF_1989": "111.00", "MRF_1990": "96.50", "NMRF_1990": "21.50", "ATRF_1990": "118.00", "MRF_1991": "65.00", "NMRF_1991": "14.00", "ATRF_1991": "79.00", "MRF_1992": "111.50", "NMRF_1992": "5.00", "ATRF_1992": "116.50", "MRF_1993": "128.00", "NMRF_1993": "19.50", "ATRF_1993": "147.50", "MRF_1994": "448.00", "NMRF_1994": "11.00", "ATRF_1994": "459.00", "MRF_1995": "136.50", "NMRF_1995": "84.00", "ATRF_1995": "220.50", "MRF_1996": "396.00", "NMRF_1996": "37.00", "ATRF_1996": "433.00", "MRF_1997": "154.50", "NMRF_1997": "57.00", "ATRF_1997": "211.50", "MRF_1998": "164.00", "NMRF_1998": "156.00", "ATRF_1998": "320.00", "MRF_1999": "159.00", "NMRF_1999": "108.00", "ATRF_1999": "267.00", "MRF_2000": "193.00", "NMRF_2000": "13.00", "ATRF_2000": "206.00", "MRF_2001": "244.30", "NMRF_2001": "50.00", "ATRF_2001": "294.30", "MRF_2002": "17.50", "NMRF_2002": "31.00", "ATRF_2002": "48.50", "MRF_2003": "190.00", "NMRF_2003": "4.00", "ATRF_2003": "194.00", "MRF_2004": "61.00", "NMRF_2004": "25.00", "ATRF_2004": "86.00", "MRF_2005": "96.00", "NMRF_2005": "16.00", "ATRF_2005": "112.00", "MRF_2006": "130.00", "NMRF_2006": "9.00", "ATRF_2006": "139.00", "MRF_2007": "328.00", "NMRF_2007": "70.00", "ATRF_2007": "398.00", "MRF_2008": "346.00", "NMRF_2008": "77.00", "ATRF_2008": "423.00", "MRF_2009": "79.50", "NMRF_2009": "4.50", "ATRF_2009": "84.00", "MRF_2010": "520.00", "NMRF_2010": "20.00", "ATRF_2010": "540.00", "AGENCY": "RGWD", "ORIG_FID": "169" }, "geometry": { "type": "Point", "coordinates": [ 71.9166667, 26.9333333 ] } },
{ "type": "Feature", "properties": { "RAINGAUGE": "PRATAPGARH", "DISTRICT": "PRATAPGARH", "LONGITUDE": "74:46:42.248", "LATITUDE": "24:02:25.443", "COUNT": "54.00", "MRF_1984": "1049.90", "NMRF_1984": "37.80", "ATRF_1984": "1087.70", "MRF_1985": "564.40", "NMRF_1985": "31.40", "ATRF_1985": "595.80", "MRF_1986": "992.10", "NMRF_1986": "38.00", "ATRF_1986": "1030.10", "MRF_1987": "Not Available", "NMRF_1987": "Not Available", "ATRF_1987": "Not Available", "MRF_1988": "Not Available", "NMRF_1988": "Not Available", "ATRF_1988": "Not Available", "MRF_1989": "Not Available", "NMRF_1989": "Not Available", "ATRF_1989": "Not Available", "MRF_1990": "Not Available", "NMRF_1990": "Not Available", "ATRF_1990": "Not Available", "MRF_1991": "Not Available", "NMRF_1991": "Not Available", "ATRF_1991": "Not Available", "MRF_1992": "Not Available", "NMRF_1992": "Not Available", "ATRF_1992": "Not Available", "MRF_1993": "Not Available", "NMRF_1993": "Not Available", "ATRF_1993": "Not Available", "MRF_1994": "1414.00", "NMRF_1994": "31.00", "ATRF_1994": "1445.00", "MRF_1995": "Not Available", "NMRF_1995": "Not Available", "ATRF_1995": "Not Available", "MRF_1996": "Not Available", "NMRF_1996": "Not Available", "ATRF_1996": "Not Available", "MRF_1997": "734.00", "NMRF_1997": "77.00", "ATRF_1997": "811.00", "MRF_1998": "827.00", "NMRF_1998": "86.00", "ATRF_1998": "913.00", "MRF_1999": "1054.00", "NMRF_1999": "35.00", "ATRF_1999": "1089.00", "MRF_2000": "417.00", "NMRF_2000": "35.00", "ATRF_2000": "452.00", "MRF_2001": "658.00", "NMRF_2001": "22.00", "ATRF_2001": "680.00", "MRF_2002": "561.00", "NMRF_2002": "4.00", "ATRF_2002": "565.00", "MRF_2003": "845.00", "NMRF_2003": "34.00", "ATRF_2003": "879.00", "MRF_2004": "1080.00", "NMRF_2004": "13.00", "ATRF_2004": "1093.00", "MRF_2005": "703.00", "NMRF_2005": "5.00", "ATRF_2005": "708.00", "MRF_2006": "1397.50", "NMRF_2006": "25.50", "ATRF_2006": "1423.00", "MRF_2007": "918.00", "NMRF_2007": "26.00", "ATRF_2007": "944.00", "MRF_2008": "759.00", "NMRF_2008": "38.00", "ATRF_2008": "797.00", "MRF_2009": "940.00", "NMRF_2009": "39.00", "ATRF_2009": "979.00", "MRF_2010": "938.00", "NMRF_2010": "67.00", "ATRF_2010": "1005.00", "AGENCY": "RGWD", "ORIG_FID": "170" }, "geometry": { "type": "Point", "coordinates": [ 74.7784022, 24.0404008 ] } },
{ "type": "Feature", "properties": { "RAINGAUGE": "RAILMAGRA", "DISTRICT": "RAJSAMAND", "LONGITUDE": "74:08:00.000", "LATITUDE": "25:02:00.000", "COUNT": "59.00", "MRF_1984": "425.00", "NMRF_1984": "0.00", "ATRF_1984": "425.00", "MRF_1985": "237.00", "NMRF_1985": "39.00", "ATRF_1985": "276.00", "MRF_1986": "522.00", "NMRF_1986": "22.00", "ATRF_1986": "544.00", "MRF_1987": "264.00", "NMRF_1987": "53.00", "ATRF_1987": "317.00", "MRF_1988": "676.20", "NMRF_1988": "0.00", "ATRF_1988": "676.20", "MRF_1989": "585.00", "NMRF_1989": "32.00", "ATRF_1989": "617.00", "MRF_1990": "594.00", "NMRF_1990": "69.00", "ATRF_1990": "663.00", "MRF_1991": "397.00", "NMRF_1991": "48.00", "ATRF_1991": "445.00", "MRF_1992": "500.00", "NMRF_1992": "11.00", "ATRF_1992": "511.00", "MRF_1993": "225.00", "NMRF_1993": "28.00", "ATRF_1993": "253.00", "MRF_1994": "592.00", "NMRF_1994": "27.00", "ATRF_1994": "619.00", "MRF_1995": "399.00", "NMRF_1995": "57.00", "ATRF_1995": "456.00", "MRF_1996": "399.00", "NMRF_1996": "57.00", "ATRF_1996": "456.00", "MRF_1997": "542.00", "NMRF_1997": "103.00", "ATRF_1997": "645.00", "MRF_1998": "535.00", "NMRF_1998": "45.00", "ATRF_1998": "580.00", "MRF_1999": "411.00", "NMRF_1999": "80.00", "ATRF_1999": "491.00", "MRF_2000": "270.00", "NMRF_2000": "40.00", "ATRF_2000": "310.00", "MRF_2001": "489.00", "NMRF_2001": "44.00", "ATRF_2001": "533.00", "MRF_2002": "242.00", "NMRF_2002": "7.00", "ATRF_2002": "249.00", "MRF_2003": "497.00", "NMRF_2003": "36.00", "ATRF_2003": "533.00", "MRF_2004": "584.00", "NMRF_2004": "19.00", "ATRF_2004": "603.00", "MRF_2005": "875.00", "NMRF_2005": "14.00", "ATRF_2005": "889.00", "MRF_2006": "908.00", "NMRF_2006": "7.00", "ATRF_2006": "915.00", "MRF_2007": "624.00", "NMRF_2007": "13.00", "ATRF_2007": "637.00", "MRF_2008": "450.00", "NMRF_2008": "32.00", "ATRF_2008": "482.00", "MRF_2009": "436.00", "NMRF_2009": "35.00", "ATRF_2009": "471.00", "MRF_2010": "564.00", "NMRF_2010": "139.00", "ATRF_2010": "703.00", "AGENCY": "RGWD", "ORIG_FID": "171" }, "geometry": { "type": "Point", "coordinates": [ 74.1333333, 25.0333333 ] } },
{ "type": "Feature", "properties": { "RAINGAUGE": "RAIPUR", "DISTRICT": "PALI", "LONGITUDE": "74:02:00.000", "LATITUDE": "26:03:00.000", "COUNT": "59.00", "MRF_1984": "363.25", "NMRF_1984": "0.00", "ATRF_1984": "363.25", "MRF_1985": "251.80", "NMRF_1985": "74.55", "ATRF_1985": "326.35", "MRF_1986": "345.15", "NMRF_1986": "29.10", "ATRF_1986": "374.25", "MRF_1987": "108.00", "NMRF_1987": "8.00", "ATRF_1987": "116.00", "MRF_1988": "379.40", "NMRF_1988": "15.00", "ATRF_1988": "394.40", "MRF_1989": "504.20", "NMRF_1989": "18.00", "ATRF_1989": "522.20", "MRF_1990": "701.80", "NMRF_1990": "47.00", "ATRF_1990": "748.80", "MRF_1991": "442.00", "NMRF_1991": "11.00", "ATRF_1991": "453.00", "MRF_1992": "481.00", "NMRF_1992": "21.00", "ATRF_1992": "502.00", "MRF_1993": "356.00", "NMRF_1993": "32.00", "ATRF_1993": "388.00", "MRF_1994": "808.10", "NMRF_1994": "45.85", "ATRF_1994": "853.95", "MRF_1995": "594.60", "NMRF_1995": "8.35", "ATRF_1995": "602.95", "MRF_1996": "756.00", "NMRF_1996": "23.00", "ATRF_1996": "779.00", "MRF_1997": "575.15", "NMRF_1997": "85.60", "ATRF_1997": "660.75", "MRF_1998": "307.55", "NMRF_1998": "160.05", "ATRF_1998": "467.60", "MRF_1999": "391.55", "NMRF_1999": "65.10", "ATRF_1999": "456.65", "MRF_2000": "249.20", "NMRF_2000": "47.95", "ATRF_2000": "297.15", "MRF_2001": "532.65", "NMRF_2001": "51.25", "ATRF_2001": "583.90", "MRF_2002": "171.00", "NMRF_2002": "47.50", "ATRF_2002": "218.50", "MRF_2003": "446.25", "NMRF_2003": "50.75", "ATRF_2003": "497.00", "MRF_2004": "423.50", "NMRF_2004": "38.10", "ATRF_2004": "461.60", "MRF_2005": "570.75", "NMRF_2005": "33.20", "ATRF_2005": "603.95", "MRF_2006": "728.05", "NMRF_2006": "6.15", "ATRF_2006": "734.20", "MRF_2007": "426.50", "NMRF_2007": "34.00", "ATRF_2007": "460.50", "MRF_2008": "347.05", "NMRF_2008": "32.25", "ATRF_2008": "379.30", "MRF_2009": "409.00", "NMRF_2009": "40.00", "ATRF_2009": "429.00", "MRF_2010": "790.00", "NMRF_2010": "177.00", "ATRF_2010": "967.00", "AGENCY": "RGWD", "ORIG_FID": "172" }, "geometry": { "type": "Point", "coordinates": [ 74.0333333, 26.05 ] } },
{ "type": "Feature", "properties": { "RAINGAUGE": "RAISINGH NAGAR", "DISTRICT": "GANGANAGAR", "LONGITUDE": "73:27:00.000", "LATITUDE": "29:32:00.000", "COUNT": "58.00", "MRF_1984": "219.00", "NMRF_1984": "42.00", "ATRF_1984": "261.00", "MRF_1985": "329.00", "NMRF_1985": "32.00", "ATRF_1985": "361.00", "MRF_1986": "271.00", "NMRF_1986": "0.00", "ATRF_1986": "271.00", "MRF_1987": "65.00", "NMRF_1987": "64.00", "ATRF_1987": "129.00", "MRF_1988": "121.00", "NMRF_1988": "23.00", "ATRF_1988": "144.00", "MRF_1989": "128.00", "NMRF_1989": "55.00", "ATRF_1989": "183.00", "MRF_1990": "99.00", "NMRF_1990": "29.00", "ATRF_1990": "128.00", "MRF_1991": "47.00", "NMRF_1991": "12.00", "ATRF_1991": "59.00", "MRF_1992": "339.00", "NMRF_1992": "7.00", "ATRF_1992": "346.00", "MRF_1993": "128.00", "NMRF_1993": "54.00", "ATRF_1993": "182.00", "MRF_1994": "219.00", "NMRF_1994": "31.00", "ATRF_1994": "250.00", "MRF_1995": "281.00", "NMRF_1995": "20.00", "ATRF_1995": "301.00", "MRF_1996": "338.00", "NMRF_1996": "81.00", "ATRF_1996": "419.00", "MRF_1997": "98.00", "NMRF_1997": "169.00", "ATRF_1997": "267.00", "MRF_1998": "73.00", "NMRF_1998": "27.00", "ATRF_1998": "100.00", "MRF_1999": "51.00", "NMRF_1999": "23.00", "ATRF_1999": "74.00", "MRF_2000": "60.00", "NMRF_2000": "0.00", "ATRF_2000": "60.00", "MRF_2001": "133.00", "NMRF_2001": "30.00", "ATRF_2001": "163.00", "MRF_2002": "64.00", "NMRF_2002": "22.00", "ATRF_2002": "86.00", "MRF_2003": "185.00", "NMRF_2003": "23.00", "ATRF_2003": "208.00", "MRF_2004": "37.00", "NMRF_2004": "26.00", "ATRF_2004": "63.00", "MRF_2005": "76.00", "NMRF_2005": "70.00", "ATRF_2005": "146.00", "MRF_2006": "62.00", "NMRF_2006": "34.00", "ATRF_2006": "96.00", "MRF_2007": "131.00", "NMRF_2007": "20.00", "ATRF_2007": "151.00", "MRF_2008": "173.00", "NMRF_2008": "54.00", "ATRF_2008": "227.00", "MRF_2009": "80.00", "NMRF_2009": "50.00", "ATRF_2009": "130.00", "MRF_2010": "328.00", "NMRF_2010": "8.00", "ATRF_2010": "336.00", "AGENCY": "RGWD", "ORIG_FID": "173" }, "geometry": { "type": "Point", "coordinates": [ 73.45, 29.5333333 ] } },
{ "type": "Feature", "properties": { "RAINGAUGE": "RAJAKHERA", "DISTRICT": "DHOLPUR", "LONGITUDE": "78:11:00.000", "LATITUDE": "26:54:00.000", "COUNT": "59.00", "MRF_1984": "341.00", "NMRF_1984": "0.00", "ATRF_1984": "341.00", "MRF_1985": "652.00", "NMRF_1985": "11.00", "ATRF_1985": "663.00", "MRF_1986": "354.20", "NMRF_1986": "49.00", "ATRF_1986": "403.20", "MRF_1987": "199.00", "NMRF_1987": "68.00", "ATRF_1987": "267.00", "MRF_1988": "441.00", "NMRF_1988": "15.00", "ATRF_1988": "456.00", "MRF_1989": "314.60", "NMRF_1989": "8.00", "ATRF_1989": "322.60", "MRF_1990": "556.00", "NMRF_1990": "30.00", "ATRF_1990": "586.00", "MRF_1991": "592.00", "NMRF_1991": "55.00", "ATRF_1991": "647.00", "MRF_1992": "1140.00", "NMRF_1992": "334.00", "ATRF_1992": "1474.00", "MRF_1993": "404.50", "NMRF_1993": "25.20", "ATRF_1993": "429.70", "MRF_1994": "431.00", "NMRF_1994": "50.00", "ATRF_1994": "481.00", "MRF_1995": "648.00", "NMRF_1995": "29.00", "ATRF_1995": "677.00", "MRF_1996": "889.00", "NMRF_1996": "70.00", "ATRF_1996": "959.00", "MRF_1997": "546.00", "NMRF_1997": "76.00", "ATRF_1997": "622.00", "MRF_1998": "759.00", "NMRF_1998": "59.00", "ATRF_1998": "818.00", "MRF_1999": "585.00", "NMRF_1999": "51.00", "ATRF_1999": "636.00", "MRF_2000": "396.00", "NMRF_2000": "19.00", "ATRF_2000": "415.00", "MRF_2001": "570.00", "NMRF_2001": "99.00", "ATRF_2001": "669.00", "MRF_2002": "515.00", "NMRF_2002": "188.00", "ATRF_2002": "703.00", "MRF_2003": "486.00", "NMRF_2003": "44.00", "ATRF_2003": "530.00", "MRF_2004": "921.00", "NMRF_2004": "165.00", "ATRF_2004": "1086.00", "MRF_2005": "701.00", "NMRF_2005": "53.00", "ATRF_2005": "754.00", "MRF_2006": "374.00", "NMRF_2006": "92.00", "ATRF_2006": "466.00", "MRF_2007": "361.00", "NMRF_2007": "224.00", "ATRF_2007": "585.00", "MRF_2008": "1034.00", "NMRF_2008": "46.00", "ATRF_2008": "1080.00", "MRF_2009": "435.00", "NMRF_2009": "76.00", "ATRF_2009": "511.00", "MRF_2010": "Not Available", "NMRF_2010": "Not Available", "ATRF_2010": "Not Available", "AGENCY": "RGWD", "ORIG_FID": "174" }, "geometry": { "type": "Point", "coordinates": [ 78.1833333, 26.9 ] } },
{ "type": "Feature", "properties": { "RAINGAUGE": "RAJGARH", "DISTRICT": "ALWAR", "LONGITUDE": "76:37:00.000", "LATITUDE": "27:14:00.000", "COUNT": "60.00", "MRF_1984": "524.00", "NMRF_1984": "2.00", "ATRF_1984": "526.00", "MRF_1985": "690.50", "NMRF_1985": "139.00", "ATRF_1985": "829.50", "MRF_1986": "171.00", "NMRF_1986": "63.00", "ATRF_1986": "234.00", "MRF_1987": "272.00", "NMRF_1987": "77.00", "ATRF_1987": "349.00", "MRF_1988": "355.50", "NMRF_1988": "74.00", "ATRF_1988": "429.50", "MRF_1989": "391.00", "NMRF_1989": "16.00", "ATRF_1989": "407.00", "MRF_1990": "484.00", "NMRF_1990": "93.00", "ATRF_1990": "577.00", "MRF_1991": "289.00", "NMRF_1991": "46.00", "ATRF_1991": "335.00", "MRF_1992": "667.00", "NMRF_1992": "144.00", "ATRF_1992": "811.00", "MRF_1993": "772.00", "NMRF_1993": "51.00", "ATRF_1993": "823.00", "MRF_1994": "436.50", "NMRF_1994": "42.50", "ATRF_1994": "479.00", "MRF_1995": "646.50", "NMRF_1995": "64.50", "ATRF_1995": "711.00", "MRF_1996": "919.00", "NMRF_1996": "101.00", "ATRF_1996": "1020.00", "MRF_1997": "439.50", "NMRF_1997": "143.50", "ATRF_1997": "583.00", "MRF_1998": "566.00", "NMRF_1998": "79.00", "ATRF_1998": "645.00", "MRF_1999": "277.00", "NMRF_1999": "17.50", "ATRF_1999": "294.50", "MRF_2000": "228.50", "NMRF_2000": "52.00", "ATRF_2000": "254.50", "MRF_2001": "421.00", "NMRF_2001": "90.50", "ATRF_2001": "511.50", "MRF_2002": "142.50", "NMRF_2002": "65.00", "ATRF_2002": "207.50", "MRF_2003": "563.50", "NMRF_2003": "41.50", "ATRF_2003": "605.00", "MRF_2004": "304.00", "NMRF_2004": "133.50", "ATRF_2004": "437.50", "MRF_2005": "452.50", "NMRF_2005": "130.00", "ATRF_2005": "582.50", "MRF_2006": "307.50", "NMRF_2006": "58.00", "ATRF_2006": "365.50", "MRF_2007": "414.00", "NMRF_2007": "137.00", "ATRF_2007": "551.00", "MRF_2008": "815.50", "NMRF_2008": "84.50", "ATRF_2008": "900.00", "MRF_2009": "466.00", "NMRF_2009": "12.00", "ATRF_2009": "478.00", "MRF_2010": "634.00", "NMRF_2010": "80.00", "ATRF_2010": "714.00", "AGENCY": "RGWD", "ORIG_FID": "175" }, "geometry": { "type": "Point", "coordinates": [ 76.6166667, 27.2333333 ] } },
{ "type": "Feature", "properties": { "RAINGAUGE": "RAJSAMAND", "DISTRICT": "RAJSAMAND", "LONGITUDE": "73:52:26.993", "LATITUDE": "25:03:01.926", "COUNT": "59.00", "MRF_1984": "343.20", "NMRF_1984": "0.00", "ATRF_1984": "343.20", "MRF_1985": "294.20", "NMRF_1985": "35.60", "ATRF_1985": "329.80", "MRF_1986": "411.00", "NMRF_1986": "31.60", "ATRF_1986": "442.60", "MRF_1987": "307.00", "NMRF_1987": "61.80", "ATRF_1987": "368.80", "MRF_1988": "654.00", "NMRF_1988": "12.00", "ATRF_1988": "666.00", "MRF_1989": "453.00", "NMRF_1989": "11.00", "ATRF_1989": "464.00", "MRF_1990": "770.50", "NMRF_1990": "20.50", "ATRF_1990": "791.00", "MRF_1991": "423.00", "NMRF_1991": "23.00", "ATRF_1991": "446.00", "MRF_1992": "594.00", "NMRF_1992": "95.00", "ATRF_1992": "689.00", "MRF_1993": "440.00", "NMRF_1993": "21.00", "ATRF_1993": "461.00", "MRF_1994": "564.00", "NMRF_1994": "18.00", "ATRF_1994": "582.00", "MRF_1995": "447.00", "NMRF_1995": "68.00", "ATRF_1995": "515.00", "MRF_1996": "447.00", "NMRF_1996": "68.00", "ATRF_1996": "515.00", "MRF_1997": "393.00", "NMRF_1997": "53.00", "ATRF_1997": "446.00", "MRF_1998": "434.00", "NMRF_1998": "107.00", "ATRF_1998": "541.00", "MRF_1999": "361.00", "NMRF_1999": "65.00", "ATRF_1999": "426.00", "MRF_2000": "209.00", "NMRF_2000": "22.00", "ATRF_2000": "231.00", "MRF_2001": "561.00", "NMRF_2001": "75.00", "ATRF_2001": "636.00", "MRF_2002": "346.00", "NMRF_2002": "19.00", "ATRF_2002": "365.00", "MRF_2003": "442.00", "NMRF_2003": "41.00", "ATRF_2003": "483.00", "MRF_2004": "412.00", "NMRF_2004": "50.00", "ATRF_2004": "462.00", "MRF_2005": "792.00", "NMRF_2005": "14.00", "ATRF_2005": "806.00", "MRF_2006": "724.00", "NMRF_2006": "16.00", "ATRF_2006": "740.00", "MRF_2007": "610.00", "NMRF_2007": "27.00", "ATRF_2007": "637.00", "MRF_2008": "316.00", "NMRF_2008": "103.00", "ATRF_2008": "419.00", "MRF_2009": "429.00", "NMRF_2009": "18.00", "ATRF_2009": "447.00", "MRF_2010": "855.00", "NMRF_2010": "184.00", "ATRF_2010": "1039.00", "AGENCY": "RGWD", "ORIG_FID": "176" }, "geometry": { "type": "Point", "coordinates": [ 73.8741647, 25.050535 ] } },
{ "type": "Feature", "properties": { "RAINGAUGE": "RAMGANJMANDI", "DISTRICT": "KOTA", "LONGITUDE": "75:56:00.000", "LATITUDE": "24:38:00.000", "COUNT": "27.00", "MRF_1984": "867.70", "NMRF_1984": "50.00", "ATRF_1984": "917.70", "MRF_1985": "981.80", "NMRF_1985": "338.10", "ATRF_1985": "1319.90", "MRF_1986": "1331.10", "NMRF_1986": "43.60", "ATRF_1986": "1374.70", "MRF_1987": "707.50", "NMRF_1987": "9.30", "ATRF_1987": "716.80", "MRF_1988": "666.00", "NMRF_1988": "42.00", "ATRF_1988": "708.00", "MRF_1989": "642.60", "NMRF_1989": "22.20", "ATRF_1989": "664.80", "MRF_1990": "891.20", "NMRF_1990": "33.80", "ATRF_1990": "925.00", "MRF_1991": "780.10", "NMRF_1991": "36.30", "ATRF_1991": "816.40", "MRF_1992": "615.70", "NMRF_1992": "180.40", "ATRF_1992": "796.10", "MRF_1993": "984.40", "NMRF_1993": "7.00", "ATRF_1993": "991.40", "MRF_1994": "1051.10", "NMRF_1994": "17.20", "ATRF_1994": "1068.30", "MRF_1995": "701.20", "NMRF_1995": "80.00", "ATRF_1995": "781.20", "MRF_1996": "1583.10", "NMRF_1996": "36.00", "ATRF_1996": "1619.10", "MRF_1997": "933.10", "NMRF_1997": "122.90", "ATRF_1997": "1056.00", "MRF_1998": "482.00", "NMRF_1998": "101.00", "ATRF_1998": "583.00", "MRF_1999": "1040.00", "NMRF_1999": "121.00", "ATRF_1999": "1161.00", "MRF_2000": "893.00", "NMRF_2000": "30.00", "ATRF_2000": "923.00", "MRF_2001": "984.90", "NMRF_2001": "32.00", "ATRF_2001": "1016.90", "MRF_2002": "380.90", "NMRF_2002": "27.00", "ATRF_2002": "407.90", "MRF_2003": "661.00", "NMRF_2003": "23.50", "ATRF_2003": "684.50", "MRF_2004": "905.00", "NMRF_2004": "7.00", "ATRF_2004": "912.00", "MRF_2005": "578.00", "NMRF_2005": "6.00", "ATRF_2005": "584.00", "MRF_2006": "1132.00", "NMRF_2006": "34.00", "ATRF_2006": "1166.00", "MRF_2007": "880.00", "NMRF_2007": "14.00", "ATRF_2007": "894.00", "MRF_2008": "655.00", "NMRF_2008": "44.00", "ATRF_2008": "699.00", "MRF_2009": "470.00", "NMRF_2009": "119.00", "ATRF_2009": "589.00", "MRF_2010": "828.00", "NMRF_2010": "19.00", "ATRF_2010": "847.00", "AGENCY": "RGWD", "ORIG_FID": "177" }, "geometry": { "type": "Point", "coordinates": [ 75.9333333, 24.6333333 ] } },
{ "type": "Feature", "properties": { "RAINGAUGE": "RAMGARH", "DISTRICT": "ALWAR", "LONGITUDE": "76:49:00.000", "LATITUDE": "27:35:00.000", "COUNT": "59.00", "MRF_1984": "411.00", "NMRF_1984": "0.00", "ATRF_1984": "411.00", "MRF_1985": "800.00", "NMRF_1985": "166.00", "ATRF_1985": "966.00", "MRF_1986": "110.70", "NMRF_1986": "47.00", "ATRF_1986": "157.70", "MRF_1987": "279.80", "NMRF_1987": "95.00", "ATRF_1987": "374.80", "MRF_1988": "442.20", "NMRF_1988": "61.40", "ATRF_1988": "503.60", "MRF_1989": "253.60", "NMRF_1989": "19.00", "ATRF_1989": "272.60", "MRF_1990": "716.80", "NMRF_1990": "119.00", "ATRF_1990": "835.80", "MRF_1991": "271.30", "NMRF_1991": "62.00", "ATRF_1991": "333.30", "MRF_1992": "613.00", "NMRF_1992": "114.00", "ATRF_1992": "727.00", "MRF_1993": "512.00", "NMRF_1993": "61.00", "ATRF_1993": "573.00", "MRF_1994": "389.87", "NMRF_1994": "67.00", "ATRF_1994": "67.00", "MRF_1995": "33.00", "NMRF_1995": "67.00", "ATRF_1995": "67.00", "MRF_1996": "33.00", "NMRF_1996": "33.00", "ATRF_1996": "551.93", "MRF_1997": "33.00", "NMRF_1997": "33.00", "ATRF_1997": "478.03", "MRF_1998": "33.00", "NMRF_1998": "67.00", "ATRF_1998": "451.67", "MRF_1999": "67.00", "NMRF_1999": "33.00", "ATRF_1999": "302.33", "MRF_2000": "33.00", "NMRF_2000": "33.00", "ATRF_2000": "306.67", "MRF_2001": "67.00", "NMRF_2001": "33.00", "ATRF_2001": "33.00", "MRF_2002": "67.00", "NMRF_2002": "67.00", "ATRF_2002": "168.00", "MRF_2003": "399.33", "NMRF_2003": "33.00", "ATRF_2003": "33.00", "MRF_2004": "67.00", "NMRF_2004": "67.00", "ATRF_2004": "67.00", "MRF_2005": "33.00", "NMRF_2005": "67.00", "ATRF_2005": "67.00", "MRF_2006": "33.00", "NMRF_2006": "33.00", "ATRF_2006": "33.00", "MRF_2007": "67.00", "NMRF_2007": "33.00", "ATRF_2007": "67.00", "MRF_2008": "357.67", "NMRF_2008": "67.00", "ATRF_2008": "67.00", "MRF_2009": "33.00", "NMRF_2009": "24.50", "ATRF_2009": "380.00", "MRF_2010": "1200.00", "NMRF_2010": "51.00", "ATRF_2010": "1251.00", "AGENCY": "RGWD", "ORIG_FID": "178" }, "geometry": { "type": "Point", "coordinates": [ 76.8166667, 27.5833333 ] } },
{ "type": "Feature", "properties": { "RAINGAUGE": "RANIWARA", "DISTRICT": "JALORE", "LONGITUDE": "72:11:55.505", "LATITUDE": "24:46:03.196", "COUNT": "24.00", "MRF_1984": "Not Available", "NMRF_1984": "Not Available", "ATRF_1984": "Not Available", "MRF_1985": "Not Available", "NMRF_1985": "Not Available", "ATRF_1985": "Not Available", "MRF_1986": "Not Available", "NMRF_1986": "Not Available", "ATRF_1986": "Not Available", "MRF_1987": "Not Available", "NMRF_1987": "Not Available", "ATRF_1987": "Not Available", "MRF_1988": "Not Available", "NMRF_1988": "Not Available", "ATRF_1988": "Not Available", "MRF_1989": "Not Available", "NMRF_1989": "Not Available", "ATRF_1989": "Not Available", "MRF_1990": "Not Available", "NMRF_1990": "Not Available", "ATRF_1990": "Not Available", "MRF_1991": "Not Available", "NMRF_1991": "Not Available", "ATRF_1991": "Not Available", "MRF_1992": "Not Available", "NMRF_1992": "Not Available", "ATRF_1992": "Not Available", "MRF_1993": "Not Available", "NMRF_1993": "Not Available", "ATRF_1993": "Not Available", "MRF_1994": "Not Available", "NMRF_1994": "Not Available", "ATRF_1994": "Not Available", "MRF_1995": "315.10", "NMRF_1995": "0.00", "ATRF_1995": "315.10", "MRF_1996": "Not Available", "NMRF_1996": "Not Available", "ATRF_1996": "Not Available", "MRF_1997": "Not Available", "NMRF_1997": "Not Available", "ATRF_1997": "Not Available", "MRF_1998": "Not Available", "NMRF_1998": "Not Available", "ATRF_1998": "Not Available", "MRF_1999": "Not Available", "NMRF_1999": "Not Available", "ATRF_1999": "Not Available", "MRF_2000": "Not Available", "NMRF_2000": "Not Available", "ATRF_2000": "Not Available", "MRF_2001": "Not Available", "NMRF_2001": "Not Available", "ATRF_2001": "Not Available", "MRF_2002": "Not Available", "NMRF_2002": "Not Available", "ATRF_2002": "Not Available", "MRF_2003": "664.00", "NMRF_2003": "98.00", "ATRF_2003": "762.00", "MRF_2004": "367.00", "NMRF_2004": "28.00", "ATRF_2004": "395.00", "MRF_2005": "457.00", "NMRF_2005": "0.00", "ATRF_2005": "457.00", "MRF_2006": "935.00", "NMRF_2006": "0.00", "ATRF_2006": "935.00", "MRF_2007": "387.00", "NMRF_2007": "11.00", "ATRF_2007": "398.00", "MRF_2008": "427.00", "NMRF_2008": "40.60", "ATRF_2008": "467.60", "MRF_2009": "234.00", "NMRF_2009": "5.00", "ATRF_2009": "239.00", "MRF_2010": "1064.00", "NMRF_2010": "161.00", "ATRF_2010": "1225.00", "AGENCY": "RGWD", "ORIG_FID": "179" }, "geometry": { "type": "Point", "coordinates": [ 72.1987514, 24.7675544 ] } },
{ "type": "Feature", "properties": { "RAINGAUGE": "RASHMI", "DISTRICT": "CHITTAURGARH", "LONGITUDE": "74:21:11.259", "LATITUDE": "25:03:49.802", "COUNT": "54.00", "MRF_1984": "662.00", "NMRF_1984": "28.30", "ATRF_1984": "690.30", "MRF_1985": "406.00", "NMRF_1985": "91.50", "ATRF_1985": "497.50", "MRF_1986": "490.20", "NMRF_1986": "46.00", "ATRF_1986": "536.20", "MRF_1987": "347.50", "NMRF_1987": "70.50", "ATRF_1987": "418.00", "MRF_1988": "605.50", "NMRF_1988": "32.00", "ATRF_1988": "637.50", "MRF_1989": "806.00", "NMRF_1989": "9.00", "ATRF_1989": "815.00", "MRF_1990": "705.30", "NMRF_1990": "48.00", "ATRF_1990": "753.30", "MRF_1991": "497.00", "NMRF_1991": "75.00", "ATRF_1991": "572.00", "MRF_1992": "499.00", "NMRF_1992": "28.00", "ATRF_1992": "527.00", "MRF_1993": "286.00", "NMRF_1993": "17.90", "ATRF_1993": "303.90", "MRF_1994": "745.40", "NMRF_1994": "23.00", "ATRF_1994": "768.40", "MRF_1995": "Not Available", "NMRF_1995": "Not Available", "ATRF_1995": "Not Available", "MRF_1996": "Not Available", "NMRF_1996": "Not Available", "ATRF_1996": "Not Available", "MRF_1997": "509.60", "NMRF_1997": "61.60", "ATRF_1997": "571.20", "MRF_1998": "327.00", "NMRF_1998": "45.00", "ATRF_1998": "372.00", "MRF_1999": "637.80", "NMRF_1999": "85.60", "ATRF_1999": "723.40", "MRF_2000": "445.00", "NMRF_2000": "24.40", "ATRF_2000": "469.40", "MRF_2001": "609.00", "NMRF_2001": "41.00", "ATRF_2001": "650.00", "MRF_2002": "286.90", "NMRF_2002": "21.00", "ATRF_2002": "307.90", "MRF_2003": "685.00", "NMRF_2003": "23.00", "ATRF_2003": "708.00", "MRF_2004": "676.00", "NMRF_2004": "29.00", "ATRF_2004": "705.00", "MRF_2005": "742.00", "NMRF_2005": "14.00", "ATRF_2005": "756.00", "MRF_2006": "712.00", "NMRF_2006": "22.00", "ATRF_2006": "734.00", "MRF_2007": "586.00", "NMRF_2007": "15.00", "ATRF_2007": "601.00", "MRF_2008": "461.00", "NMRF_2008": "73.00", "ATRF_2008": "534.00", "MRF_2009": "450.00", "NMRF_2009": "75.00", "ATRF_2009": "525.00", "MRF_2010": "559.00", "NMRF_2010": "96.00", "ATRF_2010": "655.00", "AGENCY": "RGWD", "ORIG_FID": "180" }, "geometry": { "type": "Point", "coordinates": [ 74.3531275, 25.0638339 ] } },
{ "type": "Feature", "properties": { "RAINGAUGE": "RATANGARH", "DISTRICT": "CHURU", "LONGITUDE": "74:37:00.000", "LATITUDE": "28:05:00.000", "COUNT": "45.00", "MRF_1984": "Not Available", "NMRF_1984": "Not Available", "ATRF_1984": "Not Available", "MRF_1985": "Not Available", "NMRF_1985": "Not Available", "ATRF_1985": "Not Available", "MRF_1986": "Not Available", "NMRF_1986": "Not Available", "ATRF_1986": "Not Available", "MRF_1987": "71.00", "NMRF_1987": "65.00", "ATRF_1987": "136.00", "MRF_1988": "410.00", "NMRF_1988": "23.00", "ATRF_1988": "433.00", "MRF_1989": "166.00", "NMRF_1989": "8.00", "ATRF_1989": "174.00", "MRF_1990": "171.00", "NMRF_1990": "67.00", "ATRF_1990": "238.00", "MRF_1991": "91.00", "NMRF_1991": "29.00", "ATRF_1991": "120.00", "MRF_1992": "535.00", "NMRF_1992": "40.00", "ATRF_1992": "575.00", "MRF_1993": "255.00", "NMRF_1993": "27.00", "ATRF_1993": "282.00", "MRF_1994": "322.00", "NMRF_1994": "37.00", "ATRF_1994": "359.00", "MRF_1995": "563.00", "NMRF_1995": "7.00", "ATRF_1995": "570.00", "MRF_1996": "Not Available", "NMRF_1996": "Not Available", "ATRF_1996": "Not Available", "MRF_1997": "390.00", "NMRF_1997": "151.00", "ATRF_1997": "541.00", "MRF_1998": "224.00", "NMRF_1998": "128.00", "ATRF_1998": "352.00", "MRF_1999": "211.00", "NMRF_1999": "18.00", "ATRF_1999": "229.00", "MRF_2000": "176.00", "NMRF_2000": "3.00", "ATRF_2000": "179.00", "MRF_2001": "195.00", "NMRF_2001": "102.00", "ATRF_2001": "297.00", "MRF_2002": "41.00", "NMRF_2002": "37.00", "ATRF_2002": "78.00", "MRF_2003": "425.00", "NMRF_2003": "21.00", "ATRF_2003": "446.00", "MRF_2004": "144.00", "NMRF_2004": "109.00", "ATRF_2004": "253.00", "MRF_2005": "117.00", "NMRF_2005": "100.00", "ATRF_2005": "217.00", "MRF_2006": "119.00", "NMRF_2006": "107.00", "ATRF_2006": "226.00", "MRF_2007": "361.00", "NMRF_2007": "54.00", "ATRF_2007": "415.00", "MRF_2008": "357.00", "NMRF_2008": "72.00", "ATRF_2008": "429.00", "MRF_2009": "Not Available", "NMRF_2009": "Not Available", "ATRF_2009": "Not Available", "MRF_2010": "666.00", "NMRF_2010": "47.00", "ATRF_2010": "713.00", "AGENCY": "RGWD", "ORIG_FID": "181" }, "geometry": { "type": "Point", "coordinates": [ 74.6166667, 28.0833333 ] } },
{ "type": "Feature", "properties": { "RAINGAUGE": "REODHAR", "DISTRICT": "SIROHI", "LONGITUDE": "72:32:00.000", "LATITUDE": "24:38:00.000", "COUNT": "57.00", "MRF_1984": "590.00", "NMRF_1984": "0.00", "ATRF_1984": "590.00", "MRF_1985": "273.60", "NMRF_1985": "7.00", "ATRF_1985": "280.60", "MRF_1986": "228.50", "NMRF_1986": "33.50", "ATRF_1986": "262.00", "MRF_1987": "28.00", "NMRF_1987": "21.00", "ATRF_1987": "49.00", "MRF_1988": "539.00", "NMRF_1988": "0.00", "ATRF_1988": "539.00", "MRF_1989": "653.00", "NMRF_1989": "5.00", "ATRF_1989": "658.00", "MRF_1990": "1397.40", "NMRF_1990": "68.90", "ATRF_1990": "1466.30", "MRF_1991": "278.00", "NMRF_1991": "0.00", "ATRF_1991": "278.00", "MRF_1992": "1276.00", "NMRF_1992": "21.00", "ATRF_1992": "1297.00", "MRF_1993": "528.00", "NMRF_1993": "11.00", "ATRF_1993": "539.00", "MRF_1994": "1328.00", "NMRF_1994": "38.00", "ATRF_1994": "1366.00", "MRF_1995": "487.00", "NMRF_1995": "0.00", "ATRF_1995": "487.00", "MRF_1996": "376.00", "NMRF_1996": "24.00", "ATRF_1996": "400.00", "MRF_1997": "710.00", "NMRF_1997": "93.00", "ATRF_1997": "803.00", "MRF_1998": "495.00", "NMRF_1998": "244.00", "ATRF_1998": "739.00", "MRF_1999": "198.00", "NMRF_1999": "26.00", "ATRF_1999": "224.00", "MRF_2000": "341.00", "NMRF_2000": "1.00", "ATRF_2000": "342.00", "MRF_2001": "691.00", "NMRF_2001": "65.00", "ATRF_2001": "756.00", "MRF_2002": "236.00", "NMRF_2002": "7.00", "ATRF_2002": "243.00", "MRF_2003": "807.00", "NMRF_2003": "22.00", "ATRF_2003": "829.00", "MRF_2004": "518.00", "NMRF_2004": "70.00", "ATRF_2004": "588.00", "MRF_2005": "573.00", "NMRF_2005": "0.00", "ATRF_2005": "573.00", "MRF_2006": "1313.00", "NMRF_2006": "9.00", "ATRF_2006": "1322.00", "MRF_2007": "664.00", "NMRF_2007": "20.00", "ATRF_2007": "684.00", "MRF_2008": "430.00", "NMRF_2008": "21.00", "ATRF_2008": "451.00", "MRF_2009": "321.00", "NMRF_2009": "15.00", "ATRF_2009": "336.00", "MRF_2010": "710.00", "NMRF_2010": "180.00", "ATRF_2010": "890.00", "AGENCY": "RGWD", "ORIG_FID": "182" }, "geometry": { "type": "Point", "coordinates": [ 72.5333333, 24.6333333 ] } },
{ "type": "Feature", "properties": { "RAINGAUGE": "ROHAT", "DISTRICT": "PALI", "LONGITUDE": "73:06:22.730", "LATITUDE": "25:56:39.359", "COUNT": "58.00", "MRF_1984": "267.80", "NMRF_1984": "0.20", "ATRF_1984": "268.00", "MRF_1985": "210.00", "NMRF_1985": "42.00", "ATRF_1985": "252.00", "MRF_1986": "226.20", "NMRF_1986": "45.00", "ATRF_1986": "271.20", "MRF_1987": "Not Available", "NMRF_1987": "Not Available", "ATRF_1987": "Not Available", "MRF_1988": "Not Available", "NMRF_1988": "Not Available", "ATRF_1988": "Not Available", "MRF_1989": "Not Available", "NMRF_1989": "Not Available", "ATRF_1989": "Not Available", "MRF_1990": "Not Available", "NMRF_1990": "Not Available", "ATRF_1990": "Not Available", "MRF_1991": "Not Available", "NMRF_1991": "Not Available", "ATRF_1991": "Not Available", "MRF_1992": "Not Available", "NMRF_1992": "Not Available", "ATRF_1992": "Not Available", "MRF_1993": "Not Available", "NMRF_1993": "Not Available", "ATRF_1993": "Not Available", "MRF_1994": "631.20", "NMRF_1994": "19.20", "ATRF_1994": "650.40", "MRF_1995": "417.60", "NMRF_1995": "0.00", "ATRF_1995": "417.60", "MRF_1996": "621.40", "NMRF_1996": "12.00", "ATRF_1996": "633.40", "MRF_1997": "707.60", "NMRF_1997": "100.40", "ATRF_1997": "808.00", "MRF_1998": "205.00", "NMRF_1998": "49.80", "ATRF_1998": "254.80", "MRF_1999": "326.00", "NMRF_1999": "57.50", "ATRF_1999": "383.50", "MRF_2000": "247.00", "NMRF_2000": "23.20", "ATRF_2000": "270.20", "MRF_2001": "478.00", "NMRF_2001": "33.00", "ATRF_2001": "511.00", "MRF_2002": "63.00", "NMRF_2002": "0.00", "ATRF_2002": "63.00", "MRF_2003": "554.50", "NMRF_2003": "37.00", "ATRF_2003": "591.50", "MRF_2004": "291.00", "NMRF_2004": "11.00", "ATRF_2004": "302.00", "MRF_2005": "350.20", "NMRF_2005": "91.00", "ATRF_2005": "441.20", "MRF_2006": "317.00", "NMRF_2006": "17.00", "ATRF_2006": "334.00", "MRF_2007": "435.00", "NMRF_2007": "20.00", "ATRF_2007": "455.00", "MRF_2008": "266.00", "NMRF_2008": "91.00", "ATRF_2008": "357.00", "MRF_2009": "243.00", "NMRF_2009": "14.00", "ATRF_2009": "257.00", "MRF_2010": "394.00", "NMRF_2010": "120.00", "ATRF_2010": "514.00", "AGENCY": "RGWD", "ORIG_FID": "183" }, "geometry": { "type": "Point", "coordinates": [ 73.1063139, 25.9442664 ] } },
{ "type": "Feature", "properties": { "RAINGAUGE": "ROOPWAS", "DISTRICT": "BHARATPUR", "LONGITUDE": "77:35:00.000", "LATITUDE": "27:00:00.000", "COUNT": "58.00", "MRF_1984": "533.10", "NMRF_1984": "0.00", "ATRF_1984": "533.10", "MRF_1985": "443.00", "NMRF_1985": "50.00", "ATRF_1985": "493.00", "MRF_1986": "262.00", "NMRF_1986": "68.00", "ATRF_1986": "330.00", "MRF_1987": "295.00", "NMRF_1987": "67.50", "ATRF_1987": "362.50", "MRF_1988": "321.00", "NMRF_1988": "0.00", "ATRF_1988": "321.00", "MRF_1989": "230.80", "NMRF_1989": "0.00", "ATRF_1989": "230.80", "MRF_1990": "441.90", "NMRF_1990": "18.40", "ATRF_1990": "460.30", "MRF_1991": "279.00", "NMRF_1991": "23.00", "ATRF_1991": "302.00", "MRF_1992": "483.50", "NMRF_1992": "101.00", "ATRF_1992": "584.50", "MRF_1993": "389.00", "NMRF_1993": "12.00", "ATRF_1993": "401.00", "MRF_1994": "403.00", "NMRF_1994": "10.00", "ATRF_1994": "413.00", "MRF_1995": "792.00", "NMRF_1995": "27.00", "ATRF_1995": "819.00", "MRF_1996": "823.50", "NMRF_1996": "68.50", "ATRF_1996": "892.00", "MRF_1997": "345.00", "NMRF_1997": "61.00", "ATRF_1997": "406.00", "MRF_1998": "699.00", "NMRF_1998": "55.00", "ATRF_1998": "754.00", "MRF_1999": "738.00", "NMRF_1999": "74.50", "ATRF_1999": "812.50", "MRF_2000": "401.00", "NMRF_2000": "0.00", "ATRF_2000": "401.00", "MRF_2001": "460.00", "NMRF_2001": "38.00", "ATRF_2001": "498.00", "MRF_2002": "293.00", "NMRF_2002": "105.00", "ATRF_2002": "398.00", "MRF_2003": "631.00", "NMRF_2003": "49.00", "ATRF_2003": "680.00", "MRF_2004": "474.00", "NMRF_2004": "166.00", "ATRF_2004": "640.00", "MRF_2005": "638.00", "NMRF_2005": "32.00", "ATRF_2005": "670.00", "MRF_2006": "626.00", "NMRF_2006": "44.00", "ATRF_2006": "670.00", "MRF_2007": "412.00", "NMRF_2007": "112.00", "ATRF_2007": "524.00", "MRF_2008": "718.00", "NMRF_2008": "17.00", "ATRF_2008": "735.00", "MRF_2009": "393.00", "NMRF_2009": "66.00", "ATRF_2009": "459.00", "MRF_2010": "840.00", "NMRF_2010": "65.00", "ATRF_2010": "905.00", "AGENCY": "RGWD", "ORIG_FID": "184" }, "geometry": { "type": "Point", "coordinates": [ 77.5833333, 27.0 ] } },
{ "type": "Feature", "properties": { "RAINGAUGE": "SADULSHAHAR", "DISTRICT": "GANGANAGAR", "LONGITUDE": "74:06:25.131", "LATITUDE": "29:54:47.554", "COUNT": "59.00", "MRF_1984": "290.00", "NMRF_1984": "29.00", "ATRF_1984": "319.00", "MRF_1985": "345.00", "NMRF_1985": "41.00", "ATRF_1985": "386.00", "MRF_1986": "295.00", "NMRF_1986": "6.00", "ATRF_1986": "301.00", "MRF_1987": "273.00", "NMRF_1987": "0.00", "ATRF_1987": "273.00", "MRF_1988": "259.00", "NMRF_1988": "9.00", "ATRF_1988": "268.00", "MRF_1989": "202.00", "NMRF_1989": "66.00", "ATRF_1989": "268.00", "MRF_1990": "223.00", "NMRF_1990": "60.00", "ATRF_1990": "283.00", "MRF_1991": "106.00", "NMRF_1991": "73.00", "ATRF_1991": "179.00", "MRF_1992": "265.00", "NMRF_1992": "37.00", "ATRF_1992": "302.00", "MRF_1993": "132.00", "NMRF_1993": "27.00", "ATRF_1993": "159.00", "MRF_1994": "423.00", "NMRF_1994": "13.00", "ATRF_1994": "436.00", "MRF_1995": "286.00", "NMRF_1995": "89.00", "ATRF_1995": "375.00", "MRF_1996": "298.00", "NMRF_1996": "40.00", "ATRF_1996": "338.00", "MRF_1997": "273.00", "NMRF_1997": "122.00", "ATRF_1997": "395.00", "MRF_1998": "315.00", "NMRF_1998": "80.00", "ATRF_1998": "395.00", "MRF_1999": "171.00", "NMRF_1999": "129.00", "ATRF_1999": "300.00", "MRF_2000": "148.00", "NMRF_2000": "0.00", "ATRF_2000": "148.00", "MRF_2001": "405.00", "NMRF_2001": "93.00", "ATRF_2001": "498.00", "MRF_2002": "78.00", "NMRF_2002": "62.00", "ATRF_2002": "140.00", "MRF_2003": "357.00", "NMRF_2003": "56.00", "ATRF_2003": "413.00", "MRF_2004": "198.00", "NMRF_2004": "71.00", "ATRF_2004": "269.00", "MRF_2005": "130.00", "NMRF_2005": "116.00", "ATRF_2005": "246.00", "MRF_2006": "213.00", "NMRF_2006": "74.00", "ATRF_2006": "287.00", "MRF_2007": "336.00", "NMRF_2007": "119.00", "ATRF_2007": "455.00", "MRF_2008": "273.00", "NMRF_2008": "52.00", "ATRF_2008": "325.00", "MRF_2009": "278.00", "NMRF_2009": "185.00", "ATRF_2009": "463.00", "MRF_2010": "286.00", "NMRF_2010": "36.00", "ATRF_2010": "322.00", "AGENCY": "RGWD", "ORIG_FID": "185" }, "geometry": { "type": "Point", "coordinates": [ 74.1069808, 29.9132094 ] } },
{ "type": "Feature", "properties": { "RAINGAUGE": "SAGWARA", "DISTRICT": "DUNGARPUR", "LONGITUDE": "74:02:00.000", "LATITUDE": "23:41:00.000", "COUNT": "57.00", "MRF_1984": "1086.20", "NMRF_1984": "0.00", "ATRF_1984": "1086.20", "MRF_1985": "207.20", "NMRF_1985": "102.00", "ATRF_1985": "309.20", "MRF_1986": "589.00", "NMRF_1986": "0.00", "ATRF_1986": "589.00", "MRF_1987": "900.00", "NMRF_1987": "26.20", "ATRF_1987": "926.20", "MRF_1988": "740.10", "NMRF_1988": "0.00", "ATRF_1988": "740.10", "MRF_1989": "726.00", "NMRF_1989": "0.00", "ATRF_1989": "726.00", "MRF_1990": "1022.50", "NMRF_1990": "49.50", "ATRF_1990": "1072.00", "MRF_1991": "642.00", "NMRF_1991": "0.00", "ATRF_1991": "642.00", "MRF_1992": "532.00", "NMRF_1992": "3.00", "ATRF_1992": "535.00", "MRF_1993": "532.00", "NMRF_1993": "61.00", "ATRF_1993": "593.00", "MRF_1994": "1237.00", "NMRF_1994": "21.00", "ATRF_1994": "1258.00", "MRF_1995": "591.00", "NMRF_1995": "35.00", "ATRF_1995": "626.00", "MRF_1996": "Not Available", "NMRF_1996": "Not Available", "ATRF_1996": "Not Available", "MRF_1997": "806.00", "NMRF_1997": "73.00", "ATRF_1997": "879.00", "MRF_1998": "667.00", "NMRF_1998": "70.00", "ATRF_1998": "737.00", "MRF_1999": "619.00", "NMRF_1999": "49.00", "ATRF_1999": "668.00", "MRF_2000": "386.00", "NMRF_2000": "25.00", "ATRF_2000": "411.00", "MRF_2001": "553.00", "NMRF_2001": "0.00", "ATRF_2001": "553.00", "MRF_2002": "372.00", "NMRF_2002": "0.00", "ATRF_2002": "372.00", "MRF_2003": "808.80", "NMRF_2003": "21.00", "ATRF_2003": "829.80", "MRF_2004": "974.00", "NMRF_2004": "0.00", "ATRF_2004": "974.00", "MRF_2005": "533.00", "NMRF_2005": "16.00", "ATRF_2005": "549.00", "MRF_2006": "1588.00", "NMRF_2006": "0.00", "ATRF_2006": "1588.00", "MRF_2007": "1053.00", "NMRF_2007": "3.00", "ATRF_2007": "1056.00", "MRF_2008": "471.00", "NMRF_2008": "6.00", "ATRF_2008": "477.00", "MRF_2009": "793.00", "NMRF_2009": "17.00", "ATRF_2009": "810.00", "MRF_2010": "614.00", "NMRF_2010": "54.00", "ATRF_2010": "668.00", "AGENCY": "RGWD", "ORIG_FID": "186" }, "geometry": { "type": "Point", "coordinates": [ 74.0333333, 23.6833333 ] } },
{ "type": "Feature", "properties": { "RAINGAUGE": "SAHADA", "DISTRICT": "BHILWARA", "LONGITUDE": "74:14:00.000", "LATITUDE": "25:11:00.000", "COUNT": "56.00", "MRF_1984": "522.00", "NMRF_1984": "0.00", "ATRF_1984": "522.00", "MRF_1985": "388.00", "NMRF_1985": "139.00", "ATRF_1985": "527.00", "MRF_1986": "563.00", "NMRF_1986": "53.00", "ATRF_1986": "616.00", "MRF_1987": "341.00", "NMRF_1987": "56.00", "ATRF_1987": "397.00", "MRF_1988": "756.00", "NMRF_1988": "67.00", "ATRF_1988": "823.00", "MRF_1989": "0.00", "NMRF_1989": "10.00", "ATRF_1989": "10.00", "MRF_1990": "635.00", "NMRF_1990": "47.00", "ATRF_1990": "682.00", "MRF_1991": "577.00", "NMRF_1991": "9.00", "ATRF_1991": "586.00", "MRF_1992": "417.00", "NMRF_1992": "16.00", "ATRF_1992": "433.00", "MRF_1993": "279.00", "NMRF_1993": "0.00", "ATRF_1993": "279.00", "MRF_1994": "711.00", "NMRF_1994": "22.00", "ATRF_1994": "733.00", "MRF_1995": "301.00", "NMRF_1995": "37.00", "ATRF_1995": "338.00", "MRF_1996": "Not Available", "NMRF_1996": "Not Available", "ATRF_1996": "Not Available", "MRF_1997": "572.00", "NMRF_1997": "98.00", "ATRF_1997": "670.00", "MRF_1998": "315.00", "NMRF_1998": "74.00", "ATRF_1998": "389.00", "MRF_1999": "422.00", "NMRF_1999": "43.00", "ATRF_1999": "465.00", "MRF_2000": "384.00", "NMRF_2000": "62.00", "ATRF_2000": "446.00", "MRF_2001": "594.50", "NMRF_2001": "79.00", "ATRF_2001": "673.50", "MRF_2002": "240.00", "NMRF_2002": "22.00", "ATRF_2002": "262.00", "MRF_2003": "536.00", "NMRF_2003": "38.00", "ATRF_2003": "574.00", "MRF_2004": "627.50", "NMRF_2004": "15.50", "ATRF_2004": "643.00", "MRF_2005": "745.00", "NMRF_2005": "22.00", "ATRF_2005": "767.00", "MRF_2006": "733.00", "NMRF_2006": "30.00", "ATRF_2006": "763.00", "MRF_2007": "506.00", "NMRF_2007": "58.00", "ATRF_2007": "564.00", "MRF_2008": "444.00", "NMRF_2008": "40.00", "ATRF_2008": "484.00", "MRF_2009": "474.00", "NMRF_2009": "22.00", "ATRF_2009": "496.00", "MRF_2010": "576.00", "NMRF_2010": "196.00", "ATRF_2010": "772.00", "AGENCY": "RGWD", "ORIG_FID": "187" }, "geometry": { "type": "Point", "coordinates": [ 74.2333333, 25.1833333 ] } },
{ "type": "Feature", "properties": { "RAINGAUGE": "SAJJANGARH", "DISTRICT": "BANSWARA", "LONGITUDE": "74:17:49.627", "LATITUDE": "23:15:09.957", "COUNT": "52.00", "MRF_1984": "1065.00", "NMRF_1984": "0.00", "ATRF_1984": "1065.00", "MRF_1985": "175.40", "NMRF_1985": "230.60", "ATRF_1985": "406.00", "MRF_1986": "548.00", "NMRF_1986": "0.00", "ATRF_1986": "548.00", "MRF_1987": "442.00", "NMRF_1987": "32.00", "ATRF_1987": "474.00", "MRF_1988": "599.00", "NMRF_1988": "24.00", "ATRF_1988": "623.00", "MRF_1989": "352.00", "NMRF_1989": "0.00", "ATRF_1989": "352.00", "MRF_1990": "808.00", "NMRF_1990": "57.00", "ATRF_1990": "865.00", "MRF_1991": "525.00", "NMRF_1991": "0.00", "ATRF_1991": "525.00", "MRF_1992": "741.00", "NMRF_1992": "65.00", "ATRF_1992": "806.00", "MRF_1993": "870.00", "NMRF_1993": "23.00", "ATRF_1993": "893.00", "MRF_1994": "1429.00", "NMRF_1994": "39.00", "ATRF_1994": "1468.00", "MRF_1995": "582.00", "NMRF_1995": "23.00", "ATRF_1995": "605.00", "MRF_1996": "Not Available", "NMRF_1996": "Not Available", "ATRF_1996": "Not Available", "MRF_1997": "878.00", "NMRF_1997": "57.00", "ATRF_1997": "935.00", "MRF_1998": "1004.00", "NMRF_1998": "35.00", "ATRF_1998": "1039.00", "MRF_1999": "467.00", "NMRF_1999": "49.00", "ATRF_1999": "516.00", "MRF_2000": "419.00", "NMRF_2000": "50.00", "ATRF_2000": "469.00", "MRF_2001": "493.00", "NMRF_2001": "0.00", "ATRF_2001": "493.00", "MRF_2002": "592.00", "NMRF_2002": "10.00", "ATRF_2002": "602.00", "MRF_2003": "926.00", "NMRF_2003": "48.00", "ATRF_2003": "974.00", "MRF_2004": "1070.00", "NMRF_2004": "43.00", "ATRF_2004": "1113.00", "MRF_2005": "967.00", "NMRF_2005": "0.00", "ATRF_2005": "967.00", "MRF_2006": "1794.00", "NMRF_2006": "110.00", "ATRF_2006": "1904.00", "MRF_2007": "1771.00", "NMRF_2007": "0.00", "ATRF_2007": "1771.00", "MRF_2008": "372.00", "NMRF_2008": "34.00", "ATRF_2008": "406.00", "MRF_2009": "499.00", "NMRF_2009": "33.00", "ATRF_2009": "532.00", "MRF_2010": "694.00", "NMRF_2010": "29.00", "ATRF_2010": "723.00", "AGENCY": "RGWD", "ORIG_FID": "188" }, "geometry": { "type": "Point", "coordinates": [ 74.2971186, 23.2527658 ] } },
{ "type": "Feature", "properties": { "RAINGAUGE": "SALLOPAT", "DISTRICT": "BANSWARA", "LONGITUDE": "74:09:53.453", "LATITUDE": "23:10:40.378", "COUNT": "53.00", "MRF_1984": "1067.00", "NMRF_1984": "0.00", "ATRF_1984": "1067.00", "MRF_1985": "229.00", "NMRF_1985": "224.00", "ATRF_1985": "453.00", "MRF_1986": "625.00", "NMRF_1986": "0.00", "ATRF_1986": "625.00", "MRF_1987": "470.00", "NMRF_1987": "11.00", "ATRF_1987": "481.00", "MRF_1988": "891.00", "NMRF_1988": "39.00", "ATRF_1988": "930.00", "MRF_1989": "562.00", "NMRF_1989": "0.00", "ATRF_1989": "562.00", "MRF_1990": "674.00", "NMRF_1990": "35.00", "ATRF_1990": "709.00", "MRF_1991": "399.00", "NMRF_1991": "0.00", "ATRF_1991": "399.00", "MRF_1992": "373.00", "NMRF_1992": "39.00", "ATRF_1992": "412.00", "MRF_1993": "679.00", "NMRF_1993": "0.00", "ATRF_1993": "679.00", "MRF_1994": "1863.00", "NMRF_1994": "10.00", "ATRF_1994": "1873.00", "MRF_1995": "647.00", "NMRF_1995": "49.00", "ATRF_1995": "696.00", "MRF_1996": "Not Available", "NMRF_1996": "Not Available", "ATRF_1996": "Not Available", "MRF_1997": "903.00", "NMRF_1997": "57.00", "ATRF_1997": "960.00", "MRF_1998": "1100.00", "NMRF_1998": "55.00", "ATRF_1998": "1155.00", "MRF_1999": "692.00", "NMRF_1999": "50.00", "ATRF_1999": "742.00", "MRF_2000": "401.00", "NMRF_2000": "125.00", "ATRF_2000": "526.00", "MRF_2001": "672.00", "NMRF_2001": "52.00", "ATRF_2001": "724.00", "MRF_2002": "490.00", "NMRF_2002": "0.00", "ATRF_2002": "490.00", "MRF_2003": "926.00", "NMRF_2003": "42.00", "ATRF_2003": "968.00", "MRF_2004": "1043.00", "NMRF_2004": "12.00", "ATRF_2004": "1055.00", "MRF_2005": "779.00", "NMRF_2005": "14.00", "ATRF_2005": "793.00", "MRF_2006": "1688.00", "NMRF_2006": "3.00", "ATRF_2006": "1691.00", "MRF_2007": "1398.00", "NMRF_2007": "0.00", "ATRF_2007": "1398.00", "MRF_2008": "471.00", "NMRF_2008": "37.00", "ATRF_2008": "508.00", "MRF_2009": "538.00", "NMRF_2009": "20.00", "ATRF_2009": "558.00", "MRF_2010": "671.00", "NMRF_2010": "12.00", "ATRF_2010": "683.00", "AGENCY": "RGWD", "ORIG_FID": "189" }, "geometry": { "type": "Point", "coordinates": [ 74.1648481, 23.1778828 ] } },
{ "type": "Feature", "properties": { "RAINGAUGE": "SALUMBER", "DISTRICT": "UDAIPUR", "LONGITUDE": "74:03:00.000", "LATITUDE": "24:08:00.000", "COUNT": "57.00", "MRF_1984": "647.00", "NMRF_1984": "0.00", "ATRF_1984": "647.00", "MRF_1985": "502.00", "NMRF_1985": "58.00", "ATRF_1985": "560.00", "MRF_1986": "565.00", "NMRF_1986": "13.00", "ATRF_1986": "578.00", "MRF_1987": "513.00", "NMRF_1987": "45.00", "ATRF_1987": "558.00", "MRF_1988": "674.00", "NMRF_1988": "0.00", "ATRF_1988": "674.00", "MRF_1989": "725.00", "NMRF_1989": "0.00", "ATRF_1989": "725.00", "MRF_1990": "948.00", "NMRF_1990": "82.00", "ATRF_1990": "1030.00", "MRF_1991": "710.00", "NMRF_1991": "69.00", "ATRF_1991": "779.00", "MRF_1992": "418.00", "NMRF_1992": "0.00", "ATRF_1992": "418.00", "MRF_1993": "828.00", "NMRF_1993": "48.00", "ATRF_1993": "876.00", "MRF_1994": "1183.00", "NMRF_1994": "4.00", "ATRF_1994": "1187.00", "MRF_1995": "397.00", "NMRF_1995": "40.00", "ATRF_1995": "437.00", "MRF_1996": "606.00", "NMRF_1996": "0.00", "ATRF_1996": "606.00", "MRF_1997": "565.00", "NMRF_1997": "45.00", "ATRF_1997": "610.00", "MRF_1998": "450.00", "NMRF_1998": "86.00", "ATRF_1998": "536.00", "MRF_1999": "458.00", "NMRF_1999": "34.00", "ATRF_1999": "492.00", "MRF_2000": "346.00", "NMRF_2000": "10.00", "ATRF_2000": "356.00", "MRF_2001": "562.00", "NMRF_2001": "0.00", "ATRF_2001": "562.00", "MRF_2002": "333.00", "NMRF_2002": "19.00", "ATRF_2002": "352.00", "MRF_2003": "669.00", "NMRF_2003": "40.00", "ATRF_2003": "709.00", "MRF_2004": "767.00", "NMRF_2004": "7.00", "ATRF_2004": "774.00", "MRF_2005": "826.00", "NMRF_2005": "27.00", "ATRF_2005": "853.00", "MRF_2006": "1297.00", "NMRF_2006": "2.00", "ATRF_2006": "1299.00", "MRF_2007": "616.00", "NMRF_2007": "11.00", "ATRF_2007": "627.00", "MRF_2008": "960.00", "NMRF_2008": "31.00", "ATRF_2008": "991.00", "MRF_2009": "708.00", "NMRF_2009": "21.00", "ATRF_2009": "729.00", "MRF_2010": "602.00", "NMRF_2010": "69.00", "ATRF_2010": "671.00", "AGENCY": "RGWD", "ORIG_FID": "190" }, "geometry": { "type": "Point", "coordinates": [ 74.05, 24.1333333 ] } },
{ "type": "Feature", "properties": { "RAINGAUGE": "SAM", "DISTRICT": "JAISALMER", "LONGITUDE": "70:30:29.020", "LATITUDE": "26:50:12.485", "COUNT": "57.00", "MRF_1984": "149.00", "NMRF_1984": "9.00", "ATRF_1984": "158.00", "MRF_1985": "22.00", "NMRF_1985": "0.00", "ATRF_1985": "22.00", "MRF_1986": "122.50", "NMRF_1986": "13.50", "ATRF_1986": "136.00", "MRF_1987": "0.00", "NMRF_1987": "15.00", "ATRF_1987": "15.00", "MRF_1988": "180.00", "NMRF_1988": "0.00", "ATRF_1988": "180.00", "MRF_1989": "95.20", "NMRF_1989": "13.00", "ATRF_1989": "108.20", "MRF_1990": "172.90", "NMRF_1990": "45.70", "ATRF_1990": "218.60", "MRF_1991": "56.00", "NMRF_1991": "7.00", "ATRF_1991": "63.00", "MRF_1992": "298.00", "NMRF_1992": "28.00", "ATRF_1992": "326.00", "MRF_1993": "172.50", "NMRF_1993": "5.00", "ATRF_1993": "177.50", "MRF_1994": "148.00", "NMRF_1994": "64.00", "ATRF_1994": "212.00", "MRF_1995": "192.00", "NMRF_1995": "62.00", "ATRF_1995": "254.00", "MRF_1996": "86.00", "NMRF_1996": "30.00", "ATRF_1996": "116.00", "MRF_1997": "197.00", "NMRF_1997": "49.00", "ATRF_1997": "246.00", "MRF_1998": "203.00", "NMRF_1998": "5.00", "ATRF_1998": "208.00", "MRF_1999": "256.00", "NMRF_1999": "117.00", "ATRF_1999": "373.00", "MRF_2000": "78.00", "NMRF_2000": "0.00", "ATRF_2000": "78.00", "MRF_2001": "76.00", "NMRF_2001": "3.00", "ATRF_2001": "79.00", "MRF_2002": "32.00", "NMRF_2002": "19.00", "ATRF_2002": "51.00", "MRF_2003": "142.00", "NMRF_2003": "21.00", "ATRF_2003": "163.00", "MRF_2004": "3.00", "NMRF_2004": "74.00", "ATRF_2004": "77.00", "MRF_2005": "107.00", "NMRF_2005": "0.00", "ATRF_2005": "107.00", "MRF_2006": "227.00", "NMRF_2006": "14.00", "ATRF_2006": "241.00", "MRF_2007": "119.20", "NMRF_2007": "65.00", "ATRF_2007": "184.20", "MRF_2008": "80.00", "NMRF_2008": "8.00", "ATRF_2008": "88.00", "MRF_2009": "62.50", "NMRF_2009": "2.00", "ATRF_2009": "64.50", "MRF_2010": "224.50", "NMRF_2010": "2.00", "ATRF_2010": "226.50", "AGENCY": "RGWD", "ORIG_FID": "191" }, "geometry": { "type": "Point", "coordinates": [ 70.5080611, 26.8368014 ] } },
{ "type": "Feature", "properties": { "RAINGAUGE": "SAMBHAR", "DISTRICT": "JAIPUR", "LONGITUDE": "75:12:33.797", "LATITUDE": "26:54:00.354", "COUNT": "59.00", "MRF_1984": "365.20", "NMRF_1984": "0.00", "ATRF_1984": "365.20", "MRF_1985": "324.10", "NMRF_1985": "115.30", "ATRF_1985": "439.40", "MRF_1986": "403.50", "NMRF_1986": "50.50", "ATRF_1986": "454.00", "MRF_1987": "193.50", "NMRF_1987": "76.70", "ATRF_1987": "270.20", "MRF_1988": "316.50", "NMRF_1988": "2.50", "ATRF_1988": "319.00", "MRF_1989": "413.70", "NMRF_1989": "0.00", "ATRF_1989": "413.70", "MRF_1990": "358.40", "NMRF_1990": "105.80", "ATRF_1990": "464.20", "MRF_1991": "303.60", "NMRF_1991": "13.70", "ATRF_1991": "317.30", "MRF_1992": "507.30", "NMRF_1992": "25.40", "ATRF_1992": "532.70", "MRF_1993": "410.20", "NMRF_1993": "39.40", "ATRF_1993": "449.60", "MRF_1994": "363.10", "NMRF_1994": "43.70", "ATRF_1994": "406.80", "MRF_1995": "769.70", "NMRF_1995": "3.50", "ATRF_1995": "773.20", "MRF_1996": "934.20", "NMRF_1996": "90.00", "ATRF_1996": "1024.20", "MRF_1997": "446.10", "NMRF_1997": "215.70", "ATRF_1997": "661.80", "MRF_1998": "428.40", "NMRF_1998": "42.20", "ATRF_1998": "470.60", "MRF_1999": "468.90", "NMRF_1999": "61.60", "ATRF_1999": "530.50", "MRF_2000": "566.10", "NMRF_2000": "24.10", "ATRF_2000": "590.20", "MRF_2001": "384.70", "NMRF_2001": "199.50", "ATRF_2001": "584.20", "MRF_2002": "130.20", "NMRF_2002": "44.80", "ATRF_2002": "175.00", "MRF_2003": "531.90", "NMRF_2003": "62.80", "ATRF_2003": "594.70", "MRF_2004": "389.50", "NMRF_2004": "96.70", "ATRF_2004": "486.20", "MRF_2005": "421.80", "NMRF_2005": "35.80", "ATRF_2005": "457.60", "MRF_2006": "240.90", "NMRF_2006": "51.10", "ATRF_2006": "292.00", "MRF_2007": "351.00", "NMRF_2007": "44.00", "ATRF_2007": "395.00", "MRF_2008": "635.40", "NMRF_2008": "42.00", "ATRF_2008": "677.40", "MRF_2009": "180.00", "NMRF_2009": "36.60", "ATRF_2009": "216.60", "MRF_2010": "663.50", "NMRF_2010": "66.00", "ATRF_2010": "729.50", "AGENCY": "RGWD", "ORIG_FID": "192" }, "geometry": { "type": "Point", "coordinates": [ 75.2093881, 26.9000983 ] } },
{ "type": "Feature", "properties": { "RAINGAUGE": "SANCHORE", "DISTRICT": "JALORE", "LONGITUDE": "71:46:00.000", "LATITUDE": "24:45:00.000", "COUNT": "57.00", "MRF_1984": "405.30", "NMRF_1984": "0.00", "ATRF_1984": "405.30", "MRF_1985": "177.80", "NMRF_1985": "20.20", "ATRF_1985": "198.00", "MRF_1986": "149.90", "NMRF_1986": "14.20", "ATRF_1986": "164.10", "MRF_1987": "7.60", "NMRF_1987": "20.80", "ATRF_1987": "28.40", "MRF_1988": "479.60", "NMRF_1988": "2.20", "ATRF_1988": "481.80", "MRF_1989": "414.20", "NMRF_1989": "14.00", "ATRF_1989": "428.20", "MRF_1990": "859.20", "NMRF_1990": "37.80", "ATRF_1990": "897.00", "MRF_1991": "225.00", "NMRF_1991": "0.00", "ATRF_1991": "225.00", "MRF_1992": "640.00", "NMRF_1992": "27.00", "ATRF_1992": "667.00", "MRF_1993": "367.30", "NMRF_1993": "3.00", "ATRF_1993": "370.30", "MRF_1994": "598.90", "NMRF_1994": "1.10", "ATRF_1994": "600.00", "MRF_1995": "357.00", "NMRF_1995": "6.00", "ATRF_1995": "363.00", "MRF_1996": "260.00", "NMRF_1996": "8.00", "ATRF_1996": "268.00", "MRF_1997": "620.00", "NMRF_1997": "53.00", "ATRF_1997": "673.00", "MRF_1998": "226.00", "NMRF_1998": "113.00", "ATRF_1998": "339.00", "MRF_1999": "90.20", "NMRF_1999": "145.00", "ATRF_1999": "235.20", "MRF_2000": "285.00", "NMRF_2000": "0.00", "ATRF_2000": "285.00", "MRF_2001": "235.00", "NMRF_2001": "3.00", "ATRF_2001": "238.00", "MRF_2002": "60.00", "NMRF_2002": "5.10", "ATRF_2002": "65.10", "MRF_2003": "752.00", "NMRF_2003": "88.00", "ATRF_2003": "840.00", "MRF_2004": "182.00", "NMRF_2004": "67.00", "ATRF_2004": "249.00", "MRF_2005": "313.00", "NMRF_2005": "39.00", "ATRF_2005": "352.00", "MRF_2006": "806.00", "NMRF_2006": "4.00", "ATRF_2006": "810.00", "MRF_2007": "327.00", "NMRF_2007": "5.00", "ATRF_2007": "332.00", "MRF_2008": "306.00", "NMRF_2008": "26.00", "ATRF_2008": "332.00", "MRF_2009": "108.00", "NMRF_2009": "0.00", "ATRF_2009": "108.00", "MRF_2010": "820.00", "NMRF_2010": "118.00", "ATRF_2010": "938.00", "AGENCY": "RGWD", "ORIG_FID": "193" }, "geometry": { "type": "Point", "coordinates": [ 71.7666667, 24.75 ] } },
{ "type": "Feature", "properties": { "RAINGAUGE": "SANGANER", "DISTRICT": "JAIPUR", "LONGITUDE": "75:47:00.000", "LATITUDE": "26:48:00.000", "COUNT": "58.00", "MRF_1984": "330.00", "NMRF_1984": "0.00", "ATRF_1984": "330.00", "MRF_1985": "382.80", "NMRF_1985": "28.20", "ATRF_1985": "411.00", "MRF_1986": "467.40", "NMRF_1986": "36.10", "ATRF_1986": "503.50", "MRF_1987": "199.10", "NMRF_1987": "83.50", "ATRF_1987": "282.60", "MRF_1988": "497.80", "NMRF_1988": "5.00", "ATRF_1988": "502.80", "MRF_1989": "549.30", "NMRF_1989": "1.00", "ATRF_1989": "550.30", "MRF_1990": "622.80", "NMRF_1990": "42.10", "ATRF_1990": "664.90", "MRF_1991": "610.80", "NMRF_1991": "0.00", "ATRF_1991": "610.80", "MRF_1992": "721.60", "NMRF_1992": "3.20", "ATRF_1992": "724.80", "MRF_1993": "442.70", "NMRF_1993": "46.90", "ATRF_1993": "489.60", "MRF_1994": "415.70", "NMRF_1994": "42.60", "ATRF_1994": "458.30", "MRF_1995": "570.70", "NMRF_1995": "0.00", "ATRF_1995": "570.70", "MRF_1996": "686.00", "NMRF_1996": "20.50", "ATRF_1996": "706.50", "MRF_1997": "559.00", "NMRF_1997": "249.00", "ATRF_1997": "808.00", "MRF_1998": "564.00", "NMRF_1998": "45.00", "ATRF_1998": "609.00", "MRF_1999": "236.50", "NMRF_1999": "79.60", "ATRF_1999": "316.10", "MRF_2000": "384.00", "NMRF_2000": "71.00", "ATRF_2000": "455.00", "MRF_2001": "487.00", "NMRF_2001": "95.00", "ATRF_2001": "582.00", "MRF_2002": "147.00", "NMRF_2002": "90.00", "ATRF_2002": "237.00", "MRF_2003": "486.00", "NMRF_2003": "86.00", "ATRF_2003": "572.00", "MRF_2004": "667.90", "NMRF_2004": "137.10", "ATRF_2004": "805.00", "MRF_2005": "344.00", "NMRF_2005": "48.00", "ATRF_2005": "392.00", "MRF_2006": "367.00", "NMRF_2006": "40.00", "ATRF_2006": "407.00", "MRF_2007": "474.30", "NMRF_2007": "79.00", "ATRF_2007": "553.30", "MRF_2008": "519.00", "NMRF_2008": "53.00", "ATRF_2008": "572.00", "MRF_2009": "354.00", "NMRF_2009": "23.00", "ATRF_2009": "377.00", "MRF_2010": "651.00", "NMRF_2010": "99.00", "ATRF_2010": "750.00", "AGENCY": "RGWD", "ORIG_FID": "194" }, "geometry": { "type": "Point", "coordinates": [ 75.7833333, 26.8 ] } },
{ "type": "Feature", "properties": { "RAINGAUGE": "SANGOD", "DISTRICT": "KOTA", "LONGITUDE": "76:17:00.000", "LATITUDE": "24:56:00.000", "COUNT": "59.00", "MRF_1984": "753.70", "NMRF_1984": "0.00", "ATRF_1984": "753.70", "MRF_1985": "745.60", "NMRF_1985": "185.60", "ATRF_1985": "931.20", "MRF_1986": "640.00", "NMRF_1986": "102.50", "ATRF_1986": "742.50", "MRF_1987": "639.30", "NMRF_1987": "271.30", "ATRF_1987": "910.60", "MRF_1988": "687.80", "NMRF_1988": "27.00", "ATRF_1988": "714.80", "MRF_1989": "485.60", "NMRF_1989": "24.00", "ATRF_1989": "509.60", "MRF_1990": "958.40", "NMRF_1990": "34.00", "ATRF_1990": "992.40", "MRF_1991": "779.00", "NMRF_1991": "22.00", "ATRF_1991": "801.00", "MRF_1992": "375.00", "NMRF_1992": "134.00", "ATRF_1992": "509.00", "MRF_1993": "639.00", "NMRF_1993": "0.00", "ATRF_1993": "639.00", "MRF_1994": "745.80", "NMRF_1994": "14.80", "ATRF_1994": "760.60", "MRF_1995": "658.00", "NMRF_1995": "38.00", "ATRF_1995": "696.00", "MRF_1996": "1073.80", "NMRF_1996": "59.00", "ATRF_1996": "1132.80", "MRF_1997": "640.00", "NMRF_1997": "102.50", "ATRF_1997": "742.50", "MRF_1998": "503.00", "NMRF_1998": "125.00", "ATRF_1998": "628.00", "MRF_1999": "859.20", "NMRF_1999": "46.60", "ATRF_1999": "905.80", "MRF_2000": "796.00", "NMRF_2000": "113.20", "ATRF_2000": "909.20", "MRF_2001": "1157.40", "NMRF_2001": "72.60", "ATRF_2001": "1230.00", "MRF_2002": "407.20", "NMRF_2002": "31.00", "ATRF_2002": "438.20", "MRF_2003": "527.10", "NMRF_2003": "22.00", "ATRF_2003": "549.10", "MRF_2004": "763.00", "NMRF_2004": "77.00", "ATRF_2004": "840.00", "MRF_2005": "772.00", "NMRF_2005": "2.00", "ATRF_2005": "774.00", "MRF_2006": "920.00", "NMRF_2006": "69.00", "ATRF_2006": "989.00", "MRF_2007": "623.00", "NMRF_2007": "27.00", "ATRF_2007": "650.00", "MRF_2008": "549.00", "NMRF_2008": "30.00", "ATRF_2008": "579.00", "MRF_2009": "390.00", "NMRF_2009": "88.00", "ATRF_2009": "478.00", "MRF_2010": "356.10", "NMRF_2010": "59.00", "ATRF_2010": "415.10", "AGENCY": "RGWD", "ORIG_FID": "195" }, "geometry": { "type": "Point", "coordinates": [ 76.2833333, 24.9333333 ] } },
{ "type": "Feature", "properties": { "RAINGAUGE": "SAPOTARA", "DISTRICT": "KARAULI", "LONGITUDE": "76:45:49.287", "LATITUDE": "26:16:47.675", "COUNT": "57.00", "MRF_1984": "508.00", "NMRF_1984": "0.00", "ATRF_1984": "508.00", "MRF_1985": "587.00", "NMRF_1985": "53.00", "ATRF_1985": "640.00", "MRF_1986": "678.30", "NMRF_1986": "49.00", "ATRF_1986": "727.30", "MRF_1987": "Not Available", "NMRF_1987": "Not Available", "ATRF_1987": "Not Available", "MRF_1988": "Not Available", "NMRF_1988": "Not Available", "ATRF_1988": "Not Available", "MRF_1989": "Not Available", "NMRF_1989": "Not Available", "ATRF_1989": "Not Available", "MRF_1990": "Not Available", "NMRF_1990": "Not Available", "ATRF_1990": "Not Available", "MRF_1991": "Not Available", "NMRF_1991": "Not Available", "ATRF_1991": "Not Available", "MRF_1992": "Not Available", "NMRF_1992": "Not Available", "ATRF_1992": "Not Available", "MRF_1993": "Not Available", "NMRF_1993": "Not Available", "ATRF_1993": "Not Available", "MRF_1994": "641.00", "NMRF_1994": "32.00", "ATRF_1994": "673.00", "MRF_1995": "1376.00", "NMRF_1995": "0.00", "ATRF_1995": "1376.00", "MRF_1996": "923.00", "NMRF_1996": "7.00", "ATRF_1996": "930.00", "MRF_1997": "412.80", "NMRF_1997": "138.00", "ATRF_1997": "550.80", "MRF_1998": "815.00", "NMRF_1998": "113.50", "ATRF_1998": "928.50", "MRF_1999": "550.00", "NMRF_1999": "59.00", "ATRF_1999": "609.00", "MRF_2000": "434.00", "NMRF_2000": "41.00", "ATRF_2000": "475.00", "MRF_2001": "521.00", "NMRF_2001": "102.00", "ATRF_2001": "623.00", "MRF_2002": "250.00", "NMRF_2002": "61.00", "ATRF_2002": "311.00", "MRF_2003": "815.00", "NMRF_2003": "10.00", "ATRF_2003": "825.00", "MRF_2004": "532.00", "NMRF_2004": "94.00", "ATRF_2004": "626.00", "MRF_2005": "674.00", "NMRF_2005": "38.00", "ATRF_2005": "712.00", "MRF_2006": "441.00", "NMRF_2006": "48.00", "ATRF_2006": "489.00", "MRF_2007": "471.00", "NMRF_2007": "28.00", "ATRF_2007": "499.00", "MRF_2008": "910.00", "NMRF_2008": "0.00", "ATRF_2008": "910.00", "MRF_2009": "418.00", "NMRF_2009": "66.00", "ATRF_2009": "484.00", "MRF_2010": "572.00", "NMRF_2010": "141.00", "ATRF_2010": "713.00", "AGENCY": "RGWD", "ORIG_FID": "196" }, "geometry": { "type": "Point", "coordinates": [ 76.7636908, 26.2799097 ] } },
{ "type": "Feature", "properties": { "RAINGAUGE": "SARARA", "DISTRICT": "UDAIPUR", "LONGITUDE": "73:50:15.971", "LATITUDE": "24:09:18.272", "COUNT": "55.00", "MRF_1984": "691.00", "NMRF_1984": "0.00", "ATRF_1984": "691.00", "MRF_1985": "470.00", "NMRF_1985": "63.00", "ATRF_1985": "533.00", "MRF_1986": "357.00", "NMRF_1986": "42.00", "ATRF_1986": "399.00", "MRF_1987": "440.00", "NMRF_1987": "15.00", "ATRF_1987": "455.00", "MRF_1988": "545.00", "NMRF_1988": "0.00", "ATRF_1988": "545.00", "MRF_1989": "715.00", "NMRF_1989": "7.00", "ATRF_1989": "722.00", "MRF_1990": "600.00", "NMRF_1990": "62.00", "ATRF_1990": "662.00", "MRF_1991": "409.00", "NMRF_1991": "17.00", "ATRF_1991": "426.00", "MRF_1992": "701.00", "NMRF_1992": "10.00", "ATRF_1992": "711.00", "MRF_1993": "442.00", "NMRF_1993": "38.00", "ATRF_1993": "480.00", "MRF_1994": "961.00", "NMRF_1994": "12.00", "ATRF_1994": "973.00", "MRF_1995": "340.00", "NMRF_1995": "42.00", "ATRF_1995": "382.00", "MRF_1996": "440.00", "NMRF_1996": "0.00", "ATRF_1996": "440.00", "MRF_1997": "468.00", "NMRF_1997": "33.00", "ATRF_1997": "501.00", "MRF_1998": "511.00", "NMRF_1998": "59.00", "ATRF_1998": "570.00", "MRF_1999": "288.00", "NMRF_1999": "22.00", "ATRF_1999": "310.00", "MRF_2000": "291.00", "NMRF_2000": "1.00", "ATRF_2000": "292.00", "MRF_2001": "475.00", "NMRF_2001": "0.00", "ATRF_2001": "475.00", "MRF_2002": "260.00", "NMRF_2002": "7.00", "ATRF_2002": "267.00", "MRF_2003": "391.00", "NMRF_2003": "37.00", "ATRF_2003": "428.00", "MRF_2004": "563.00", "NMRF_2004": "21.00", "ATRF_2004": "584.00", "MRF_2005": "612.00", "NMRF_2005": "86.00", "ATRF_2005": "698.00", "MRF_2006": "1154.00", "NMRF_2006": "0.00", "ATRF_2006": "1154.00", "MRF_2007": "401.00", "NMRF_2007": "9.00", "ATRF_2007": "410.00", "MRF_2008": "617.00", "NMRF_2008": "0.00", "ATRF_2008": "617.00", "MRF_2009": "525.00", "NMRF_2009": "8.00", "ATRF_2009": "533.00", "MRF_2010": "560.00", "NMRF_2010": "40.00", "ATRF_2010": "600.00", "AGENCY": "RGWD", "ORIG_FID": "197" }, "geometry": { "type": "Point", "coordinates": [ 73.8377697, 24.1550756 ] } },
{ "type": "Feature", "properties": { "RAINGAUGE": "SARDARSHAHAR", "DISTRICT": "CHURU", "LONGITUDE": "74:29:00.000", "LATITUDE": "28:26:00.000", "COUNT": "44.00", "MRF_1984": "Not Available", "NMRF_1984": "Not Available", "ATRF_1984": "Not Available", "MRF_1985": "Not Available", "NMRF_1985": "Not Available", "ATRF_1985": "Not Available", "MRF_1986": "Not Available", "NMRF_1986": "Not Available", "ATRF_1986": "Not Available", "MRF_1987": "84.00", "NMRF_1987": "50.00", "ATRF_1987": "134.00", "MRF_1988": "535.00", "NMRF_1988": "45.00", "ATRF_1988": "580.00", "MRF_1989": "213.00", "NMRF_1989": "39.00", "ATRF_1989": "252.00", "MRF_1990": "227.00", "NMRF_1990": "45.00", "ATRF_1990": "272.00", "MRF_1991": "187.00", "NMRF_1991": "16.00", "ATRF_1991": "203.00", "MRF_1992": "458.00", "NMRF_1992": "24.00", "ATRF_1992": "482.00", "MRF_1993": "255.00", "NMRF_1993": "27.00", "ATRF_1993": "282.00", "MRF_1994": "258.00", "NMRF_1994": "34.00", "ATRF_1994": "292.00", "MRF_1995": "338.00", "NMRF_1995": "21.00", "ATRF_1995": "359.00", "MRF_1996": "Not Available", "NMRF_1996": "Not Available", "ATRF_1996": "Not Available", "MRF_1997": "252.00", "NMRF_1997": "148.00", "ATRF_1997": "400.00", "MRF_1998": "273.00", "NMRF_1998": "127.00", "ATRF_1998": "400.00", "MRF_1999": "112.00", "NMRF_1999": "62.00", "ATRF_1999": "174.00", "MRF_2000": "315.00", "NMRF_2000": "0.00", "ATRF_2000": "315.00", "MRF_2001": "273.00", "NMRF_2001": "63.00", "ATRF_2001": "336.00", "MRF_2002": "39.00", "NMRF_2002": "71.00", "ATRF_2002": "110.00", "MRF_2003": "334.00", "NMRF_2003": "32.00", "ATRF_2003": "366.00", "MRF_2004": "120.00", "NMRF_2004": "40.00", "ATRF_2004": "160.00", "MRF_2005": "290.00", "NMRF_2005": "65.00", "ATRF_2005": "355.00", "MRF_2006": "97.00", "NMRF_2006": "139.00", "ATRF_2006": "236.00", "MRF_2007": "199.00", "NMRF_2007": "104.00", "ATRF_2007": "303.00", "MRF_2008": "368.00", "NMRF_2008": "64.00", "ATRF_2008": "432.00", "MRF_2009": "Not Available", "NMRF_2009": "Not Available", "ATRF_2009": "Not Available", "MRF_2010": "536.00", "NMRF_2010": "20.00", "ATRF_2010": "556.00", "AGENCY": "RGWD", "ORIG_FID": "198" }, "geometry": { "type": "Point", "coordinates": [ 74.4833333, 28.4333333 ] } },
{ "type": "Feature", "properties": { "RAINGAUGE": "SAWAI MADHOPUR", "DISTRICT": "SAWAI MADHOPUR", "LONGITUDE": "76:22:00.000", "LATITUDE": "25:59:00.000", "COUNT": "59.00", "MRF_1984": "293.00", "NMRF_1984": "7.00", "ATRF_1984": "300.00", "MRF_1985": "323.00", "NMRF_1985": "237.00", "ATRF_1985": "560.00", "MRF_1986": "615.00", "NMRF_1986": "63.00", "ATRF_1986": "678.00", "MRF_1987": "379.00", "NMRF_1987": "51.00", "ATRF_1987": "430.00", "MRF_1988": "673.00", "NMRF_1988": "43.00", "ATRF_1988": "716.00", "MRF_1989": "465.00", "NMRF_1989": "25.00", "ATRF_1989": "490.00", "MRF_1990": "661.00", "NMRF_1990": "2.00", "ATRF_1990": "663.00", "MRF_1991": "764.00", "NMRF_1991": "9.00", "ATRF_1991": "773.00", "MRF_1992": "649.00", "NMRF_1992": "158.00", "ATRF_1992": "807.00", "MRF_1993": "614.00", "NMRF_1993": "64.00", "ATRF_1993": "678.00", "MRF_1994": "1093.00", "NMRF_1994": "37.00", "ATRF_1994": "1130.00", "MRF_1995": "1026.00", "NMRF_1995": "0.00", "ATRF_1995": "1026.00", "MRF_1996": "769.00", "NMRF_1996": "27.00", "ATRF_1996": "796.00", "MRF_1997": "704.00", "NMRF_1997": "141.00", "ATRF_1997": "845.00", "MRF_1998": "751.00", "NMRF_1998": "166.00", "ATRF_1998": "917.00", "MRF_1999": "613.00", "NMRF_1999": "49.00", "ATRF_1999": "662.00", "MRF_2000": "517.00", "NMRF_2000": "43.00", "ATRF_2000": "560.00", "MRF_2001": "788.00", "NMRF_2001": "190.00", "ATRF_2001": "978.00", "MRF_2002": "279.00", "NMRF_2002": "55.00", "ATRF_2002": "334.00", "MRF_2003": "835.00", "NMRF_2003": "53.00", "ATRF_2003": "888.00", "MRF_2004": "867.00", "NMRF_2004": "118.00", "ATRF_2004": "985.00", "MRF_2005": "979.00", "NMRF_2005": "42.00", "ATRF_2005": "1021.00", "MRF_2006": "820.00", "NMRF_2006": "41.00", "ATRF_2006": "861.00", "MRF_2007": "1030.00", "NMRF_2007": "90.00", "ATRF_2007": "1120.00", "MRF_2008": "907.00", "NMRF_2008": "55.00", "ATRF_2008": "962.00", "MRF_2009": "287.00", "NMRF_2009": "139.00", "ATRF_2009": "426.00", "MRF_2010": "918.00", "NMRF_2010": "207.00", "ATRF_2010": "1125.00", "AGENCY": "RGWD", "ORIG_FID": "199" }, "geometry": { "type": "Point", "coordinates": [ 76.3666667, 25.9833333 ] } },
{ "type": "Feature", "properties": { "RAINGAUGE": "SAYALA", "DISTRICT": "JALORE", "LONGITUDE": "72:20:53.591", "LATITUDE": "25:18:56.896", "COUNT": "18.00", "MRF_1984": "Not Available", "NMRF_1984": "Not Available", "ATRF_1984": "Not Available", "MRF_1985": "Not Available", "NMRF_1985": "Not Available", "ATRF_1985": "Not Available", "MRF_1986": "Not Available", "NMRF_1986": "Not Available", "ATRF_1986": "Not Available", "MRF_1987": "Not Available", "NMRF_1987": "Not Available", "ATRF_1987": "Not Available", "MRF_1988": "Not Available", "NMRF_1988": "Not Available", "ATRF_1988": "Not Available", "MRF_1989": "Not Available", "NMRF_1989": "Not Available", "ATRF_1989": "Not Available", "MRF_1990": "Not Available", "NMRF_1990": "Not Available", "ATRF_1990": "Not Available", "MRF_1991": "Not Available", "NMRF_1991": "Not Available", "ATRF_1991": "Not Available", "MRF_1992": "Not Available", "NMRF_1992": "Not Available", "ATRF_1992": "Not Available", "MRF_1993": "Not Available", "NMRF_1993": "Not Available", "ATRF_1993": "Not Available", "MRF_1994": "Not Available", "NMRF_1994": "Not Available", "ATRF_1994": "Not Available", "MRF_1995": "Not Available", "NMRF_1995": "Not Available", "ATRF_1995": "Not Available", "MRF_1996": "Not Available", "NMRF_1996": "Not Available", "ATRF_1996": "Not Available", "MRF_1997": "Not Available", "NMRF_1997": "Not Available", "ATRF_1997": "Not Available", "MRF_1998": "Not Available", "NMRF_1998": "Not Available", "ATRF_1998": "Not Available", "MRF_1999": "Not Available", "NMRF_1999": "Not Available", "ATRF_1999": "Not Available", "MRF_2000": "Not Available", "NMRF_2000": "Not Available", "ATRF_2000": "Not Available", "MRF_2001": "Not Available", "NMRF_2001": "Not Available", "ATRF_2001": "Not Available", "MRF_2002": "Not Available", "NMRF_2002": "Not Available", "ATRF_2002": "Not Available", "MRF_2003": "Not Available", "NMRF_2003": "Not Available", "ATRF_2003": "Not Available", "MRF_2004": "Not Available", "NMRF_2004": "Not Available", "ATRF_2004": "Not Available", "MRF_2005": "231.30", "NMRF_2005": "24.50", "ATRF_2005": "255.80", "MRF_2006": "564.50", "NMRF_2006": "1.00", "ATRF_2006": "565.50", "MRF_2007": "194.00", "NMRF_2007": "24.00", "ATRF_2007": "218.00", "MRF_2008": "181.20", "NMRF_2008": "22.40", "ATRF_2008": "203.60", "MRF_2009": "208.40", "NMRF_2009": "14.40", "ATRF_2009": "222.80", "MRF_2010": "684.80", "NMRF_2010": "70.00", "ATRF_2010": "754.80", "AGENCY": "RGWD", "ORIG_FID": "200" }, "geometry": { "type": "Point", "coordinates": [ 72.3482197, 25.3158044 ] } },
{ "type": "Feature", "properties": { "RAINGAUGE": "SEEMALWARA", "DISTRICT": "DUNGARPUR", "LONGITUDE": "73:44:45.670", "LATITUDE": "23:33:14.365", "COUNT": "54.00", "MRF_1984": "988.00", "NMRF_1984": "0.00", "ATRF_1984": "988.00", "MRF_1985": "409.00", "NMRF_1985": "117.00", "ATRF_1985": "526.00", "MRF_1986": "710.00", "NMRF_1986": "18.40", "ATRF_1986": "728.40", "MRF_1987": "849.00", "NMRF_1987": "53.20", "ATRF_1987": "902.20", "MRF_1988": "1188.00", "NMRF_1988": "5.00", "ATRF_1988": "1193.00", "MRF_1989": "726.40", "NMRF_1989": "0.00", "ATRF_1989": "726.40", "MRF_1990": "1098.00", "NMRF_1990": "15.00", "ATRF_1990": "1113.00", "MRF_1991": "738.50", "NMRF_1991": "0.00", "ATRF_1991": "738.50", "MRF_1992": "823.00", "NMRF_1992": "5.00", "ATRF_1992": "828.00", "MRF_1993": "813.00", "NMRF_1993": "25.00", "ATRF_1993": "838.00", "MRF_1994": "1120.00", "NMRF_1994": "4.00", "ATRF_1994": "1124.00", "MRF_1995": "769.00", "NMRF_1995": "65.00", "ATRF_1995": "834.00", "MRF_1996": "Not Available", "NMRF_1996": "Not Available", "ATRF_1996": "Not Available", "MRF_1997": "1007.00", "NMRF_1997": "26.00", "ATRF_1997": "1033.00", "MRF_1998": "815.00", "NMRF_1998": "55.00", "ATRF_1998": "870.00", "MRF_1999": "555.00", "NMRF_1999": "18.00", "ATRF_1999": "573.00", "MRF_2000": "375.00", "NMRF_2000": "22.00", "ATRF_2000": "397.00", "MRF_2001": "640.00", "NMRF_2001": "0.00", "ATRF_2001": "640.00", "MRF_2002": "256.00", "NMRF_2002": "0.00", "ATRF_2002": "256.00", "MRF_2003": "740.00", "NMRF_2003": "29.00", "ATRF_2003": "769.00", "MRF_2004": "703.00", "NMRF_2004": "0.00", "ATRF_2004": "703.00", "MRF_2005": "557.00", "NMRF_2005": "37.00", "ATRF_2005": "594.00", "MRF_2006": "1633.00", "NMRF_2006": "0.00", "ATRF_2006": "1633.00", "MRF_2007": "970.00", "NMRF_2007": "12.00", "ATRF_2007": "982.00", "MRF_2008": "417.00", "NMRF_2008": "0.00", "ATRF_2008": "417.00", "MRF_2009": "787.00", "NMRF_2009": "44.00", "ATRF_2009": "831.00", "MRF_2010": "Not Available", "NMRF_2010": "Not Available", "ATRF_2010": "Not Available", "AGENCY": "RGWD", "ORIG_FID": "201" }, "geometry": { "type": "Point", "coordinates": [ 73.7460194, 23.5539903 ] } },
{ "type": "Feature", "properties": { "RAINGAUGE": "SHAHBAD", "DISTRICT": "BARAN", "LONGITUDE": "77:08:02.612", "LATITUDE": "25:14:42.920", "COUNT": "57.00", "MRF_1984": "518.00", "NMRF_1984": "0.00", "ATRF_1984": "518.00", "MRF_1985": "699.00", "NMRF_1985": "0.00", "ATRF_1985": "699.00", "MRF_1986": "805.00", "NMRF_1986": "111.00", "ATRF_1986": "916.00", "MRF_1987": "559.00", "NMRF_1987": "246.00", "ATRF_1987": "805.00", "MRF_1988": "942.00", "NMRF_1988": "41.00", "ATRF_1988": "983.00", "MRF_1989": "572.00", "NMRF_1989": "17.80", "ATRF_1989": "589.80", "MRF_1990": "948.00", "NMRF_1990": "9.00", "ATRF_1990": "957.00", "MRF_1991": "802.00", "NMRF_1991": "42.00", "ATRF_1991": "844.00", "MRF_1992": "878.00", "NMRF_1992": "144.00", "ATRF_1992": "1022.00", "MRF_1993": "1043.20", "NMRF_1993": "18.00", "ATRF_1993": "1061.20", "MRF_1994": "1229.00", "NMRF_1994": "22.00", "ATRF_1994": "1251.00", "MRF_1995": "942.00", "NMRF_1995": "52.00", "ATRF_1995": "994.00", "MRF_1996": "1055.00", "NMRF_1996": "77.00", "ATRF_1996": "1132.00", "MRF_1997": "734.00", "NMRF_1997": "199.00", "ATRF_1997": "933.00", "MRF_1998": "857.00", "NMRF_1998": "27.00", "ATRF_1998": "884.00", "MRF_1999": "629.00", "NMRF_1999": "14.00", "ATRF_1999": "643.00", "MRF_2000": "795.00", "NMRF_2000": "43.00", "ATRF_2000": "838.00", "MRF_2001": "648.00", "NMRF_2001": "147.00", "ATRF_2001": "795.00", "MRF_2002": "297.00", "NMRF_2002": "36.00", "ATRF_2002": "333.00", "MRF_2003": "697.50", "NMRF_2003": "28.50", "ATRF_2003": "726.00", "MRF_2004": "514.00", "NMRF_2004": "43.00", "ATRF_2004": "557.00", "MRF_2005": "753.00", "NMRF_2005": "42.00", "ATRF_2005": "795.00", "MRF_2006": "678.00", "NMRF_2006": "36.00", "ATRF_2006": "714.00", "MRF_2007": "609.00", "NMRF_2007": "11.00", "ATRF_2007": "620.00", "MRF_2008": "954.00", "NMRF_2008": "0.00", "ATRF_2008": "954.00", "MRF_2009": "422.00", "NMRF_2009": "82.00", "ATRF_2009": "504.00", "MRF_2010": "535.00", "NMRF_2010": "39.50", "ATRF_2010": "574.50", "AGENCY": "RGWD", "ORIG_FID": "202" }, "geometry": { "type": "Point", "coordinates": [ 77.1340589, 25.2452556 ] } },
{ "type": "Feature", "properties": { "RAINGAUGE": "SHAHPURA", "DISTRICT": "BHILWARA", "LONGITUDE": "74:56:00.000", "LATITUDE": "25:37:00.000", "COUNT": "59.00", "MRF_1984": "516.75", "NMRF_1984": "0.00", "ATRF_1984": "516.75", "MRF_1985": "509.45", "NMRF_1985": "105.95", "ATRF_1985": "615.40", "MRF_1986": "424.60", "NMRF_1986": "70.40", "ATRF_1986": "495.00", "MRF_1987": "409.00", "NMRF_1987": "31.00", "ATRF_1987": "440.00", "MRF_1988": "572.00", "NMRF_1988": "114.00", "ATRF_1988": "686.00", "MRF_1989": "0.00", "NMRF_1989": "10.00", "ATRF_1989": "10.00", "MRF_1990": "825.00", "NMRF_1990": "32.00", "ATRF_1990": "857.00", "MRF_1991": "551.00", "NMRF_1991": "35.00", "ATRF_1991": "586.00", "MRF_1992": "535.00", "NMRF_1992": "25.00", "ATRF_1992": "560.00", "MRF_1993": "497.00", "NMRF_1993": "29.00", "ATRF_1993": "526.00", "MRF_1994": "660.40", "NMRF_1994": "40.30", "ATRF_1994": "700.70", "MRF_1995": "611.50", "NMRF_1995": "36.75", "ATRF_1995": "648.25", "MRF_1996": "805.00", "NMRF_1996": "92.00", "ATRF_1996": "897.00", "MRF_1997": "568.75", "NMRF_1997": "140.25", "ATRF_1997": "709.00", "MRF_1998": "447.20", "NMRF_1998": "66.80", "ATRF_1998": "514.00", "MRF_1999": "466.50", "NMRF_1999": "36.50", "ATRF_1999": "503.00", "MRF_2000": "349.00", "NMRF_2000": "30.00", "ATRF_2000": "379.00", "MRF_2001": "494.00", "NMRF_2001": "61.00", "ATRF_2001": "555.00", "MRF_2002": "223.00", "NMRF_2002": "54.00", "ATRF_2002": "277.00", "MRF_2003": "710.50", "NMRF_2003": "56.50", "ATRF_2003": "767.00", "MRF_2004": "800.50", "NMRF_2004": "56.50", "ATRF_2004": "857.00", "MRF_2005": "685.00", "NMRF_2005": "35.00", "ATRF_2005": "720.00", "MRF_2006": "584.50", "NMRF_2006": "30.50", "ATRF_2006": "615.00", "MRF_2007": "437.60", "NMRF_2007": "40.25", "ATRF_2007": "477.85", "MRF_2008": "718.85", "NMRF_2008": "55.10", "ATRF_2008": "773.95", "MRF_2009": "373.00", "NMRF_2009": "19.60", "ATRF_2009": "392.60", "MRF_2010": "446.00", "NMRF_2010": "190.00", "ATRF_2010": "636.00", "AGENCY": "RGWD", "ORIG_FID": "203" }, "geometry": { "type": "Point", "coordinates": [ 74.9333333, 25.6166667 ] } },
{ "type": "Feature", "properties": { "RAINGAUGE": "SHEO", "DISTRICT": "BARMER", "LONGITUDE": "71:15:00.000", "LATITUDE": "26:11:00.000", "COUNT": "54.00", "MRF_1984": "112.00", "NMRF_1984": "2.00", "ATRF_1984": "114.00", "MRF_1985": "Not Available", "NMRF_1985": "Not Available", "ATRF_1985": "Not Available", "MRF_1986": "Not Available", "NMRF_1986": "Not Available", "ATRF_1986": "Not Available", "MRF_1987": "7.00", "NMRF_1987": "41.80", "ATRF_1987": "48.80", "MRF_1988": "83.80", "NMRF_1988": "11.00", "ATRF_1988": "94.80", "MRF_1989": "236.20", "NMRF_1989": "0.00", "ATRF_1989": "236.20", "MRF_1990": "173.00", "NMRF_1990": "0.00", "ATRF_1990": "173.00", "MRF_1991": "171.00", "NMRF_1991": "0.00", "ATRF_1991": "171.00", "MRF_1992": "313.00", "NMRF_1992": "11.00", "ATRF_1992": "324.00", "MRF_1993": "375.00", "NMRF_1993": "19.00", "ATRF_1993": "394.00", "MRF_1994": "345.00", "NMRF_1994": "9.00", "ATRF_1994": "354.00", "MRF_1995": "265.00", "NMRF_1995": "66.00", "ATRF_1995": "331.00", "MRF_1996": "238.00", "NMRF_1996": "52.00", "ATRF_1996": "290.00", "MRF_1997": "197.00", "NMRF_1997": "54.00", "ATRF_1997": "251.00", "MRF_1998": "128.00", "NMRF_1998": "97.00", "ATRF_1998": "225.00", "MRF_1999": "142.00", "NMRF_1999": "81.00", "ATRF_1999": "223.00", "MRF_2000": "350.00", "NMRF_2000": "1.00", "ATRF_2000": "351.00", "MRF_2001": "249.00", "NMRF_2001": "76.00", "ATRF_2001": "325.00", "MRF_2002": "66.00", "NMRF_2002": "15.00", "ATRF_2002": "81.00", "MRF_2003": "248.00", "NMRF_2003": "19.00", "ATRF_2003": "267.00", "MRF_2004": "86.00", "NMRF_2004": "101.00", "ATRF_2004": "187.00", "MRF_2005": "149.00", "NMRF_2005": "27.00", "ATRF_2005": "176.00", "MRF_2006": "450.00", "NMRF_2006": "30.00", "ATRF_2006": "480.00", "MRF_2007": "214.00", "NMRF_2007": "61.00", "ATRF_2007": "275.00", "MRF_2008": "167.00", "NMRF_2008": "24.00", "ATRF_2008": "191.00", "MRF_2009": "195.00", "NMRF_2009": "9.00", "ATRF_2009": "204.00", "MRF_2010": "401.00", "NMRF_2010": "27.00", "ATRF_2010": "428.00", "AGENCY": "RGWD", "ORIG_FID": "204" }, "geometry": { "type": "Point", "coordinates": [ 71.25, 26.1833333 ] } },
{ "type": "Feature", "properties": { "RAINGAUGE": "SHEOGANJ", "DISTRICT": "SIROHI", "LONGITUDE": "73:03:48.111", "LATITUDE": "25:07:38.328", "COUNT": "56.00", "MRF_1984": "289.70", "NMRF_1984": "0.00", "ATRF_1984": "289.70", "MRF_1985": "258.50", "NMRF_1985": "33.60", "ATRF_1985": "292.10", "MRF_1986": "501.40", "NMRF_1986": "7.60", "ATRF_1986": "509.00", "MRF_1987": "198.40", "NMRF_1987": "30.40", "ATRF_1987": "228.80", "MRF_1988": "419.40", "NMRF_1988": "17.00", "ATRF_1988": "436.40", "MRF_1989": "391.60", "NMRF_1989": "8.00", "ATRF_1989": "399.60", "MRF_1990": "1147.10", "NMRF_1990": "22.90", "ATRF_1990": "1170.00", "MRF_1991": "337.00", "NMRF_1991": "2.00", "ATRF_1991": "339.00", "MRF_1992": "933.00", "NMRF_1992": "10.40", "ATRF_1992": "943.40", "MRF_1993": "571.00", "NMRF_1993": "7.00", "ATRF_1993": "578.00", "MRF_1994": "674.10", "NMRF_1994": "34.50", "ATRF_1994": "708.60", "MRF_1995": "654.30", "NMRF_1995": "30.80", "ATRF_1995": "685.10", "MRF_1996": "732.00", "NMRF_1996": "11.60", "ATRF_1996": "743.60", "MRF_1997": "604.60", "NMRF_1997": "40.00", "ATRF_1997": "644.60", "MRF_1998": "315.20", "NMRF_1998": "136.20", "ATRF_1998": "451.40", "MRF_1999": "227.40", "NMRF_1999": "50.20", "ATRF_1999": "277.60", "MRF_2000": "437.00", "NMRF_2000": "35.40", "ATRF_2000": "472.40", "MRF_2001": "603.00", "NMRF_2001": "44.40", "ATRF_2001": "647.40", "MRF_2002": "236.00", "NMRF_2002": "0.00", "ATRF_2002": "236.00", "MRF_2003": "531.40", "NMRF_2003": "49.60", "ATRF_2003": "581.00", "MRF_2004": "258.00", "NMRF_2004": "38.00", "ATRF_2004": "296.00", "MRF_2005": "285.20", "NMRF_2005": "4.60", "ATRF_2005": "289.80", "MRF_2006": "965.00", "NMRF_2006": "0.00", "ATRF_2006": "965.00", "MRF_2007": "452.80", "NMRF_2007": "37.60", "ATRF_2007": "490.40", "MRF_2008": "206.80", "NMRF_2008": "48.00", "ATRF_2008": "254.80", "MRF_2009": "275.80", "NMRF_2009": "0.00", "ATRF_2009": "275.80", "MRF_2010": "450.10", "NMRF_2010": "168.20", "ATRF_2010": "618.30", "AGENCY": "RGWD", "ORIG_FID": "205" }, "geometry": { "type": "Point", "coordinates": [ 73.0633642, 25.1273133 ] } },
{ "type": "Feature", "properties": { "RAINGAUGE": "SHERGARH", "DISTRICT": "BANSWARA", "LONGITUDE": "74:10:00.000", "LATITUDE": "23:20:00.000", "COUNT": "59.00", "MRF_1984": "147.00", "NMRF_1984": "0.00", "ATRF_1984": "147.00", "MRF_1985": "168.30", "NMRF_1985": "14.00", "ATRF_1985": "182.30", "MRF_1986": "62.20", "NMRF_1986": "6.00", "ATRF_1986": "68.20", "MRF_1987": "Not Available", "NMRF_1987": "Not Available", "ATRF_1987": "Not Available", "MRF_1988": "Not Available", "NMRF_1988": "Not Available", "ATRF_1988": "Not Available", "MRF_1989": "Not Available", "NMRF_1989": "Not Available", "ATRF_1989": "Not Available", "MRF_1990": "Not Available", "NMRF_1990": "Not Available", "ATRF_1990": "Not Available", "MRF_1991": "Not Available", "NMRF_1991": "Not Available", "ATRF_1991": "Not Available", "MRF_1992": "Not Available", "NMRF_1992": "Not Available", "ATRF_1992": "Not Available", "MRF_1993": "Not Available", "NMRF_1993": "Not Available", "ATRF_1993": "Not Available", "MRF_1994": "260.80", "NMRF_1994": "32.80", "ATRF_1994": "293.60", "MRF_1995": "345.60", "NMRF_1995": "41.40", "ATRF_1995": "387.00", "MRF_1996": "361.00", "NMRF_1996": "24.00", "ATRF_1996": "385.00", "MRF_1997": "217.00", "NMRF_1997": "106.00", "ATRF_1997": "323.00", "MRF_1998": "169.00", "NMRF_1998": "71.00", "ATRF_1998": "240.00", "MRF_1999": "157.00", "NMRF_1999": "103.00", "ATRF_1999": "260.00", "MRF_2000": "199.00", "NMRF_2000": "30.00", "ATRF_2000": "229.00", "MRF_2001": "265.00", "NMRF_2001": "85.00", "ATRF_2001": "350.00", "MRF_2002": "69.60", "NMRF_2002": "15.20", "ATRF_2002": "84.80", "MRF_2003": "338.00", "NMRF_2003": "15.00", "ATRF_2003": "353.00", "MRF_2004": "73.00", "NMRF_2004": "30.00", "ATRF_2004": "103.00", "MRF_2005": "84.00", "NMRF_2005": "25.60", "ATRF_2005": "109.60", "MRF_2006": "210.00", "NMRF_2006": "11.00", "ATRF_2006": "221.00", "MRF_2007": "296.00", "NMRF_2007": "63.00", "ATRF_2007": "359.00", "MRF_2008": "211.00", "NMRF_2008": "44.00", "ATRF_2008": "255.00", "MRF_2009": "65.00", "NMRF_2009": "2.00", "ATRF_2009": "67.00", "MRF_2010": "567.00", "NMRF_2010": "2.00", "ATRF_2010": "569.00", "AGENCY": "RGWD", "ORIG_FID": "206" }, "geometry": { "type": "Point", "coordinates": [ 74.1666667, 23.3333333 ] } },
{ "type": "Feature", "properties": { "RAINGAUGE": "SIKAR", "DISTRICT": "SIKAR", "LONGITUDE": "75:09:00.000", "LATITUDE": "27:37:00.000", "COUNT": "60.00", "MRF_1984": "304.00", "NMRF_1984": "3.00", "ATRF_1984": "307.00", "MRF_1985": "361.00", "NMRF_1985": "13.00", "ATRF_1985": "374.00", "MRF_1986": "222.00", "NMRF_1986": "150.00", "ATRF_1986": "372.00", "MRF_1987": "135.00", "NMRF_1987": "105.00", "ATRF_1987": "240.00", "MRF_1988": "540.50", "NMRF_1988": "31.00", "ATRF_1988": "571.50", "MRF_1989": "254.90", "NMRF_1989": "5.00", "ATRF_1989": "259.90", "MRF_1990": "292.00", "NMRF_1990": "145.60", "ATRF_1990": "437.60", "MRF_1991": "308.00", "NMRF_1991": "36.00", "ATRF_1991": "344.00", "MRF_1992": "415.00", "NMRF_1992": "49.00", "ATRF_1992": "464.00", "MRF_1993": "283.00", "NMRF_1993": "13.00", "ATRF_1993": "296.00", "MRF_1994": "425.00", "NMRF_1994": "36.00", "ATRF_1994": "461.00", "MRF_1995": "744.00", "NMRF_1995": "17.00", "ATRF_1995": "761.00", "MRF_1996": "924.00", "NMRF_1996": "39.00", "ATRF_1996": "963.00", "MRF_1997": "261.00", "NMRF_1997": "410.00", "ATRF_1997": "671.00", "MRF_1998": "515.00", "NMRF_1998": "159.00", "ATRF_1998": "674.00", "MRF_1999": "347.00", "NMRF_1999": "68.00", "ATRF_1999": "415.00", "MRF_2000": "201.00", "NMRF_2000": "2.00", "ATRF_2000": "203.00", "MRF_2001": "577.00", "NMRF_2001": "80.00", "ATRF_2001": "657.00", "MRF_2002": "109.00", "NMRF_2002": "43.00", "ATRF_2002": "152.00", "MRF_2003": "536.00", "NMRF_2003": "48.00", "ATRF_2003": "584.00", "MRF_2004": "187.00", "NMRF_2004": "96.00", "ATRF_2004": "283.00", "MRF_2005": "433.00", "NMRF_2005": "35.00", "ATRF_2005": "468.00", "MRF_2006": "354.00", "NMRF_2006": "109.00", "ATRF_2006": "463.00", "MRF_2007": "334.00", "NMRF_2007": "95.00", "ATRF_2007": "429.00", "MRF_2008": "136.00", "NMRF_2008": "157.00", "ATRF_2008": "293.00", "MRF_2009": "103.00", "NMRF_2009": "21.00", "ATRF_2009": "124.00", "MRF_2010": "818.00", "NMRF_2010": "78.00", "ATRF_2010": "896.00", "AGENCY": "RGWD", "ORIG_FID": "207" }, "geometry": { "type": "Point", "coordinates": [ 75.15, 27.6166667 ] } },
{ "type": "Feature", "properties": { "RAINGAUGE": "SIKRAI", "DISTRICT": "DAUSA", "LONGITUDE": "76:41:33.904", "LATITUDE": "26:55:05.693", "COUNT": "59.00", "MRF_1984": "272.00", "NMRF_1984": "4.00", "ATRF_1984": "276.00", "MRF_1985": "701.00", "NMRF_1985": "122.00", "ATRF_1985": "823.00", "MRF_1986": "290.00", "NMRF_1986": "133.00", "ATRF_1986": "423.00", "MRF_1987": "302.00", "NMRF_1987": "30.00", "ATRF_1987": "332.00", "MRF_1988": "374.00", "NMRF_1988": "26.00", "ATRF_1988": "400.00", "MRF_1989": "530.00", "NMRF_1989": "0.00", "ATRF_1989": "530.00", "MRF_1990": "711.00", "NMRF_1990": "91.00", "ATRF_1990": "802.00", "MRF_1991": "574.00", "NMRF_1991": "48.00", "ATRF_1991": "622.00", "MRF_1992": "838.00", "NMRF_1992": "0.00", "ATRF_1992": "838.00", "MRF_1993": "660.00", "NMRF_1993": "33.00", "ATRF_1993": "693.00", "MRF_1994": "797.00", "NMRF_1994": "103.00", "ATRF_1994": "900.00", "MRF_1995": "1515.00", "NMRF_1995": "0.00", "ATRF_1995": "1515.00", "MRF_1996": "890.00", "NMRF_1996": "219.00", "ATRF_1996": "1109.00", "MRF_1997": "471.00", "NMRF_1997": "161.00", "ATRF_1997": "632.00", "MRF_1998": "770.00", "NMRF_1998": "50.00", "ATRF_1998": "820.00", "MRF_1999": "474.00", "NMRF_1999": "58.00", "ATRF_1999": "532.00", "MRF_2000": "365.00", "NMRF_2000": "29.00", "ATRF_2000": "394.00", "MRF_2001": "608.00", "NMRF_2001": "81.00", "ATRF_2001": "689.00", "MRF_2002": "440.00", "NMRF_2002": "81.00", "ATRF_2002": "521.00", "MRF_2003": "822.00", "NMRF_2003": "34.00", "ATRF_2003": "856.00", "MRF_2004": "218.00", "NMRF_2004": "140.00", "ATRF_2004": "358.00", "MRF_2005": "474.00", "NMRF_2005": "34.00", "ATRF_2005": "508.00", "MRF_2006": "461.00", "NMRF_2006": "44.00", "ATRF_2006": "505.00", "MRF_2007": "303.00", "NMRF_2007": "98.50", "ATRF_2007": "401.50", "MRF_2008": "892.00", "NMRF_2008": "87.00", "ATRF_2008": "979.00", "MRF_2009": "331.00", "NMRF_2009": "69.00", "ATRF_2009": "400.00", "MRF_2010": "550.00", "NMRF_2010": "110.00", "ATRF_2010": "660.00", "AGENCY": "RGWD", "ORIG_FID": "208" }, "geometry": { "type": "Point", "coordinates": [ 76.6927511, 26.9182481 ] } },
{ "type": "Feature", "properties": { "RAINGAUGE": "SINDHARI", "DISTRICT": "BARMER", "LONGITUDE": "71:56:07.927", "LATITUDE": "25:34:22.985", "COUNT": "15.00", "MRF_1984": "Not Available", "NMRF_1984": "Not Available", "ATRF_1984": "Not Available", "MRF_1985": "Not Available", "NMRF_1985": "Not Available", "ATRF_1985": "Not Available", "MRF_1986": "Not Available", "NMRF_1986": "Not Available", "ATRF_1986": "Not Available", "MRF_1987": "Not Available", "NMRF_1987": "Not Available", "ATRF_1987": "Not Available", "MRF_1988": "Not Available", "NMRF_1988": "Not Available", "ATRF_1988": "Not Available", "MRF_1989": "Not Available", "NMRF_1989": "Not Available", "ATRF_1989": "Not Available", "MRF_1990": "Not Available", "NMRF_1990": "Not Available", "ATRF_1990": "Not Available", "MRF_1991": "Not Available", "NMRF_1991": "Not Available", "ATRF_1991": "Not Available", "MRF_1992": "Not Available", "NMRF_1992": "Not Available", "ATRF_1992": "Not Available", "MRF_1993": "Not Available", "NMRF_1993": "Not Available", "ATRF_1993": "Not Available", "MRF_1994": "Not Available", "NMRF_1994": "Not Available", "ATRF_1994": "Not Available", "MRF_1995": "Not Available", "NMRF_1995": "Not Available", "ATRF_1995": "Not Available", "MRF_1996": "Not Available", "NMRF_1996": "Not Available", "ATRF_1996": "Not Available", "MRF_1997": "Not Available", "NMRF_1997": "Not Available", "ATRF_1997": "Not Available", "MRF_1998": "Not Available", "NMRF_1998": "Not Available", "ATRF_1998": "Not Available", "MRF_1999": "Not Available", "NMRF_1999": "Not Available", "ATRF_1999": "Not Available", "MRF_2000": "Not Available", "NMRF_2000": "Not Available", "ATRF_2000": "Not Available", "MRF_2001": "Not Available", "NMRF_2001": "Not Available", "ATRF_2001": "Not Available", "MRF_2002": "Not Available", "NMRF_2002": "Not Available", "ATRF_2002": "Not Available", "MRF_2003": "592.00", "NMRF_2003": "8.00", "ATRF_2003": "600.00", "MRF_2004": "166.00", "NMRF_2004": "11.00", "ATRF_2004": "177.00", "MRF_2005": "184.00", "NMRF_2005": "10.00", "ATRF_2005": "194.00", "MRF_2006": "512.00", "NMRF_2006": "28.00", "ATRF_2006": "540.00", "MRF_2007": "Not Available", "NMRF_2007": "Not Available", "ATRF_2007": "Not Available", "MRF_2008": "Not Available", "NMRF_2008": "Not Available", "ATRF_2008": "Not Available", "MRF_2009": "125.00", "NMRF_2009": "26.00", "ATRF_2009": "151.00", "MRF_2010": "Not Available", "NMRF_2010": "Not Available", "ATRF_2010": "Not Available", "AGENCY": "RGWD", "ORIG_FID": "209" }, "geometry": { "type": "Point", "coordinates": [ 71.9355353, 25.5730514 ] } },
{ "type": "Feature", "properties": { "RAINGAUGE": "SIROHI", "DISTRICT": "SIROHI", "LONGITUDE": "72:52:00.000", "LATITUDE": "24:53:00.000", "COUNT": "58.00", "MRF_1984": "373.00", "NMRF_1984": "0.00", "ATRF_1984": "373.00", "MRF_1985": "250.80", "NMRF_1985": "32.40", "ATRF_1985": "283.20", "MRF_1986": "290.20", "NMRF_1986": "4.20", "ATRF_1986": "294.40", "MRF_1987": "154.90", "NMRF_1987": "36.00", "ATRF_1987": "190.90", "MRF_1988": "330.40", "NMRF_1988": "2.60", "ATRF_1988": "333.00", "MRF_1989": "439.00", "NMRF_1989": "11.00", "ATRF_1989": "450.00", "MRF_1990": "1379.50", "NMRF_1990": "34.10", "ATRF_1990": "1413.60", "MRF_1991": "203.60", "NMRF_1991": "3.20", "ATRF_1991": "206.80", "MRF_1992": "912.00", "NMRF_1992": "19.80", "ATRF_1992": "931.80", "MRF_1993": "535.60", "NMRF_1993": "6.20", "ATRF_1993": "541.80", "MRF_1994": "755.60", "NMRF_1994": "20.00", "ATRF_1994": "775.60", "MRF_1995": "466.00", "NMRF_1995": "53.40", "ATRF_1995": "519.40", "MRF_1996": "447.00", "NMRF_1996": "22.40", "ATRF_1996": "469.40", "MRF_1997": "734.00", "NMRF_1997": "76.00", "ATRF_1997": "810.00", "MRF_1998": "332.60", "NMRF_1998": "172.20", "ATRF_1998": "504.80", "MRF_1999": "260.80", "NMRF_1999": "81.30", "ATRF_1999": "342.10", "MRF_2000": "318.00", "NMRF_2000": "42.80", "ATRF_2000": "360.80", "MRF_2001": "521.80", "NMRF_2001": "52.40", "ATRF_2001": "574.20", "MRF_2002": "192.20", "NMRF_2002": "3.80", "ATRF_2002": "196.00", "MRF_2003": "706.00", "NMRF_2003": "54.00", "ATRF_2003": "760.00", "MRF_2004": "290.00", "NMRF_2004": "75.00", "ATRF_2004": "365.00", "MRF_2005": "818.30", "NMRF_2005": "0.00", "ATRF_2005": "818.30", "MRF_2006": "1188.80", "NMRF_2006": "45.00", "ATRF_2006": "1233.80", "MRF_2007": "618.90", "NMRF_2007": "17.20", "ATRF_2007": "636.10", "MRF_2008": "278.50", "NMRF_2008": "19.80", "ATRF_2008": "298.30", "MRF_2009": "391.60", "NMRF_2009": "4.20", "ATRF_2009": "395.80", "MRF_2010": "612.70", "NMRF_2010": "188.60", "ATRF_2010": "801.30", "AGENCY": "RGWD", "ORIG_FID": "210" }, "geometry": { "type": "Point", "coordinates": [ 72.8666667, 24.8833333 ] } },
{ "type": "Feature", "properties": { "RAINGAUGE": "SIWANA", "DISTRICT": "BARMER", "LONGITUDE": "72:25:00.000", "LATITUDE": "25:29:00.000", "COUNT": "53.00", "MRF_1984": "198.20", "NMRF_1984": "6.20", "ATRF_1984": "204.40", "MRF_1985": "Not Available", "NMRF_1985": "Not Available", "ATRF_1985": "Not Available", "MRF_1986": "Not Available", "NMRF_1986": "Not Available", "ATRF_1986": "Not Available", "MRF_1987": "90.80", "NMRF_1987": "6.00", "ATRF_1987": "96.80", "MRF_1988": "130.10", "NMRF_1988": "2.00", "ATRF_1988": "132.10", "MRF_1989": "Not Available", "NMRF_1989": "Not Available", "ATRF_1989": "Not Available", "MRF_1990": "1010.40", "NMRF_1990": "6.00", "ATRF_1990": "1016.40", "MRF_1991": "151.80", "NMRF_1991": "17.00", "ATRF_1991": "168.80", "MRF_1992": "488.60", "NMRF_1992": "73.00", "ATRF_1992": "561.60", "MRF_1993": "434.50", "NMRF_1993": "8.00", "ATRF_1993": "442.50", "MRF_1994": "402.00", "NMRF_1994": "6.00", "ATRF_1994": "408.00", "MRF_1995": "274.00", "NMRF_1995": "0.00", "ATRF_1995": "274.00", "MRF_1996": "267.00", "NMRF_1996": "25.00", "ATRF_1996": "292.00", "MRF_1997": "446.00", "NMRF_1997": "97.00", "ATRF_1997": "543.00", "MRF_1998": "308.00", "NMRF_1998": "84.00", "ATRF_1998": "392.00", "MRF_1999": "218.00", "NMRF_1999": "70.00", "ATRF_1999": "288.00", "MRF_2000": "211.00", "NMRF_2000": "37.00", "ATRF_2000": "248.00", "MRF_2001": "264.00", "NMRF_2001": "6.00", "ATRF_2001": "270.00", "MRF_2002": "101.00", "NMRF_2002": "6.00", "ATRF_2002": "107.00", "MRF_2003": "585.00", "NMRF_2003": "24.00", "ATRF_2003": "609.00", "MRF_2004": "229.00", "NMRF_2004": "33.00", "ATRF_2004": "262.00", "MRF_2005": "194.00", "NMRF_2005": "29.00", "ATRF_2005": "223.00", "MRF_2006": "491.00", "NMRF_2006": "9.00", "ATRF_2006": "500.00", "MRF_2007": "251.00", "NMRF_2007": "35.00", "ATRF_2007": "286.00", "MRF_2008": "380.00", "NMRF_2008": "38.00", "ATRF_2008": "418.00", "MRF_2009": "178.00", "NMRF_2009": "4.00", "ATRF_2009": "182.00", "MRF_2010": "658.00", "NMRF_2010": "64.00", "ATRF_2010": "722.00", "AGENCY": "RGWD", "ORIG_FID": "211" }, "geometry": { "type": "Point", "coordinates": [ 72.4166667, 25.4833333 ] } },
{ "type": "Feature", "properties": { "RAINGAUGE": "SOJAT", "DISTRICT": "PALI", "LONGITUDE": "73:40:00.000", "LATITUDE": "25:56:00.000", "COUNT": "59.00", "MRF_1984": "227.00", "NMRF_1984": "4.40", "ATRF_1984": "231.40", "MRF_1985": "132.80", "NMRF_1985": "109.20", "ATRF_1985": "242.00", "MRF_1986": "202.80", "NMRF_1986": "19.20", "ATRF_1986": "222.00", "MRF_1987": "101.40", "NMRF_1987": "7.80", "ATRF_1987": "109.20", "MRF_1988": "318.40", "NMRF_1988": "20.00", "ATRF_1988": "338.40", "MRF_1989": "394.50", "NMRF_1989": "11.00", "ATRF_1989": "405.50", "MRF_1990": "432.90", "NMRF_1990": "29.70", "ATRF_1990": "462.60", "MRF_1991": "432.80", "NMRF_1991": "9.00", "ATRF_1991": "441.80", "MRF_1992": "746.20", "NMRF_1992": "57.20", "ATRF_1992": "803.40", "MRF_1993": "275.30", "NMRF_1993": "10.00", "ATRF_1993": "285.30", "MRF_1994": "848.70", "NMRF_1994": "30.20", "ATRF_1994": "878.90", "MRF_1995": "425.40", "NMRF_1995": "4.20", "ATRF_1995": "429.60", "MRF_1996": "271.30", "NMRF_1996": "10.70", "ATRF_1996": "282.00", "MRF_1997": "711.40", "NMRF_1997": "101.10", "ATRF_1997": "812.50", "MRF_1998": "294.60", "NMRF_1998": "68.00", "ATRF_1998": "362.60", "MRF_1999": "280.50", "NMRF_1999": "126.00", "ATRF_1999": "406.50", "MRF_2000": "306.00", "NMRF_2000": "21.00", "ATRF_2000": "327.00", "MRF_2001": "423.00", "NMRF_2001": "17.00", "ATRF_2001": "440.00", "MRF_2002": "61.00", "NMRF_2002": "16.00", "ATRF_2002": "77.00", "MRF_2003": "351.00", "NMRF_2003": "46.00", "ATRF_2003": "397.00", "MRF_2004": "297.00", "NMRF_2004": "24.00", "ATRF_2004": "321.00", "MRF_2005": "326.00", "NMRF_2005": "31.20", "ATRF_2005": "357.20", "MRF_2006": "430.00", "NMRF_2006": "0.00", "ATRF_2006": "430.00", "MRF_2007": "557.00", "NMRF_2007": "27.00", "ATRF_2007": "584.00", "MRF_2008": "365.00", "NMRF_2008": "63.50", "ATRF_2008": "428.50", "MRF_2009": "154.00", "NMRF_2009": "18.00", "ATRF_2009": "172.00", "MRF_2010": "533.00", "NMRF_2010": "107.00", "ATRF_2010": "640.00", "AGENCY": "RGWD", "ORIG_FID": "212" }, "geometry": { "type": "Point", "coordinates": [ 73.6666667, 25.9333333 ] } },
{ "type": "Feature", "properties": { "RAINGAUGE": "SRIMADHOPUR", "DISTRICT": "SIKAR", "LONGITUDE": "75:35:53.605", "LATITUDE": "27:27:46.447", "COUNT": "59.00", "MRF_1984": "451.00", "NMRF_1984": "0.00", "ATRF_1984": "451.00", "MRF_1985": "425.00", "NMRF_1985": "78.00", "ATRF_1985": "503.00", "MRF_1986": "317.00", "NMRF_1986": "96.00", "ATRF_1986": "413.00", "MRF_1987": "221.00", "NMRF_1987": "124.50", "ATRF_1987": "345.50", "MRF_1988": "344.00", "NMRF_1988": "22.00", "ATRF_1988": "366.00", "MRF_1989": "420.00", "NMRF_1989": "17.00", "ATRF_1989": "437.00", "MRF_1990": "355.40", "NMRF_1990": "110.90", "ATRF_1990": "466.30", "MRF_1991": "272.00", "NMRF_1991": "91.00", "ATRF_1991": "363.00", "MRF_1992": "426.00", "NMRF_1992": "101.00", "ATRF_1992": "527.00", "MRF_1993": "418.00", "NMRF_1993": "29.00", "ATRF_1993": "447.00", "MRF_1994": "409.00", "NMRF_1994": "39.00", "ATRF_1994": "448.00", "MRF_1995": "712.00", "NMRF_1995": "32.00", "ATRF_1995": "744.00", "MRF_1996": "999.00", "NMRF_1996": "60.00", "ATRF_1996": "1059.00", "MRF_1997": "432.00", "NMRF_1997": "189.00", "ATRF_1997": "621.00", "MRF_1998": "557.00", "NMRF_1998": "82.00", "ATRF_1998": "639.00", "MRF_1999": "226.00", "NMRF_1999": "39.00", "ATRF_1999": "265.00", "MRF_2000": "250.00", "NMRF_2000": "26.00", "ATRF_2000": "276.00", "MRF_2001": "341.00", "NMRF_2001": "60.00", "ATRF_2001": "401.00", "MRF_2002": "48.00", "NMRF_2002": "78.00", "ATRF_2002": "126.00", "MRF_2003": "422.00", "NMRF_2003": "44.00", "ATRF_2003": "466.00", "MRF_2004": "269.00", "NMRF_2004": "54.00", "ATRF_2004": "323.00", "MRF_2005": "467.00", "NMRF_2005": "25.00", "ATRF_2005": "492.00", "MRF_2006": "352.00", "NMRF_2006": "101.00", "ATRF_2006": "453.00", "MRF_2007": "149.00", "NMRF_2007": "81.00", "ATRF_2007": "230.00", "MRF_2008": "175.00", "NMRF_2008": "116.00", "ATRF_2008": "291.00", "MRF_2009": "268.00", "NMRF_2009": "36.00", "ATRF_2009": "304.00", "MRF_2010": "703.00", "NMRF_2010": "109.00", "ATRF_2010": "812.00", "AGENCY": "RGWD", "ORIG_FID": "213" }, "geometry": { "type": "Point", "coordinates": [ 75.5982236, 27.4629019 ] } },
{ "type": "Feature", "properties": { "RAINGAUGE": "SUJANGARH", "DISTRICT": "CHURU", "LONGITUDE": "74:29:00.000", "LATITUDE": "27:42:00.000", "COUNT": "44.00", "MRF_1984": "Not Available", "NMRF_1984": "Not Available", "ATRF_1984": "Not Available", "MRF_1985": "Not Available", "NMRF_1985": "Not Available", "ATRF_1985": "Not Available", "MRF_1986": "Not Available", "NMRF_1986": "Not Available", "ATRF_1986": "Not Available", "MRF_1987": "234.00", "NMRF_1987": "128.00", "ATRF_1987": "362.00", "MRF_1988": "427.00", "NMRF_1988": "33.00", "ATRF_1988": "460.00", "MRF_1989": "283.00", "NMRF_1989": "1.00", "ATRF_1989": "284.00", "MRF_1990": "304.00", "NMRF_1990": "88.00", "ATRF_1990": "392.00", "MRF_1991": "358.00", "NMRF_1991": "33.00", "ATRF_1991": "391.00", "MRF_1992": "589.00", "NMRF_1992": "30.00", "ATRF_1992": "619.00", "MRF_1993": "265.00", "NMRF_1993": "105.00", "ATRF_1993": "370.00", "MRF_1994": "316.00", "NMRF_1994": "72.00", "ATRF_1994": "388.00", "MRF_1995": "706.00", "NMRF_1995": "18.00", "ATRF_1995": "724.00", "MRF_1996": "Not Available", "NMRF_1996": "Not Available", "ATRF_1996": "Not Available", "MRF_1997": "459.00", "NMRF_1997": "131.00", "ATRF_1997": "590.00", "MRF_1998": "297.00", "NMRF_1998": "160.00", "ATRF_1998": "457.00", "MRF_1999": "244.00", "NMRF_1999": "25.00", "ATRF_1999": "269.00", "MRF_2000": "295.00", "NMRF_2000": "0.00", "ATRF_2000": "295.00", "MRF_2001": "236.00", "NMRF_2001": "40.00", "ATRF_2001": "276.00", "MRF_2002": "77.00", "NMRF_2002": "53.00", "ATRF_2002": "130.00", "MRF_2003": "334.00", "NMRF_2003": "37.00", "ATRF_2003": "371.00", "MRF_2004": "294.00", "NMRF_2004": "109.00", "ATRF_2004": "403.00", "MRF_2005": "306.00", "NMRF_2005": "64.00", "ATRF_2005": "370.00", "MRF_2006": "287.00", "NMRF_2006": "91.00", "ATRF_2006": "378.00", "MRF_2007": "212.00", "NMRF_2007": "59.00", "ATRF_2007": "271.00", "MRF_2008": "264.00", "NMRF_2008": "29.00", "ATRF_2008": "293.00", "MRF_2009": "Not Available", "NMRF_2009": "Not Available", "ATRF_2009": "Not Available", "MRF_2010": "552.00", "NMRF_2010": "75.00", "ATRF_2010": "627.00", "AGENCY": "RGWD", "ORIG_FID": "214" }, "geometry": { "type": "Point", "coordinates": [ 74.4833333, 27.7 ] } },
{ "type": "Feature", "properties": { "RAINGAUGE": "SUMERPUR", "DISTRICT": "PALI", "LONGITUDE": "73:07:06.513", "LATITUDE": "25:07:39.767", "COUNT": "58.00", "MRF_1984": "340.00", "NMRF_1984": "0.00", "ATRF_1984": "340.00", "MRF_1985": "312.00", "NMRF_1985": "12.00", "ATRF_1985": "324.00", "MRF_1986": "440.00", "NMRF_1986": "107.00", "ATRF_1986": "547.00", "MRF_1987": "Not Available", "NMRF_1987": "Not Available", "ATRF_1987": "Not Available", "MRF_1988": "Not Available", "NMRF_1988": "Not Available", "ATRF_1988": "Not Available", "MRF_1989": "Not Available", "NMRF_1989": "Not Available", "ATRF_1989": "Not Available", "MRF_1990": "Not Available", "NMRF_1990": "Not Available", "ATRF_1990": "Not Available", "MRF_1991": "Not Available", "NMRF_1991": "Not Available", "ATRF_1991": "Not Available", "MRF_1992": "Not Available", "NMRF_1992": "Not Available", "ATRF_1992": "Not Available", "MRF_1993": "Not Available", "NMRF_1993": "Not Available", "ATRF_1993": "Not Available", "MRF_1994": "699.30", "NMRF_1994": "45.80", "ATRF_1994": "745.10", "MRF_1995": "457.50", "NMRF_1995": "28.50", "ATRF_1995": "486.00", "MRF_1996": "585.00", "NMRF_1996": "20.00", "ATRF_1996": "605.00", "MRF_1997": "645.00", "NMRF_1997": "37.40", "ATRF_1997": "682.40", "MRF_1998": "353.00", "NMRF_1998": "137.00", "ATRF_1998": "490.00", "MRF_1999": "374.50", "NMRF_1999": "180.00", "ATRF_1999": "554.50", "MRF_2000": "387.60", "NMRF_2000": "51.70", "ATRF_2000": "439.30", "MRF_2001": "674.50", "NMRF_2001": "72.00", "ATRF_2001": "746.50", "MRF_2002": "167.00", "NMRF_2002": "7.00", "ATRF_2002": "174.00", "MRF_2003": "735.00", "NMRF_2003": "41.20", "ATRF_2003": "776.20", "MRF_2004": "361.80", "NMRF_2004": "38.60", "ATRF_2004": "400.40", "MRF_2005": "413.90", "NMRF_2005": "50.00", "ATRF_2005": "463.90", "MRF_2006": "1173.60", "NMRF_2006": "15.00", "ATRF_2006": "1188.60", "MRF_2007": "610.00", "NMRF_2007": "34.00", "ATRF_2007": "644.00", "MRF_2008": "264.60", "NMRF_2008": "46.80", "ATRF_2008": "311.40", "MRF_2009": "374.00", "NMRF_2009": "0.00", "ATRF_2009": "374.00", "MRF_2010": "509.00", "NMRF_2010": "121.00", "ATRF_2010": "630.00", "AGENCY": "RGWD", "ORIG_FID": "215" }, "geometry": { "type": "Point", "coordinates": [ 73.1184758, 25.1277131 ] } },
{ "type": "Feature", "properties": { "RAINGAUGE": "SURATGARH", "DISTRICT": "GANGANAGAR", "LONGITUDE": "73:45:00.000", "LATITUDE": "29:19:00.000", "COUNT": "59.00", "MRF_1984": "141.00", "NMRF_1984": "22.00", "ATRF_1984": "163.00", "MRF_1985": "302.00", "NMRF_1985": "16.00", "ATRF_1985": "318.00", "MRF_1986": "25.00", "NMRF_1986": "25.00", "ATRF_1986": "50.00", "MRF_1987": "25.00", "NMRF_1987": "0.00", "ATRF_1987": "25.00", "MRF_1988": "258.00", "NMRF_1988": "3.00", "ATRF_1988": "261.00", "MRF_1989": "96.00", "NMRF_1989": "19.00", "ATRF_1989": "115.00", "MRF_1990": "108.00", "NMRF_1990": "60.00", "ATRF_1990": "168.00", "MRF_1991": "23.00", "NMRF_1991": "36.00", "ATRF_1991": "59.00", "MRF_1992": "403.00", "NMRF_1992": "19.00", "ATRF_1992": "422.00", "MRF_1993": "114.00", "NMRF_1993": "43.20", "ATRF_1993": "157.20", "MRF_1994": "210.00", "NMRF_1994": "12.00", "ATRF_1994": "222.00", "MRF_1995": "75.50", "NMRF_1995": "9.00", "ATRF_1995": "84.50", "MRF_1996": "228.00", "NMRF_1996": "15.00", "ATRF_1996": "243.00", "MRF_1997": "282.00", "NMRF_1997": "198.00", "ATRF_1997": "480.00", "MRF_1998": "109.00", "NMRF_1998": "77.00", "ATRF_1998": "186.00", "MRF_1999": "68.00", "NMRF_1999": "68.50", "ATRF_1999": "136.50", "MRF_2000": "138.00", "NMRF_2000": "0.00", "ATRF_2000": "138.00", "MRF_2001": "250.00", "NMRF_2001": "81.00", "ATRF_2001": "331.00", "MRF_2002": "26.00", "NMRF_2002": "42.00", "ATRF_2002": "68.00", "MRF_2003": "178.00", "NMRF_2003": "23.00", "ATRF_2003": "201.00", "MRF_2004": "90.00", "NMRF_2004": "124.00", "ATRF_2004": "214.00", "MRF_2005": "94.00", "NMRF_2005": "113.00", "ATRF_2005": "207.00", "MRF_2006": "96.00", "NMRF_2006": "109.00", "ATRF_2006": "205.00", "MRF_2007": "154.00", "NMRF_2007": "88.00", "ATRF_2007": "242.00", "MRF_2008": "321.00", "NMRF_2008": "30.00", "ATRF_2008": "351.00", "MRF_2009": "126.00", "NMRF_2009": "50.00", "ATRF_2009": "176.00", "MRF_2010": "406.00", "NMRF_2010": "28.00", "ATRF_2010": "434.00", "AGENCY": "RGWD", "ORIG_FID": "216" }, "geometry": { "type": "Point", "coordinates": [ 73.75, 29.3166667 ] } },
{ "type": "Feature", "properties": { "RAINGAUGE": "TALERA", "DISTRICT": "BUNDI", "LONGITUDE": "75:44:00.000", "LATITUDE": "25:19:00.000", "COUNT": "50.00", "MRF_1984": "548.40", "NMRF_1984": "0.00", "ATRF_1984": "548.40", "MRF_1985": "403.50", "NMRF_1985": "116.00", "ATRF_1985": "519.50", "MRF_1986": "613.20", "NMRF_1986": "42.00", "ATRF_1986": "655.20", "MRF_1987": "493.00", "NMRF_1987": "76.00", "ATRF_1987": "569.00", "MRF_1988": "428.00", "NMRF_1988": "32.00", "ATRF_1988": "460.00", "MRF_1989": "476.00", "NMRF_1989": "0.00", "ATRF_1989": "476.00", "MRF_1990": "1316.00", "NMRF_1990": "5.00", "ATRF_1990": "1321.00", "MRF_1991": "152.20", "NMRF_1991": "0.00", "ATRF_1991": "152.20", "MRF_1992": "523.60", "NMRF_1992": "72.20", "ATRF_1992": "595.80", "MRF_1993": "395.20", "NMRF_1993": "14.80", "ATRF_1993": "410.00", "MRF_1994": "637.20", "NMRF_1994": "16.40", "ATRF_1994": "653.60", "MRF_1995": "Not Available", "NMRF_1995": "Not Available", "ATRF_1995": "Not Available", "MRF_1996": "Not Available", "NMRF_1996": "Not Available", "ATRF_1996": "Not Available", "MRF_1997": "747.00", "NMRF_1997": "152.00", "ATRF_1997": "899.00", "MRF_1998": "401.80", "NMRF_1998": "43.00", "ATRF_1998": "444.80", "MRF_1999": "617.00", "NMRF_1999": "5.00", "ATRF_1999": "622.00", "MRF_2000": "355.00", "NMRF_2000": "47.00", "ATRF_2000": "402.00", "MRF_2001": "909.40", "NMRF_2001": "81.20", "ATRF_2001": "990.60", "MRF_2002": "239.00", "NMRF_2002": "30.00", "ATRF_2002": "269.00", "MRF_2003": "544.00", "NMRF_2003": "37.00", "ATRF_2003": "581.00", "MRF_2004": "532.00", "NMRF_2004": "12.00", "ATRF_2004": "544.00", "MRF_2005": "588.00", "NMRF_2005": "18.00", "ATRF_2005": "606.00", "MRF_2006": "762.00", "NMRF_2006": "28.00", "ATRF_2006": "790.00", "MRF_2007": "558.00", "NMRF_2007": "34.00", "ATRF_2007": "592.00", "MRF_2008": "518.50", "NMRF_2008": "16.00", "ATRF_2008": "534.50", "MRF_2009": "Not Available", "NMRF_2009": "Not Available", "ATRF_2009": "Not Available", "MRF_2010": "595.00", "NMRF_2010": "137.00", "ATRF_2010": "732.00", "AGENCY": "RGWD", "ORIG_FID": "217" }, "geometry": { "type": "Point", "coordinates": [ 75.7333333, 25.3166667 ] } },
{ "type": "Feature", "properties": { "RAINGAUGE": "TAPUKARA", "DISTRICT": "ALWAR", "LONGITUDE": "76:51:00.000", "LATITUDE": "28:03:00.000", "COUNT": "48.00", "MRF_1984": "603.00", "NMRF_1984": "9.20", "ATRF_1984": "612.20", "MRF_1985": "1037.80", "NMRF_1985": "299.30", "ATRF_1985": "1337.10", "MRF_1986": "387.00", "NMRF_1986": "145.00", "ATRF_1986": "532.00", "MRF_1987": "347.00", "NMRF_1987": "118.00", "ATRF_1987": "465.00", "MRF_1988": "818.00", "NMRF_1988": "71.00", "ATRF_1988": "889.00", "MRF_1989": "513.00", "NMRF_1989": "0.00", "ATRF_1989": "513.00", "MRF_1990": "772.00", "NMRF_1990": "179.00", "ATRF_1990": "951.00", "MRF_1991": "487.00", "NMRF_1991": "64.00", "ATRF_1991": "551.00", "MRF_1992": "375.50", "NMRF_1992": "123.00", "ATRF_1992": "498.50", "MRF_1993": "611.70", "NMRF_1993": "46.00", "ATRF_1993": "657.70", "MRF_1994": "514.00", "NMRF_1994": "56.00", "ATRF_1994": "570.00", "MRF_1995": "1107.00", "NMRF_1995": "75.00", "ATRF_1995": "1182.00", "MRF_1996": "1043.00", "NMRF_1996": "55.00", "ATRF_1996": "1098.00", "MRF_1997": "366.00", "NMRF_1997": "139.00", "ATRF_1997": "505.00", "MRF_1998": "Not Available", "NMRF_1998": "Not Available", "ATRF_1998": "Not Available", "MRF_1999": "391.00", "NMRF_1999": "63.00", "ATRF_1999": "454.00", "MRF_2000": "289.00", "NMRF_2000": "8.00", "ATRF_2000": "297.00", "MRF_2001": "225.00", "NMRF_2001": "88.00", "ATRF_2001": "313.00", "MRF_2002": "121.00", "NMRF_2002": "128.00", "ATRF_2002": "249.00", "MRF_2003": "Not Available", "NMRF_2003": "Not Available", "ATRF_2003": "Not Available", "MRF_2004": "Not Available", "NMRF_2004": "Not Available", "ATRF_2004": "Not Available", "MRF_2005": "411.00", "NMRF_2005": "30.00", "ATRF_2005": "441.00", "MRF_2006": "318.00", "NMRF_2006": "45.00", "ATRF_2006": "363.00", "MRF_2007": "395.00", "NMRF_2007": "80.00", "ATRF_2007": "475.00", "MRF_2008": "415.00", "NMRF_2008": "112.00", "ATRF_2008": "527.00", "MRF_2009": "Not Available", "NMRF_2009": "Not Available", "ATRF_2009": "Not Available", "MRF_2010": "495.00", "NMRF_2010": "Not Availab", "ATRF_2010": "495.00", "AGENCY": "RGWD", "ORIG_FID": "218" }, "geometry": { "type": "Point", "coordinates": [ 76.85, 28.05 ] } },
{ "type": "Feature", "properties": { "RAINGAUGE": "TARANAGAR", "DISTRICT": "CHURU", "LONGITUDE": "75:02:00.000", "LATITUDE": "28:40:00.000", "COUNT": "44.00", "MRF_1984": "Not Available", "NMRF_1984": "Not Available", "ATRF_1984": "Not Available", "MRF_1985": "Not Available", "NMRF_1985": "Not Available", "ATRF_1985": "Not Available", "MRF_1986": "Not Available", "NMRF_1986": "Not Available", "ATRF_1986": "Not Available", "MRF_1987": "Not Available", "NMRF_1987": "Not Available", "ATRF_1987": "Not Available", "MRF_1988": "Not Available", "NMRF_1988": "Not Available", "ATRF_1988": "Not Available", "MRF_1989": "Not Available", "NMRF_1989": "Not Available", "ATRF_1989": "Not Available", "MRF_1990": "Not Available", "NMRF_1990": "Not Available", "ATRF_1990": "Not Available", "MRF_1991": "Not Available", "NMRF_1991": "Not Available", "ATRF_1991": "Not Available", "MRF_1992": "Not Available", "NMRF_1992": "Not Available", "ATRF_1992": "Not Available", "MRF_1993": "Not Available", "NMRF_1993": "Not Available", "ATRF_1993": "Not Available", "MRF_1994": "547.00", "NMRF_1994": "30.00", "ATRF_1994": "577.00", "MRF_1995": "399.00", "NMRF_1995": "88.00", "ATRF_1995": "487.00", "MRF_1996": "Not Available", "NMRF_1996": "Not Available", "ATRF_1996": "Not Available", "MRF_1997": "415.00", "NMRF_1997": "208.00", "ATRF_1997": "623.00", "MRF_1998": "326.00", "NMRF_1998": "187.00", "ATRF_1998": "513.00", "MRF_1999": "220.00", "NMRF_1999": "36.00", "ATRF_1999": "256.00", "MRF_2000": "127.00", "NMRF_2000": "0.00", "ATRF_2000": "127.00", "MRF_2001": "353.00", "NMRF_2001": "76.00", "ATRF_2001": "429.00", "MRF_2002": "99.00", "NMRF_2002": "58.00", "ATRF_2002": "157.00", "MRF_2003": "358.00", "NMRF_2003": "5.00", "ATRF_2003": "363.00", "MRF_2004": "209.00", "NMRF_2004": "93.00", "ATRF_2004": "302.00", "MRF_2005": "221.00", "NMRF_2005": "91.00", "ATRF_2005": "312.00", "MRF_2006": "265.00", "NMRF_2006": "79.00", "ATRF_2006": "344.00", "MRF_2007": "349.00", "NMRF_2007": "325.00", "ATRF_2007": "674.00", "MRF_2008": "416.00", "NMRF_2008": "108.00", "ATRF_2008": "524.00", "MRF_2009": "Not Available", "NMRF_2009": "Not Available", "ATRF_2009": "Not Available", "MRF_2010": "780.00", "NMRF_2010": "22.00", "ATRF_2010": "802.00", "AGENCY": "RGWD", "ORIG_FID": "219" }, "geometry": { "type": "Point", "coordinates": [ 75.0333333, 28.6666667 ] } },
{ "type": "Feature", "properties": { "RAINGAUGE": "THANAGAJI", "DISTRICT": "ALWAR", "LONGITUDE": "76:19:00.000", "LATITUDE": "27:24:00.000", "COUNT": "59.00", "MRF_1984": "703.00", "NMRF_1984": "0.00", "ATRF_1984": "703.00", "MRF_1985": "655.20", "NMRF_1985": "76.00", "ATRF_1985": "731.20", "MRF_1986": "376.00", "NMRF_1986": "14.00", "ATRF_1986": "390.00", "MRF_1987": "331.00", "NMRF_1987": "120.00", "ATRF_1987": "451.00", "MRF_1988": "510.00", "NMRF_1988": "51.00", "ATRF_1988": "561.00", "MRF_1989": "418.00", "NMRF_1989": "6.00", "ATRF_1989": "424.00", "MRF_1990": "570.00", "NMRF_1990": "161.00", "ATRF_1990": "731.00", "MRF_1991": "279.00", "NMRF_1991": "51.00", "ATRF_1991": "330.00", "MRF_1992": "621.80", "NMRF_1992": "236.20", "ATRF_1992": "858.00", "MRF_1993": "845.00", "NMRF_1993": "73.00", "ATRF_1993": "918.00", "MRF_1994": "797.00", "NMRF_1994": "112.00", "ATRF_1994": "909.00", "MRF_1995": "1016.00", "NMRF_1995": "86.00", "ATRF_1995": "1102.00", "MRF_1996": "1190.00", "NMRF_1996": "82.00", "ATRF_1996": "1272.00", "MRF_1997": "810.00", "NMRF_1997": "313.00", "ATRF_1997": "1123.00", "MRF_1998": "711.00", "NMRF_1998": "96.00", "ATRF_1998": "807.00", "MRF_1999": "631.00", "NMRF_1999": "49.00", "ATRF_1999": "680.00", "MRF_2000": "499.00", "NMRF_2000": "66.00", "ATRF_2000": "565.00", "MRF_2001": "334.00", "NMRF_2001": "244.00", "ATRF_2001": "578.00", "MRF_2002": "119.00", "NMRF_2002": "60.00", "ATRF_2002": "179.00", "MRF_2003": "853.00", "NMRF_2003": "56.00", "ATRF_2003": "909.00", "MRF_2004": "444.00", "NMRF_2004": "112.00", "ATRF_2004": "556.00", "MRF_2005": "807.00", "NMRF_2005": "45.00", "ATRF_2005": "852.00", "MRF_2006": "522.00", "NMRF_2006": "100.00", "ATRF_2006": "622.00", "MRF_2007": "579.00", "NMRF_2007": "106.00", "ATRF_2007": "685.00", "MRF_2008": "1060.00", "NMRF_2008": "165.00", "ATRF_2008": "1225.00", "MRF_2009": "445.00", "NMRF_2009": "84.00", "ATRF_2009": "529.00", "MRF_2010": "832.00", "NMRF_2010": "70.00", "ATRF_2010": "902.00", "AGENCY": "RGWD", "ORIG_FID": "220" }, "geometry": { "type": "Point", "coordinates": [ 76.3166667, 27.4 ] } },
{ "type": "Feature", "properties": { "RAINGAUGE": "TIJARA", "DISTRICT": "ALWAR", "LONGITUDE": "76:51:09.013", "LATITUDE": "27:56:53.484", "COUNT": "59.00", "MRF_1984": "465.70", "NMRF_1984": "0.00", "ATRF_1984": "465.70", "MRF_1985": "545.00", "NMRF_1985": "157.80", "ATRF_1985": "702.80", "MRF_1986": "188.20", "NMRF_1986": "75.70", "ATRF_1986": "263.90", "MRF_1987": "105.00", "NMRF_1987": "90.00", "ATRF_1987": "195.00", "MRF_1988": "717.80", "NMRF_1988": "60.00", "ATRF_1988": "777.80", "MRF_1989": "270.60", "NMRF_1989": "17.70", "ATRF_1989": "288.30", "MRF_1990": "583.00", "NMRF_1990": "138.00", "ATRF_1990": "721.00", "MRF_1991": "464.00", "NMRF_1991": "61.00", "ATRF_1991": "525.00", "MRF_1992": "516.50", "NMRF_1992": "193.00", "ATRF_1992": "709.50", "MRF_1993": "548.00", "NMRF_1993": "42.00", "ATRF_1993": "590.00", "MRF_1994": "603.50", "NMRF_1994": "41.50", "ATRF_1994": "645.00", "MRF_1995": "900.00", "NMRF_1995": "95.00", "ATRF_1995": "995.00", "MRF_1996": "1068.00", "NMRF_1996": "51.00", "ATRF_1996": "1119.00", "MRF_1997": "464.00", "NMRF_1997": "112.00", "ATRF_1997": "576.00", "MRF_1998": "750.00", "NMRF_1998": "43.00", "ATRF_1998": "793.00", "MRF_1999": "386.00", "NMRF_1999": "45.00", "ATRF_1999": "431.00", "MRF_2000": "289.00", "NMRF_2000": "36.40", "ATRF_2000": "325.40", "MRF_2001": "376.00", "NMRF_2001": "151.00", "ATRF_2001": "527.00", "MRF_2002": "166.00", "NMRF_2002": "79.00", "ATRF_2002": "245.00", "MRF_2003": "723.00", "NMRF_2003": "87.00", "ATRF_2003": "810.00", "MRF_2004": "453.00", "NMRF_2004": "151.00", "ATRF_2004": "604.00", "MRF_2005": "593.00", "NMRF_2005": "72.00", "ATRF_2005": "665.00", "MRF_2006": "420.00", "NMRF_2006": "61.50", "ATRF_2006": "481.50", "MRF_2007": "374.00", "NMRF_2007": "80.00", "ATRF_2007": "454.00", "MRF_2008": "561.00", "NMRF_2008": "151.00", "ATRF_2008": "712.00", "MRF_2009": "545.00", "NMRF_2009": "29.00", "ATRF_2009": "574.00", "MRF_2010": "618.00", "NMRF_2010": "61.00", "ATRF_2010": "679.00", "AGENCY": "RGWD", "ORIG_FID": "221" }, "geometry": { "type": "Point", "coordinates": [ 76.8525036, 27.94819 ] } },
{ "type": "Feature", "properties": { "RAINGAUGE": "TODABHIM", "DISTRICT": "KARAULI", "LONGITUDE": "76:49:38.818", "LATITUDE": "26:55:44.599", "COUNT": "59.00", "MRF_1984": "537.00", "NMRF_1984": "0.00", "ATRF_1984": "537.00", "MRF_1985": "725.00", "NMRF_1985": "118.00", "ATRF_1985": "843.00", "MRF_1986": "211.00", "NMRF_1986": "83.00", "ATRF_1986": "294.00", "MRF_1987": "Not Available", "NMRF_1987": "Not Available", "ATRF_1987": "Not Available", "MRF_1988": "Not Available", "NMRF_1988": "Not Available", "ATRF_1988": "Not Available", "MRF_1989": "Not Available", "NMRF_1989": "Not Available", "ATRF_1989": "Not Available", "MRF_1990": "Not Available", "NMRF_1990": "Not Available", "ATRF_1990": "Not Available", "MRF_1991": "Not Available", "NMRF_1991": "Not Available", "ATRF_1991": "Not Available", "MRF_1992": "Not Available", "NMRF_1992": "Not Available", "ATRF_1992": "Not Available", "MRF_1993": "Not Available", "NMRF_1993": "Not Available", "ATRF_1993": "Not Available", "MRF_1994": "630.00", "NMRF_1994": "85.00", "ATRF_1994": "715.00", "MRF_1995": "943.00", "NMRF_1995": "1.00", "ATRF_1995": "944.00", "MRF_1996": "778.00", "NMRF_1996": "81.00", "ATRF_1996": "859.00", "MRF_1997": "487.00", "NMRF_1997": "159.00", "ATRF_1997": "646.00", "MRF_1998": "856.00", "NMRF_1998": "51.00", "ATRF_1998": "907.00", "MRF_1999": "419.00", "NMRF_1999": "56.00", "ATRF_1999": "475.00", "MRF_2000": "388.70", "NMRF_2000": "13.00", "ATRF_2000": "401.70", "MRF_2001": "440.00", "NMRF_2001": "82.00", "ATRF_2001": "522.00", "MRF_2002": "113.00", "NMRF_2002": "50.00", "ATRF_2002": "163.00", "MRF_2003": "710.60", "NMRF_2003": "30.00", "ATRF_2003": "740.60", "MRF_2004": "215.80", "NMRF_2004": "66.00", "ATRF_2004": "281.80", "MRF_2005": "577.00", "NMRF_2005": "45.00", "ATRF_2005": "622.00", "MRF_2006": "355.00", "NMRF_2006": "27.00", "ATRF_2006": "382.00", "MRF_2007": "389.00", "NMRF_2007": "155.00", "ATRF_2007": "544.00", "MRF_2008": "889.00", "NMRF_2008": "62.00", "ATRF_2008": "951.00", "MRF_2009": "256.00", "NMRF_2009": "174.00", "ATRF_2009": "430.00", "MRF_2010": "Not Available", "NMRF_2010": "Not Available", "ATRF_2010": "Not Available", "AGENCY": "RGWD", "ORIG_FID": "222" }, "geometry": { "type": "Point", "coordinates": [ 76.8274494, 26.9290553 ] } },
{ "type": "Feature", "properties": { "RAINGAUGE": "TODARAISINGH", "DISTRICT": "TONK", "LONGITUDE": "75:29:00.000", "LATITUDE": "26:02:00.000", "COUNT": "58.00", "MRF_1984": "446.00", "NMRF_1984": "0.00", "ATRF_1984": "446.00", "MRF_1985": "319.00", "NMRF_1985": "140.00", "ATRF_1985": "459.00", "MRF_1986": "570.00", "NMRF_1986": "56.20", "ATRF_1986": "626.20", "MRF_1987": "258.00", "NMRF_1987": "23.00", "ATRF_1987": "281.00", "MRF_1988": "667.00", "NMRF_1988": "14.00", "ATRF_1988": "681.00", "MRF_1989": "660.00", "NMRF_1989": "0.00", "ATRF_1989": "660.00", "MRF_1990": "571.00", "NMRF_1990": "70.00", "ATRF_1990": "641.00", "MRF_1991": "696.00", "NMRF_1991": "30.00", "ATRF_1991": "726.00", "MRF_1992": "677.00", "NMRF_1992": "33.00", "ATRF_1992": "710.00", "MRF_1993": "413.00", "NMRF_1993": "25.00", "ATRF_1993": "438.00", "MRF_1994": "902.00", "NMRF_1994": "0.00", "ATRF_1994": "902.00", "MRF_1995": "594.00", "NMRF_1995": "91.00", "ATRF_1995": "685.00", "MRF_1996": "1003.20", "NMRF_1996": "12.00", "ATRF_1996": "1015.20", "MRF_1997": "865.00", "NMRF_1997": "92.00", "ATRF_1997": "957.00", "MRF_1998": "468.00", "NMRF_1998": "13.00", "ATRF_1998": "481.00", "MRF_1999": "953.50", "NMRF_1999": "3.50", "ATRF_1999": "957.00", "MRF_2000": "554.00", "NMRF_2000": "41.00", "ATRF_2000": "595.00", "MRF_2001": "485.00", "NMRF_2001": "101.00", "ATRF_2001": "586.00", "MRF_2002": "200.00", "NMRF_2002": "36.00", "ATRF_2002": "236.00", "MRF_2003": "595.00", "NMRF_2003": "61.00", "ATRF_2003": "656.00", "MRF_2004": "962.00", "NMRF_2004": "16.00", "ATRF_2004": "978.00", "MRF_2005": "630.00", "NMRF_2005": "16.00", "ATRF_2005": "646.00", "MRF_2006": "360.00", "NMRF_2006": "9.00", "ATRF_2006": "369.00", "MRF_2007": "473.00", "NMRF_2007": "16.00", "ATRF_2007": "489.00", "MRF_2008": "656.00", "NMRF_2008": "22.00", "ATRF_2008": "678.00", "MRF_2009": "192.00", "NMRF_2009": "18.00", "ATRF_2009": "210.00", "MRF_2010": "422.00", "NMRF_2010": "180.00", "ATRF_2010": "602.00", "AGENCY": "RGWD", "ORIG_FID": "223" }, "geometry": { "type": "Point", "coordinates": [ 75.4833333, 26.0333333 ] } },
{ "type": "Feature", "properties": { "RAINGAUGE": "TONK", "DISTRICT": "TONK", "LONGITUDE": "75:48:00.000", "LATITUDE": "26:10:00.000", "COUNT": "58.00", "MRF_1984": "420.70", "NMRF_1984": "0.00", "ATRF_1984": "420.70", "MRF_1985": "296.10", "NMRF_1985": "142.80", "ATRF_1985": "438.90", "MRF_1986": "492.00", "NMRF_1986": "13.00", "ATRF_1986": "505.00", "MRF_1987": "231.50", "NMRF_1987": "22.00", "ATRF_1987": "253.50", "MRF_1988": "544.30", "NMRF_1988": "5.20", "ATRF_1988": "549.50", "MRF_1989": "372.80", "NMRF_1989": "0.00", "ATRF_1989": "372.80", "MRF_1990": "582.90", "NMRF_1990": "26.60", "ATRF_1990": "609.50", "MRF_1991": "404.20", "NMRF_1991": "25.00", "ATRF_1991": "429.20", "MRF_1992": "561.80", "NMRF_1992": "32.40", "ATRF_1992": "594.20", "MRF_1993": "586.90", "NMRF_1993": "15.00", "ATRF_1993": "601.90", "MRF_1994": "502.00", "NMRF_1994": "0.00", "ATRF_1994": "502.00", "MRF_1995": "892.00", "NMRF_1995": "41.00", "ATRF_1995": "933.00", "MRF_1996": "1043.40", "NMRF_1996": "34.60", "ATRF_1996": "1078.00", "MRF_1997": "492.10", "NMRF_1997": "174.40", "ATRF_1997": "666.50", "MRF_1998": "537.80", "NMRF_1998": "19.40", "ATRF_1998": "557.20", "MRF_1999": "725.40", "NMRF_1999": "14.00", "ATRF_1999": "739.40", "MRF_2000": "342.30", "NMRF_2000": "37.70", "ATRF_2000": "380.00", "MRF_2001": "591.50", "NMRF_2001": "92.90", "ATRF_2001": "684.40", "MRF_2002": "171.30", "NMRF_2002": "49.00", "ATRF_2002": "220.30", "MRF_2003": "764.90", "NMRF_2003": "51.30", "ATRF_2003": "816.20", "MRF_2004": "629.00", "NMRF_2004": "78.00", "ATRF_2004": "707.00", "MRF_2005": "392.50", "NMRF_2005": "65.30", "ATRF_2005": "457.80", "MRF_2006": "521.00", "NMRF_2006": "42.50", "ATRF_2006": "563.50", "MRF_2007": "518.10", "NMRF_2007": "27.90", "ATRF_2007": "546.00", "MRF_2008": "486.00", "NMRF_2008": "32.00", "ATRF_2008": "518.00", "MRF_2009": "268.00", "NMRF_2009": "111.00", "ATRF_2009": "379.00", "MRF_2010": "870.00", "NMRF_2010": "141.00", "ATRF_2010": "1011.00", "AGENCY": "RGWD", "ORIG_FID": "224" }, "geometry": { "type": "Point", "coordinates": [ 75.8, 26.1666667 ] } },
{ "type": "Feature", "properties": { "RAINGAUGE": "UDAIPURWATI", "DISTRICT": "JHUNJHUNU", "LONGITUDE": "75:29:01.946", "LATITUDE": "27:44:01.177", "COUNT": "59.00", "MRF_1984": "452.60", "NMRF_1984": "0.00", "ATRF_1984": "452.60", "MRF_1985": "523.40", "NMRF_1985": "73.00", "ATRF_1985": "596.40", "MRF_1986": "240.00", "NMRF_1986": "120.00", "ATRF_1986": "360.00", "MRF_1987": "150.00", "NMRF_1987": "130.00", "ATRF_1987": "280.00", "MRF_1988": "604.00", "NMRF_1988": "24.00", "ATRF_1988": "628.00", "MRF_1989": "299.00", "NMRF_1989": "17.00", "ATRF_1989": "316.00", "MRF_1990": "380.00", "NMRF_1990": "126.00", "ATRF_1990": "506.00", "MRF_1991": "318.50", "NMRF_1991": "56.00", "ATRF_1991": "374.50", "MRF_1992": "527.00", "NMRF_1992": "72.00", "ATRF_1992": "599.00", "MRF_1993": "681.00", "NMRF_1993": "7.00", "ATRF_1993": "688.00", "MRF_1994": "493.00", "NMRF_1994": "34.00", "ATRF_1994": "527.00", "MRF_1995": "942.00", "NMRF_1995": "68.00", "ATRF_1995": "1010.00", "MRF_1996": "1179.00", "NMRF_1996": "64.00", "ATRF_1996": "1243.00", "MRF_1997": "483.00", "NMRF_1997": "332.00", "ATRF_1997": "815.00", "MRF_1998": "467.00", "NMRF_1998": "97.00", "ATRF_1998": "564.00", "MRF_1999": "287.00", "NMRF_1999": "31.00", "ATRF_1999": "318.00", "MRF_2000": "298.00", "NMRF_2000": "22.00", "ATRF_2000": "320.00", "MRF_2001": "295.00", "NMRF_2001": "74.00", "ATRF_2001": "369.00", "MRF_2002": "145.00", "NMRF_2002": "66.00", "ATRF_2002": "211.00", "MRF_2003": "581.00", "NMRF_2003": "68.00", "ATRF_2003": "649.00", "MRF_2004": "329.00", "NMRF_2004": "75.00", "ATRF_2004": "404.00", "MRF_2005": "582.00", "NMRF_2005": "51.00", "ATRF_2005": "633.00", "MRF_2006": "290.00", "NMRF_2006": "117.00", "ATRF_2006": "407.00", "MRF_2007": "422.00", "NMRF_2007": "107.00", "ATRF_2007": "529.00", "MRF_2008": "495.00", "NMRF_2008": "100.00", "ATRF_2008": "595.00", "MRF_2009": "160.00", "NMRF_2009": "37.00", "ATRF_2009": "197.00", "MRF_2010": "748.00", "NMRF_2010": "65.00", "ATRF_2010": "813.00", "AGENCY": "RGWD", "ORIG_FID": "225" }, "geometry": { "type": "Point", "coordinates": [ 75.4838739, 27.7336603 ] } },
{ "type": "Feature", "properties": { "RAINGAUGE": "UNIARA", "DISTRICT": "TONK", "LONGITUDE": "76:01:34.160", "LATITUDE": "25:55:17.600", "COUNT": "54.00", "MRF_1984": "283.20", "NMRF_1984": "0.00", "ATRF_1984": "283.20", "MRF_1985": "308.50", "NMRF_1985": "118.70", "ATRF_1985": "427.20", "MRF_1986": "665.50", "NMRF_1986": "6.00", "ATRF_1986": "671.50", "MRF_1987": "300.40", "NMRF_1987": "82.10", "ATRF_1987": "382.50", "MRF_1988": "570.30", "NMRF_1988": "2.20", "ATRF_1988": "572.50", "MRF_1989": "462.50", "NMRF_1989": "0.00", "ATRF_1989": "462.50", "MRF_1990": "671.10", "NMRF_1990": "28.60", "ATRF_1990": "699.70", "MRF_1991": "718.30", "NMRF_1991": "0.00", "ATRF_1991": "718.30", "MRF_1992": "537.00", "NMRF_1992": "81.00", "ATRF_1992": "618.00", "MRF_1993": "465.00", "NMRF_1993": "44.00", "ATRF_1993": "509.00", "MRF_1994": "699.00", "NMRF_1994": "0.00", "ATRF_1994": "699.00", "MRF_1995": "681.50", "NMRF_1995": "37.00", "ATRF_1995": "718.50", "MRF_1996": "668.00", "NMRF_1996": "30.40", "ATRF_1996": "698.40", "MRF_1997": "514.50", "NMRF_1997": "101.50", "ATRF_1997": "616.00", "MRF_1998": "551.00", "NMRF_1998": "70.00", "ATRF_1998": "621.00", "MRF_1999": "623.00", "NMRF_1999": "58.00", "ATRF_1999": "681.00", "MRF_2000": "489.00", "NMRF_2000": "47.00", "ATRF_2000": "536.00", "MRF_2001": "710.00", "NMRF_2001": "85.00", "ATRF_2001": "795.00", "MRF_2002": "218.00", "NMRF_2002": "52.00", "ATRF_2002": "270.00", "MRF_2003": "590.00", "NMRF_2003": "30.00", "ATRF_2003": "620.00", "MRF_2004": "510.00", "NMRF_2004": "87.00", "ATRF_2004": "597.00", "MRF_2005": "506.00", "NMRF_2005": "27.00", "ATRF_2005": "533.00", "MRF_2006": "340.00", "NMRF_2006": "13.00", "ATRF_2006": "353.00", "MRF_2007": "491.00", "NMRF_2007": "21.50", "ATRF_2007": "512.50", "MRF_2008": "703.00", "NMRF_2008": "0.00", "ATRF_2008": "703.00", "MRF_2009": "285.00", "NMRF_2009": "39.00", "ATRF_2009": "324.00", "MRF_2010": "Not Available", "NMRF_2010": "Not Available", "ATRF_2010": "Not Available", "AGENCY": "RGWD", "ORIG_FID": "226" }, "geometry": { "type": "Point", "coordinates": [ 76.0261556, 25.9215556 ] } },
{ "type": "Feature", "properties": { "RAINGAUGE": "VALLABH NAGAR", "DISTRICT": "UDAIPUR", "LONGITUDE": "74:00:00.000", "LATITUDE": "24:52:00.000", "COUNT": "57.00", "MRF_1984": "511.00", "NMRF_1984": "0.00", "ATRF_1984": "511.00", "MRF_1985": "375.00", "NMRF_1985": "83.00", "ATRF_1985": "458.00", "MRF_1986": "454.00", "NMRF_1986": "44.00", "ATRF_1986": "498.00", "MRF_1987": "266.00", "NMRF_1987": "53.00", "ATRF_1987": "319.00", "MRF_1988": "652.00", "NMRF_1988": "28.00", "ATRF_1988": "680.00", "MRF_1989": "644.00", "NMRF_1989": "5.00", "ATRF_1989": "649.00", "MRF_1990": "680.00", "NMRF_1990": "29.00", "ATRF_1990": "709.00", "MRF_1991": "659.00", "NMRF_1991": "5.00", "ATRF_1991": "664.00", "MRF_1992": "344.00", "NMRF_1992": "53.00", "ATRF_1992": "397.00", "MRF_1993": "449.00", "NMRF_1993": "34.00", "ATRF_1993": "483.00", "MRF_1994": "870.00", "NMRF_1994": "8.00", "ATRF_1994": "878.00", "MRF_1995": "381.00", "NMRF_1995": "116.00", "ATRF_1995": "497.00", "MRF_1996": "437.00", "NMRF_1996": "0.00", "ATRF_1996": "437.00", "MRF_1997": "491.00", "NMRF_1997": "72.00", "ATRF_1997": "563.00", "MRF_1998": "455.00", "NMRF_1998": "116.00", "ATRF_1998": "571.00", "MRF_1999": "392.00", "NMRF_1999": "16.00", "ATRF_1999": "408.00", "MRF_2000": "225.00", "NMRF_2000": "32.00", "ATRF_2000": "257.00", "MRF_2001": "658.00", "NMRF_2001": "15.00", "ATRF_2001": "673.00", "MRF_2002": "394.00", "NMRF_2002": "19.00", "ATRF_2002": "413.00", "MRF_2003": "420.00", "NMRF_2003": "33.00", "ATRF_2003": "453.00", "MRF_2004": "618.00", "NMRF_2004": "12.00", "ATRF_2004": "630.00", "MRF_2005": "631.00", "NMRF_2005": "27.00", "ATRF_2005": "658.00", "MRF_2006": "1155.00", "NMRF_2006": "8.00", "ATRF_2006": "1163.00", "MRF_2007": "528.00", "NMRF_2007": "0.00", "ATRF_2007": "528.00", "MRF_2008": "460.00", "NMRF_2008": "17.00", "ATRF_2008": "477.00", "MRF_2009": "609.00", "NMRF_2009": "18.00", "ATRF_2009": "627.00", "MRF_2010": "939.00", "NMRF_2010": "116.00", "ATRF_2010": "1055.00", "AGENCY": "RGWD", "ORIG_FID": "227" }, "geometry": { "type": "Point", "coordinates": [ 74.0, 24.8666667 ] } },
{ "type": "Feature", "properties": { "RAINGAUGE": "WEIR", "DISTRICT": "BHARATPUR", "LONGITUDE": "77:10:00.000", "LATITUDE": "27:01:00.000", "COUNT": "57.00", "MRF_1984": "298.50", "NMRF_1984": "0.00", "ATRF_1984": "298.50", "MRF_1985": "267.70", "NMRF_1985": "73.50", "ATRF_1985": "341.20", "MRF_1986": "121.00", "NMRF_1986": "62.00", "ATRF_1986": "183.00", "MRF_1987": "224.00", "NMRF_1987": "31.00", "ATRF_1987": "255.00", "MRF_1988": "438.00", "NMRF_1988": "7.00", "ATRF_1988": "445.00", "MRF_1989": "337.00", "NMRF_1989": "0.00", "ATRF_1989": "337.00", "MRF_1990": "490.50", "NMRF_1990": "4.00", "ATRF_1990": "494.50", "MRF_1991": "299.00", "NMRF_1991": "35.00", "ATRF_1991": "334.00", "MRF_1992": "564.50", "NMRF_1992": "112.00", "ATRF_1992": "676.50", "MRF_1993": "500.00", "NMRF_1993": "45.00", "ATRF_1993": "545.00", "MRF_1994": "712.00", "NMRF_1994": "7.00", "ATRF_1994": "719.00", "MRF_1995": "926.00", "NMRF_1995": "0.00", "ATRF_1995": "926.00", "MRF_1996": "1135.00", "NMRF_1996": "105.00", "ATRF_1996": "1240.00", "MRF_1997": "422.00", "NMRF_1997": "95.00", "ATRF_1997": "517.00", "MRF_1998": "628.00", "NMRF_1998": "5.00", "ATRF_1998": "633.00", "MRF_1999": "627.00", "NMRF_1999": "38.00", "ATRF_1999": "665.00", "MRF_2000": "498.00", "NMRF_2000": "0.00", "ATRF_2000": "498.00", "MRF_2001": "626.00", "NMRF_2001": "151.00", "ATRF_2001": "777.00", "MRF_2002": "291.00", "NMRF_2002": "78.00", "ATRF_2002": "369.00", "MRF_2003": "698.00", "NMRF_2003": "61.00", "ATRF_2003": "759.00", "MRF_2004": "495.00", "NMRF_2004": "87.00", "ATRF_2004": "582.00", "MRF_2005": "607.00", "NMRF_2005": "47.00", "ATRF_2005": "654.00", "MRF_2006": "284.00", "NMRF_2006": "14.00", "ATRF_2006": "298.00", "MRF_2007": "390.00", "NMRF_2007": "66.00", "ATRF_2007": "456.00", "MRF_2008": "830.00", "NMRF_2008": "18.00", "ATRF_2008": "848.00", "MRF_2009": "542.00", "NMRF_2009": "84.00", "ATRF_2009": "626.00", "MRF_2010": "595.00", "NMRF_2010": "114.00", "ATRF_2010": "709.00", "AGENCY": "RGWD", "ORIG_FID": "228" }, "geometry": { "type": "Point", "coordinates": [ 77.1666667, 27.0166667 ] } },
{ "type": "Feature", "properties": { "RAINGAUGE": "AJMER", "DISTRICT": "AJMER", "LONGITUDE": "74:37:16.638", "LATITUDE": "26:26:58.105", "COUNT": "20.00", "MRF_1984": "Not Available", "NMRF_1984": "Not Available", "ATRF_1984": "Not Available", "MRF_1985": "Not Available", "NMRF_1985": "Not Available", "ATRF_1985": "Not Available", "MRF_1986": "Not Available", "NMRF_1986": "Not Available", "ATRF_1986": "Not Available", "MRF_1987": "Not Available", "NMRF_1987": "Not Available", "ATRF_1987": "Not Available", "MRF_1988": "Not Available", "NMRF_1988": "Not Available", "ATRF_1988": "Not Available", "MRF_1989": "Not Available", "NMRF_1989": "Not Available", "ATRF_1989": "Not Available", "MRF_1990": "Not Available", "NMRF_1990": "Not Available", "ATRF_1990": "Not Available", "MRF_1991": null, "NMRF_1991": null, "ATRF_1991": "468.60", "MRF_1992": null, "NMRF_1992": null, "ATRF_1992": "656.80", "MRF_1993": null, "NMRF_1993": null, "ATRF_1993": "562.10", "MRF_1994": null, "NMRF_1994": null, "ATRF_1994": "573.00", "MRF_1995": null, "NMRF_1995": null, "ATRF_1995": "740.20", "MRF_1996": null, "NMRF_1996": null, "ATRF_1996": "769.40", "MRF_1997": null, "NMRF_1997": null, "ATRF_1997": "993.70", "MRF_1998": null, "NMRF_1998": null, "ATRF_1998": "605.10", "MRF_1999": null, "NMRF_1999": null, "ATRF_1999": "388.20", "MRF_2000": null, "NMRF_2000": null, "ATRF_2000": "328.00", "MRF_2001": null, "NMRF_2001": null, "ATRF_2001": "408.90", "MRF_2002": null, "NMRF_2002": null, "ATRF_2002": "260.50", "MRF_2003": null, "NMRF_2003": null, "ATRF_2003": "538.20", "MRF_2004": null, "NMRF_2004": null, "ATRF_2004": "377.40", "MRF_2005": null, "NMRF_2005": null, "ATRF_2005": "499.20", "MRF_2006": null, "NMRF_2006": null, "ATRF_2006": "417.40", "MRF_2007": null, "NMRF_2007": null, "ATRF_2007": "438.90", "MRF_2008": null, "NMRF_2008": null, "ATRF_2008": "733.50", "MRF_2009": null, "NMRF_2009": null, "ATRF_2009": "261.40", "MRF_2010": "550.60", "NMRF_2010": "102.80", "ATRF_2010": "653.40", "AGENCY": "CGWB", "ORIG_FID": "229" }, "geometry": { "type": "Point", "coordinates": [ 74.6212883, 26.4494736 ] } },
{ "type": "Feature", "properties": { "RAINGAUGE": "AKLERA", "DISTRICT": "JHALAWAR", "LONGITUDE": "76:34:07.701", "LATITUDE": "24:25:00.812", "COUNT": "27.00", "MRF_1984": null, "NMRF_1984": null, "ATRF_1984": "834.00", "MRF_1985": null, "NMRF_1985": null, "ATRF_1985": "1208.20", "MRF_1986": null, "NMRF_1986": null, "ATRF_1986": "1058.40", "MRF_1987": null, "NMRF_1987": null, "ATRF_1987": "1112.00", "MRF_1988": null, "NMRF_1988": null, "ATRF_1988": "774.10", "MRF_1989": null, "NMRF_1989": null, "ATRF_1989": "799.00", "MRF_1990": null, "NMRF_1990": null, "ATRF_1990": "1043.60", "MRF_1991": null, "NMRF_1991": null, "ATRF_1991": "776.00", "MRF_1992": null, "NMRF_1992": null, "ATRF_1992": "749.50", "MRF_1993": null, "NMRF_1993": null, "ATRF_1993": "1015.00", "MRF_1994": null, "NMRF_1994": null, "ATRF_1994": "987.70", "MRF_1995": null, "NMRF_1995": null, "ATRF_1995": "774.00", "MRF_1996": null, "NMRF_1996": null, "ATRF_1996": "1118.60", "MRF_1997": null, "NMRF_1997": null, "ATRF_1997": "1080.40", "MRF_1998": null, "NMRF_1998": null, "ATRF_1998": "760.00", "MRF_1999": null, "NMRF_1999": null, "ATRF_1999": "1082.00", "MRF_2000": null, "NMRF_2000": null, "ATRF_2000": "810.20", "MRF_2001": null, "NMRF_2001": null, "ATRF_2001": "988.00", "MRF_2002": null, "NMRF_2002": null, "ATRF_2002": "413.50", "MRF_2003": null, "NMRF_2003": null, "ATRF_2003": "766.00", "MRF_2004": null, "NMRF_2004": null, "ATRF_2004": "752.00", "MRF_2005": null, "NMRF_2005": null, "ATRF_2005": "664.00", "MRF_2006": null, "NMRF_2006": null, "ATRF_2006": "1258.10", "MRF_2007": null, "NMRF_2007": null, "ATRF_2007": "825.00", "MRF_2008": null, "NMRF_2008": null, "ATRF_2008": "680.00", "MRF_2009": null, "NMRF_2009": null, "ATRF_2009": "684.00", "MRF_2010": "617.00", "NMRF_2010": "49.00", "ATRF_2010": "666.00", "AGENCY": "CGWB", "ORIG_FID": "230" }, "geometry": { "type": "Point", "coordinates": [ 76.5688058, 24.4168922 ] } },
{ "type": "Feature", "properties": { "RAINGAUGE": "ALIGARH", "DISTRICT": "TONK", "LONGITUDE": "76:04:33.083", "LATITUDE": "25:58:16.904", "COUNT": "19.00", "MRF_1984": "Not Available", "NMRF_1984": "Not Available", "ATRF_1984": "Not Available", "MRF_1985": "Not Available", "NMRF_1985": "Not Available", "ATRF_1985": "Not Available", "MRF_1986": "Not Available", "NMRF_1986": "Not Available", "ATRF_1986": "Not Available", "MRF_1987": "Not Available", "NMRF_1987": "Not Available", "ATRF_1987": "Not Available", "MRF_1988": "Not Available", "NMRF_1988": "Not Available", "ATRF_1988": "Not Available", "MRF_1989": "Not Available", "NMRF_1989": "Not Available", "ATRF_1989": "Not Available", "MRF_1990": "Not Available", "NMRF_1990": "Not Available", "ATRF_1990": "Not Available", "MRF_1991": null, "NMRF_1991": null, "ATRF_1991": "727.80", "MRF_1992": null, "NMRF_1992": null, "ATRF_1992": "618.00", "MRF_1993": "Not Available", "NMRF_1993": "Not Available", "ATRF_1993": "Not Available", "MRF_1994": null, "NMRF_1994": null, "ATRF_1994": "685.00", "MRF_1995": null, "NMRF_1995": null, "ATRF_1995": "704.00", "MRF_1996": null, "NMRF_1996": null, "ATRF_1996": "698.40", "MRF_1997": null, "NMRF_1997": null, "ATRF_1997": "665.80", "MRF_1998": null, "NMRF_1998": null, "ATRF_1998": "641.00", "MRF_1999": null, "NMRF_1999": null, "ATRF_1999": "681.00", "MRF_2000": null, "NMRF_2000": null, "ATRF_2000": "536.00", "MRF_2001": null, "NMRF_2001": null, "ATRF_2001": "800.00", "MRF_2002": null, "NMRF_2002": null, "ATRF_2002": "270.00", "MRF_2003": null, "NMRF_2003": null, "ATRF_2003": "620.00", "MRF_2004": null, "NMRF_2004": null, "ATRF_2004": "597.00", "MRF_2005": null, "NMRF_2005": null, "ATRF_2005": "533.00", "MRF_2006": null, "NMRF_2006": null, "ATRF_2006": "369.00", "MRF_2007": null, "NMRF_2007": null, "ATRF_2007": "500.50", "MRF_2008": null, "NMRF_2008": null, "ATRF_2008": "937.00", "MRF_2009": null, "NMRF_2009": null, "ATRF_2009": "281.00", "MRF_2010": "478.00", "NMRF_2010": "84.00", "ATRF_2010": "562.00", "AGENCY": "CGWB", "ORIG_FID": "231" }, "geometry": { "type": "Point", "coordinates": [ 76.0758564, 25.9713622 ] } },
{ "type": "Feature", "properties": { "RAINGAUGE": "ARTHUNA", "DISTRICT": "BANSWARA", "LONGITUDE": "74:05:00.000", "LATITUDE": "23:30:00.000", "COUNT": "20.00", "MRF_1984": "Not Available", "NMRF_1984": "Not Available", "ATRF_1984": "Not Available", "MRF_1985": "Not Available", "NMRF_1985": "Not Available", "ATRF_1985": "Not Available", "MRF_1986": "Not Available", "NMRF_1986": "Not Available", "ATRF_1986": "Not Available", "MRF_1987": "Not Available", "NMRF_1987": "Not Available", "ATRF_1987": "Not Available", "MRF_1988": "Not Available", "NMRF_1988": "Not Available", "ATRF_1988": "Not Available", "MRF_1989": "Not Available", "NMRF_1989": "Not Available", "ATRF_1989": "Not Available", "MRF_1990": "Not Available", "NMRF_1990": "Not Available", "ATRF_1990": "Not Available", "MRF_1991": null, "NMRF_1991": null, "ATRF_1991": "768.00", "MRF_1992": null, "NMRF_1992": null, "ATRF_1992": "654.00", "MRF_1993": null, "NMRF_1993": null, "ATRF_1993": "624.00", "MRF_1994": null, "NMRF_1994": null, "ATRF_1994": "1303.00", "MRF_1995": null, "NMRF_1995": null, "ATRF_1995": "862.00", "MRF_1996": null, "NMRF_1996": null, "ATRF_1996": "1177.00", "MRF_1997": null, "NMRF_1997": null, "ATRF_1997": "1013.00", "MRF_1998": null, "NMRF_1998": null, "ATRF_1998": "980.00", "MRF_1999": null, "NMRF_1999": null, "ATRF_1999": "640.00", "MRF_2000": null, "NMRF_2000": null, "ATRF_2000": "521.00", "MRF_2001": null, "NMRF_2001": null, "ATRF_2001": "720.00", "MRF_2002": null, "NMRF_2002": null, "ATRF_2002": "494.00", "MRF_2003": null, "NMRF_2003": null, "ATRF_2003": "824.00", "MRF_2004": null, "NMRF_2004": null, "ATRF_2004": "1014.00", "MRF_2005": null, "NMRF_2005": null, "ATRF_2005": "698.00", "MRF_2006": null, "NMRF_2006": null, "ATRF_2006": "1450.00", "MRF_2007": null, "NMRF_2007": null, "ATRF_2007": "926.00", "MRF_2008": null, "NMRF_2008": null, "ATRF_2008": "485.00", "MRF_2009": null, "NMRF_2009": null, "ATRF_2009": "663.00", "MRF_2010": "589.00", "NMRF_2010": "8.00", "ATRF_2010": "597.00", "AGENCY": "CGWB", "ORIG_FID": "234" }, "geometry": { "type": "Point", "coordinates": [ 74.0833333, 23.5 ] } },
{ "type": "Feature", "properties": { "RAINGAUGE": "ASNAWAR", "DISTRICT": "JHALAWAR", "LONGITUDE": "76:20:23.698", "LATITUDE": "24:28:56.989", "COUNT": "20.00", "MRF_1984": "Not Available", "NMRF_1984": "Not Available", "ATRF_1984": "Not Available", "MRF_1985": "Not Available", "NMRF_1985": "Not Available", "ATRF_1985": "Not Available", "MRF_1986": "Not Available", "NMRF_1986": "Not Available", "ATRF_1986": "Not Available", "MRF_1987": "Not Available", "NMRF_1987": "Not Available", "ATRF_1987": "Not Available", "MRF_1988": "Not Available", "NMRF_1988": "Not Available", "ATRF_1988": "Not Available", "MRF_1989": "Not Available", "NMRF_1989": "Not Available", "ATRF_1989": "Not Available", "MRF_1990": "Not Available", "NMRF_1990": "Not Available", "ATRF_1990": "Not Available", "MRF_1991": null, "NMRF_1991": null, "ATRF_1991": "697.20", "MRF_1992": null, "NMRF_1992": null, "ATRF_1992": "937.60", "MRF_1993": null, "NMRF_1993": null, "ATRF_1993": "1146.70", "MRF_1994": null, "NMRF_1994": null, "ATRF_1994": "893.20", "MRF_1995": null, "NMRF_1995": null, "ATRF_1995": "730.70", "MRF_1996": null, "NMRF_1996": null, "ATRF_1996": "1216.80", "MRF_1997": null, "NMRF_1997": null, "ATRF_1997": "1384.80", "MRF_1998": null, "NMRF_1998": null, "ATRF_1998": "781.40", "MRF_1999": null, "NMRF_1999": null, "ATRF_1999": "1245.80", "MRF_2000": null, "NMRF_2000": null, "ATRF_2000": "716.00", "MRF_2001": null, "NMRF_2001": null, "ATRF_2001": "957.90", "MRF_2002": null, "NMRF_2002": null, "ATRF_2002": "546.00", "MRF_2003": null, "NMRF_2003": null, "ATRF_2003": "848.00", "MRF_2004": null, "NMRF_2004": null, "ATRF_2004": "956.00", "MRF_2005": null, "NMRF_2005": null, "ATRF_2005": "721.00", "MRF_2006": null, "NMRF_2006": null, "ATRF_2006": "1615.00", "MRF_2007": null, "NMRF_2007": null, "ATRF_2007": "701.50", "MRF_2008": null, "NMRF_2008": null, "ATRF_2008": "810.00", "MRF_2009": null, "NMRF_2009": null, "ATRF_2009": "625.10", "MRF_2010": "602.00", "NMRF_2010": "26.00", "ATRF_2010": "628.00", "AGENCY": "CGWB", "ORIG_FID": "235" }, "geometry": { "type": "Point", "coordinates": [ 76.3399161, 24.4824969 ] } },
{ "type": "Feature", "properties": { "RAINGAUGE": "BAHADURGARH", "DISTRICT": "ALWAR", "LONGITUDE": "76:47:13.859", "LATITUDE": "27:09:50.403", "COUNT": "8.00", "MRF_1984": "Not Available", "NMRF_1984": "Not Available", "ATRF_1984": "Not Available", "MRF_1985": "Not Available", "NMRF_1985": "Not Available", "ATRF_1985": "Not Available", "MRF_1986": "Not Available", "NMRF_1986": "Not Available", "ATRF_1986": "Not Available", "MRF_1987": "Not Available", "NMRF_1987": "Not Available", "ATRF_1987": "Not Available", "MRF_1988": "Not Available", "NMRF_1988": "Not Available", "ATRF_1988": "Not Available", "MRF_1989": "Not Available", "NMRF_1989": "Not Available", "ATRF_1989": "Not Available", "MRF_1990": "Not Available", "NMRF_1990": "Not Available", "ATRF_1990": "Not Available", "MRF_1991": "Not Available", "NMRF_1991": "Not Available", "ATRF_1991": "Not Available", "MRF_1992": "Not Available", "NMRF_1992": "Not Available", "ATRF_1992": "Not Available", "MRF_1993": "Not Available", "NMRF_1993": "Not Available", "ATRF_1993": "Not Available", "MRF_1994": "Not Available", "NMRF_1994": "Not Available", "ATRF_1994": "Not Available", "MRF_1995": "Not Available", "NMRF_1995": "Not Available", "ATRF_1995": "Not Available", "MRF_1996": "Not Available", "NMRF_1996": "Not Available", "ATRF_1996": "Not Available", "MRF_1997": "Not Available", "NMRF_1997": "Not Available", "ATRF_1997": "Not Available", "MRF_1998": "Not Available", "NMRF_1998": "Not Available", "ATRF_1998": "Not Available", "MRF_1999": "Not Available", "NMRF_1999": "Not Available", "ATRF_1999": "Not Available", "MRF_2000": "Not Available", "NMRF_2000": "Not Available", "ATRF_2000": "Not Available", "MRF_2001": "Not Available", "NMRF_2001": "Not Available", "ATRF_2001": "Not Available", "MRF_2002": null, "NMRF_2002": null, "ATRF_2002": "232.00", "MRF_2003": null, "NMRF_2003": null, "ATRF_2003": "807.00", "MRF_2004": "Not Available", "NMRF_2004": "Not Available", "ATRF_2004": "Not Available", "MRF_2005": null, "NMRF_2005": null, "ATRF_2005": "751.00", "MRF_2006": null, "NMRF_2006": null, "ATRF_2006": "468.00", "MRF_2007": null, "NMRF_2007": null, "ATRF_2007": "626.00", "MRF_2008": null, "NMRF_2008": null, "ATRF_2008": "930.00", "MRF_2009": null, "NMRF_2009": null, "ATRF_2009": "347.00", "MRF_2010": "798.00", "NMRF_2010": "18.00", "ATRF_2010": "816.00", "AGENCY": "CGWB", "ORIG_FID": "236" }, "geometry": { "type": "Point", "coordinates": [ 76.7871831, 27.1640008 ] } },
{ "type": "Feature", "properties": { "RAINGAUGE": "BEAWER", "DISTRICT": "AJMER", "LONGITUDE": "74:18:59.939", "LATITUDE": "26:07:05.731", "COUNT": "20.00", "MRF_1984": "Not Available", "NMRF_1984": "Not Available", "ATRF_1984": "Not Available", "MRF_1985": "Not Available", "NMRF_1985": "Not Available", "ATRF_1985": "Not Available", "MRF_1986": "Not Available", "NMRF_1986": "Not Available", "ATRF_1986": "Not Available", "MRF_1987": "Not Available", "NMRF_1987": "Not Available", "ATRF_1987": "Not Available", "MRF_1988": "Not Available", "NMRF_1988": "Not Available", "ATRF_1988": "Not Available", "MRF_1989": "Not Available", "NMRF_1989": "Not Available", "ATRF_1989": "Not Available", "MRF_1990": "Not Available", "NMRF_1990": "Not Available", "ATRF_1990": "Not Available", "MRF_1991": null, "NMRF_1991": null, "ATRF_1991": "407.70", "MRF_1992": null, "NMRF_1992": null, "ATRF_1992": "513.70", "MRF_1993": null, "NMRF_1993": null, "ATRF_1993": "252.50", "MRF_1994": null, "NMRF_1994": null, "ATRF_1994": "914.60", "MRF_1995": null, "NMRF_1995": null, "ATRF_1995": "547.00", "MRF_1996": null, "NMRF_1996": null, "ATRF_1996": "812.00", "MRF_1997": null, "NMRF_1997": null, "ATRF_1997": "908.00", "MRF_1998": null, "NMRF_1998": null, "ATRF_1998": "663.00", "MRF_1999": null, "NMRF_1999": null, "ATRF_1999": "360.00", "MRF_2000": null, "NMRF_2000": null, "ATRF_2000": "361.00", "MRF_2001": null, "NMRF_2001": null, "ATRF_2001": "631.00", "MRF_2002": null, "NMRF_2002": null, "ATRF_2002": "158.10", "MRF_2003": null, "NMRF_2003": null, "ATRF_2003": "637.00", "MRF_2004": null, "NMRF_2004": null, "ATRF_2004": "444.00", "MRF_2005": null, "NMRF_2005": null, "ATRF_2005": "651.00", "MRF_2006": null, "NMRF_2006": null, "ATRF_2006": "649.00", "MRF_2007": null, "NMRF_2007": null, "ATRF_2007": "369.00", "MRF_2008": null, "NMRF_2008": null, "ATRF_2008": "522.00", "MRF_2009": null, "NMRF_2009": null, "ATRF_2009": "344.00", "MRF_2010": "666.00", "NMRF_2010": "114.00", "ATRF_2010": "780.00", "AGENCY": "CGWB", "ORIG_FID": "238" }, "geometry": { "type": "Point", "coordinates": [ 74.3166497, 26.1182586 ] } },
{ "type": "Feature", "properties": { "RAINGAUGE": "BHUNGRA", "DISTRICT": "BANSWARA", "LONGITUDE": "74:30:40.054", "LATITUDE": "23:40:32.335", "COUNT": "20.00", "MRF_1984": "Not Available", "NMRF_1984": "Not Available", "ATRF_1984": "Not Available", "MRF_1985": "Not Available", "NMRF_1985": "Not Available", "ATRF_1985": "Not Available", "MRF_1986": "Not Available", "NMRF_1986": "Not Available", "ATRF_1986": "Not Available", "MRF_1987": "Not Available", "NMRF_1987": "Not Available", "ATRF_1987": "Not Available", "MRF_1988": "Not Available", "NMRF_1988": "Not Available", "ATRF_1988": "Not Available", "MRF_1989": "Not Available", "NMRF_1989": "Not Available", "ATRF_1989": "Not Available", "MRF_1990": "Not Available", "NMRF_1990": "Not Available", "ATRF_1990": "Not Available", "MRF_1991": null, "NMRF_1991": null, "ATRF_1991": "801.00", "MRF_1992": null, "NMRF_1992": null, "ATRF_1992": "620.00", "MRF_1993": null, "NMRF_1993": null, "ATRF_1993": "840.00", "MRF_1994": null, "NMRF_1994": null, "ATRF_1994": "1354.00", "MRF_1995": null, "NMRF_1995": null, "ATRF_1995": "729.00", "MRF_1996": null, "NMRF_1996": null, "ATRF_1996": "1157.00", "MRF_1997": null, "NMRF_1997": null, "ATRF_1997": "733.00", "MRF_1998": null, "NMRF_1998": null, "ATRF_1998": "864.00", "MRF_1999": null, "NMRF_1999": null, "ATRF_1999": "309.00", "MRF_2000": null, "NMRF_2000": null, "ATRF_2000": "393.00", "MRF_2001": null, "NMRF_2001": null, "ATRF_2001": "844.00", "MRF_2002": null, "NMRF_2002": null, "ATRF_2002": "500.00", "MRF_2003": null, "NMRF_2003": null, "ATRF_2003": "793.00", "MRF_2004": null, "NMRF_2004": null, "ATRF_2004": "1019.00", "MRF_2005": null, "NMRF_2005": null, "ATRF_2005": "657.00", "MRF_2006": null, "NMRF_2006": null, "ATRF_2006": "1958.00", "MRF_2007": null, "NMRF_2007": null, "ATRF_2007": "1145.00", "MRF_2008": null, "NMRF_2008": null, "ATRF_2008": "687.00", "MRF_2009": null, "NMRF_2009": null, "ATRF_2009": "751.00", "MRF_2010": "535.00", "NMRF_2010": "5.00", "ATRF_2010": "540.00", "AGENCY": "CGWB", "ORIG_FID": "241" }, "geometry": { "type": "Point", "coordinates": [ 74.5111261, 23.6756486 ] } },
{ "type": "Feature", "properties": { "RAINGAUGE": "BIJAI NAGAR", "DISTRICT": "BHILWARA", "LONGITUDE": "74:07:50.922", "LATITUDE": "25:14:41.279", "COUNT": "20.00", "MRF_1984": "Not Available", "NMRF_1984": "Not Available", "ATRF_1984": "Not Available", "MRF_1985": "Not Available", "NMRF_1985": "Not Available", "ATRF_1985": "Not Available", "MRF_1986": "Not Available", "NMRF_1986": "Not Available", "ATRF_1986": "Not Available", "MRF_1987": "Not Available", "NMRF_1987": "Not Available", "ATRF_1987": "Not Available", "MRF_1988": "Not Available", "NMRF_1988": "Not Available", "ATRF_1988": "Not Available", "MRF_1989": "Not Available", "NMRF_1989": "Not Available", "ATRF_1989": "Not Available", "MRF_1990": "Not Available", "NMRF_1990": "Not Available", "ATRF_1990": "Not Available", "MRF_1991": null, "NMRF_1991": null, "ATRF_1991": "73.00", "MRF_1992": null, "NMRF_1992": null, "ATRF_1992": "452.50", "MRF_1993": null, "NMRF_1993": null, "ATRF_1993": "69.00", "MRF_1994": null, "NMRF_1994": null, "ATRF_1994": "690.00", "MRF_1995": null, "NMRF_1995": null, "ATRF_1995": "284.00", "MRF_1996": null, "NMRF_1996": null, "ATRF_1996": "650.00", "MRF_1997": null, "NMRF_1997": null, "ATRF_1997": "463.00", "MRF_1998": null, "NMRF_1998": null, "ATRF_1998": "412.00", "MRF_1999": null, "NMRF_1999": null, "ATRF_1999": "294.00", "MRF_2000": null, "NMRF_2000": null, "ATRF_2000": "443.00", "MRF_2001": null, "NMRF_2001": null, "ATRF_2001": "597.00", "MRF_2002": null, "NMRF_2002": null, "ATRF_2002": "254.00", "MRF_2003": null, "NMRF_2003": null, "ATRF_2003": "520.00", "MRF_2004": null, "NMRF_2004": null, "ATRF_2004": "429.00", "MRF_2005": null, "NMRF_2005": null, "ATRF_2005": "445.00", "MRF_2006": null, "NMRF_2006": null, "ATRF_2006": "595.00", "MRF_2007": null, "NMRF_2007": null, "ATRF_2007": "601.00", "MRF_2008": null, "NMRF_2008": null, "ATRF_2008": "325.00", "MRF_2009": null, "NMRF_2009": null, "ATRF_2009": "177.00", "MRF_2010": "Not Available", "NMRF_2010": "Not Available", "ATRF_2010": "Not Available", "AGENCY": "CGWB", "ORIG_FID": "242" }, "geometry": { "type": "Point", "coordinates": [ 74.1308117, 25.2447997 ] } },
{ "type": "Feature", "properties": { "RAINGAUGE": "BUNDI", "DISTRICT": "BUNDI", "LONGITUDE": "75:38:00.000", "LATITUDE": "25:27:00.000", "COUNT": "20.00", "MRF_1984": "Not Available", "NMRF_1984": "Not Available", "ATRF_1984": "Not Available", "MRF_1985": "Not Available", "NMRF_1985": "Not Available", "ATRF_1985": "Not Available", "MRF_1986": "Not Available", "NMRF_1986": "Not Available", "ATRF_1986": "Not Available", "MRF_1987": "Not Available", "NMRF_1987": "Not Available", "ATRF_1987": "Not Available", "MRF_1988": "Not Available", "NMRF_1988": "Not Available", "ATRF_1988": "Not Available", "MRF_1989": "Not Available", "NMRF_1989": "Not Available", "ATRF_1989": "Not Available", "MRF_1990": "Not Available", "NMRF_1990": "Not Available", "ATRF_1990": "Not Available", "MRF_1991": null, "NMRF_1991": null, "ATRF_1991": "469.20", "MRF_1992": null, "NMRF_1992": null, "ATRF_1992": "502.50", "MRF_1993": null, "NMRF_1993": null, "ATRF_1993": "662.60", "MRF_1994": null, "NMRF_1994": null, "ATRF_1994": "792.60", "MRF_1995": null, "NMRF_1995": null, "ATRF_1995": "556.30", "MRF_1996": null, "NMRF_1996": null, "ATRF_1996": "1235.60", "MRF_1997": null, "NMRF_1997": null, "ATRF_1997": "899.00", "MRF_1998": null, "NMRF_1998": null, "ATRF_1998": "536.00", "MRF_1999": null, "NMRF_1999": null, "ATRF_1999": "565.00", "MRF_2000": null, "NMRF_2000": null, "ATRF_2000": "606.00", "MRF_2001": null, "NMRF_2001": null, "ATRF_2001": "824.00", "MRF_2002": null, "NMRF_2002": null, "ATRF_2002": "275.50", "MRF_2003": null, "NMRF_2003": null, "ATRF_2003": "754.00", "MRF_2004": null, "NMRF_2004": null, "ATRF_2004": "848.00", "MRF_2005": null, "NMRF_2005": null, "ATRF_2005": "545.80", "MRF_2006": null, "NMRF_2006": null, "ATRF_2006": "707.00", "MRF_2007": null, "NMRF_2007": null, "ATRF_2007": "748.50", "MRF_2008": null, "NMRF_2008": null, "ATRF_2008": "596.00", "MRF_2009": null, "NMRF_2009": null, "ATRF_2009": "570.00", "MRF_2010": "549.00", "NMRF_2010": "113.00", "ATRF_2010": "662.00", "AGENCY": "CGWB", "ORIG_FID": "244" }, "geometry": { "type": "Point", "coordinates": [ 75.6333333, 25.45 ] } },
{ "type": "Feature", "properties": { "RAINGAUGE": "CHHATARGARH", "DISTRICT": "BIKANER", "LONGITUDE": "73:08:00.000", "LATITUDE": "28:40:00.000", "COUNT": "9.00", "MRF_1984": "Not Available", "NMRF_1984": "Not Available", "ATRF_1984": "Not Available", "MRF_1985": "Not Available", "NMRF_1985": "Not Available", "ATRF_1985": "Not Available", "MRF_1986": "Not Available", "NMRF_1986": "Not Available", "ATRF_1986": "Not Available", "MRF_1987": "Not Available", "NMRF_1987": "Not Available", "ATRF_1987": "Not Available", "MRF_1988": "Not Available", "NMRF_1988": "Not Available", "ATRF_1988": "Not Available", "MRF_1989": "Not Available", "NMRF_1989": "Not Available", "ATRF_1989": "Not Available", "MRF_1990": "Not Available", "NMRF_1990": "Not Available", "ATRF_1990": "Not Available", "MRF_1991": "Not Available", "NMRF_1991": "Not Available", "ATRF_1991": "Not Available", "MRF_1992": "Not Available", "NMRF_1992": "Not Available", "ATRF_1992": "Not Available", "MRF_1993": "Not Available", "NMRF_1993": "Not Available", "ATRF_1993": "Not Available", "MRF_1994": "Not Available", "NMRF_1994": "Not Available", "ATRF_1994": "Not Available", "MRF_1995": "Not Available", "NMRF_1995": "Not Available", "ATRF_1995": "Not Available", "MRF_1996": "Not Available", "NMRF_1996": "Not Available", "ATRF_1996": "Not Available", "MRF_1997": "Not Available", "NMRF_1997": "Not Available", "ATRF_1997": "Not Available", "MRF_1998": "Not Available", "NMRF_1998": "Not Available", "ATRF_1998": "Not Available", "MRF_1999": "Not Available", "NMRF_1999": "Not Available", "ATRF_1999": "Not Available", "MRF_2000": "Not Available", "NMRF_2000": "Not Available", "ATRF_2000": "Not Available", "MRF_2001": "Not Available", "NMRF_2001": "Not Available", "ATRF_2001": "Not Available", "MRF_2002": null, "NMRF_2002": null, "ATRF_2002": "56.00", "MRF_2003": null, "NMRF_2003": null, "ATRF_2003": "301.40", "MRF_2004": null, "NMRF_2004": null, "ATRF_2004": "246.70", "MRF_2005": null, "NMRF_2005": null, "ATRF_2005": "252.00", "MRF_2006": null, "NMRF_2006": null, "ATRF_2006": "150.50", "MRF_2007": null, "NMRF_2007": null, "ATRF_2007": "186.00", "MRF_2008": null, "NMRF_2008": null, "ATRF_2008": "415.00", "MRF_2009": null, "NMRF_2009": null, "ATRF_2009": "117.00", "MRF_2010": "288.00", "NMRF_2010": "27.00", "ATRF_2010": "315.00", "AGENCY": "CGWB", "ORIG_FID": "245" }, "geometry": { "type": "Point", "coordinates": [ 73.1333333, 28.6666667 ] } },
{ "type": "Feature", "properties": { "RAINGAUGE": "CHIKHLI", "DISTRICT": "DUNGARPUR", "LONGITUDE": "73:57:23.970", "LATITUDE": "23:25:56.334", "COUNT": "20.00", "MRF_1984": "Not Available", "NMRF_1984": "Not Available", "ATRF_1984": "Not Available", "MRF_1985": "Not Available", "NMRF_1985": "Not Available", "ATRF_1985": "Not Available", "MRF_1986": "Not Available", "NMRF_1986": "Not Available", "ATRF_1986": "Not Available", "MRF_1987": "Not Available", "NMRF_1987": "Not Available", "ATRF_1987": "Not Available", "MRF_1988": "Not Available", "NMRF_1988": "Not Available", "ATRF_1988": "Not Available", "MRF_1989": "Not Available", "NMRF_1989": "Not Available", "ATRF_1989": "Not Available", "MRF_1990": "Not Available", "NMRF_1990": "Not Available", "ATRF_1990": "Not Available", "MRF_1991": null, "NMRF_1991": null, "ATRF_1991": "645.00", "MRF_1992": null, "NMRF_1992": null, "ATRF_1992": "607.00", "MRF_1993": null, "NMRF_1993": null, "ATRF_1993": "583.00", "MRF_1994": null, "NMRF_1994": null, "ATRF_1994": "865.00", "MRF_1995": null, "NMRF_1995": null, "ATRF_1995": "580.00", "MRF_1996": null, "NMRF_1996": null, "ATRF_1996": "781.00", "MRF_1997": null, "NMRF_1997": null, "ATRF_1997": "1066.00", "MRF_1998": null, "NMRF_1998": null, "ATRF_1998": "934.00", "MRF_1999": null, "NMRF_1999": null, "ATRF_1999": "338.00", "MRF_2000": null, "NMRF_2000": null, "ATRF_2000": "412.00", "MRF_2001": null, "NMRF_2001": null, "ATRF_2001": "662.00", "MRF_2002": null, "NMRF_2002": null, "ATRF_2002": "273.00", "MRF_2003": null, "NMRF_2003": null, "ATRF_2003": "575.00", "MRF_2004": null, "NMRF_2004": null, "ATRF_2004": "641.00", "MRF_2005": null, "NMRF_2005": null, "ATRF_2005": "406.00", "MRF_2006": null, "NMRF_2006": null, "ATRF_2006": "705.00", "MRF_2007": null, "NMRF_2007": null, "ATRF_2007": "967.00", "MRF_2008": null, "NMRF_2008": null, "ATRF_2008": "558.00", "MRF_2009": null, "NMRF_2009": null, "ATRF_2009": "683.00", "MRF_2010": "566.00", "NMRF_2010": "5.00", "ATRF_2010": "571.00", "AGENCY": "CGWB", "ORIG_FID": "246" }, "geometry": { "type": "Point", "coordinates": [ 73.9566583, 23.432315 ] } },
{ "type": "Feature", "properties": { "RAINGAUGE": "CHOMU", "DISTRICT": "JAIPUR", "LONGITUDE": "75:43:28.000", "LATITUDE": "27:09:42.000", "COUNT": "20.00", "MRF_1984": "Not Available", "NMRF_1984": "Not Available", "ATRF_1984": "Not Available", "MRF_1985": "Not Available", "NMRF_1985": "Not Available", "ATRF_1985": "Not Available", "MRF_1986": "Not Available", "NMRF_1986": "Not Available", "ATRF_1986": "Not Available", "MRF_1987": "Not Available", "NMRF_1987": "Not Available", "ATRF_1987": "Not Available", "MRF_1988": "Not Available", "NMRF_1988": "Not Available", "ATRF_1988": "Not Available", "MRF_1989": "Not Available", "NMRF_1989": "Not Available", "ATRF_1989": "Not Available", "MRF_1990": "Not Available", "NMRF_1990": "Not Available", "ATRF_1990": "Not Available", "MRF_1991": null, "NMRF_1991": null, "ATRF_1991": "480.00", "MRF_1992": null, "NMRF_1992": null, "ATRF_1992": "710.00", "MRF_1993": null, "NMRF_1993": null, "ATRF_1993": "512.00", "MRF_1994": null, "NMRF_1994": null, "ATRF_1994": "606.00", "MRF_1995": null, "NMRF_1995": null, "ATRF_1995": "733.00", "MRF_1996": null, "NMRF_1996": null, "ATRF_1996": "998.00", "MRF_1997": null, "NMRF_1997": null, "ATRF_1997": "554.00", "MRF_1998": null, "NMRF_1998": null, "ATRF_1998": "611.00", "MRF_1999": null, "NMRF_1999": null, "ATRF_1999": "226.00", "MRF_2000": null, "NMRF_2000": null, "ATRF_2000": "314.00", "MRF_2001": null, "NMRF_2001": null, "ATRF_2001": "503.80", "MRF_2002": null, "NMRF_2002": null, "ATRF_2002": "214.00", "MRF_2003": null, "NMRF_2003": null, "ATRF_2003": "581.00", "MRF_2004": null, "NMRF_2004": null, "ATRF_2004": "296.00", "MRF_2005": null, "NMRF_2005": null, "ATRF_2005": "306.00", "MRF_2006": null, "NMRF_2006": null, "ATRF_2006": "209.00", "MRF_2007": null, "NMRF_2007": null, "ATRF_2007": "323.00", "MRF_2008": null, "NMRF_2008": null, "ATRF_2008": "424.00", "MRF_2009": null, "NMRF_2009": null, "ATRF_2009": "268.00", "MRF_2010": "664.00", "NMRF_2010": "73.00", "ATRF_2010": "737.00", "AGENCY": "CGWB", "ORIG_FID": "247" }, "geometry": { "type": "Point", "coordinates": [ 75.7244444, 27.1616667 ] } },
{ "type": "Feature", "properties": { "RAINGAUGE": "CHOTI SADRI", "DISTRICT": "PRATAPGARH", "LONGITUDE": "74:42:05.288", "LATITUDE": "24:23:59.689", "COUNT": "20.00", "MRF_1984": "Not Available", "NMRF_1984": "Not Available", "ATRF_1984": "Not Available", "MRF_1985": "Not Available", "NMRF_1985": "Not Available", "ATRF_1985": "Not Available", "MRF_1986": "Not Available", "NMRF_1986": "Not Available", "ATRF_1986": "Not Available", "MRF_1987": "Not Available", "NMRF_1987": "Not Available", "ATRF_1987": "Not Available", "MRF_1988": "Not Available", "NMRF_1988": "Not Available", "ATRF_1988": "Not Available", "MRF_1989": "Not Available", "NMRF_1989": "Not Available", "ATRF_1989": "Not Available", "MRF_1990": "Not Available", "NMRF_1990": "Not Available", "ATRF_1990": "Not Available", "MRF_1991": null, "NMRF_1991": null, "ATRF_1991": "907.00", "MRF_1992": null, "NMRF_1992": null, "ATRF_1992": "852.00", "MRF_1993": null, "NMRF_1993": null, "ATRF_1993": "870.00", "MRF_1994": null, "NMRF_1994": null, "ATRF_1994": "936.00", "MRF_1995": null, "NMRF_1995": null, "ATRF_1995": "510.00", "MRF_1996": null, "NMRF_1996": null, "ATRF_1996": "1168.00", "MRF_1997": null, "NMRF_1997": null, "ATRF_1997": "714.00", "MRF_1998": null, "NMRF_1998": null, "ATRF_1998": "631.00", "MRF_1999": null, "NMRF_1999": null, "ATRF_1999": "355.40", "MRF_2000": null, "NMRF_2000": null, "ATRF_2000": "484.00", "MRF_2001": null, "NMRF_2001": null, "ATRF_2001": "838.00", "MRF_2002": null, "NMRF_2002": null, "ATRF_2002": "378.00", "MRF_2003": null, "NMRF_2003": null, "ATRF_2003": "653.90", "MRF_2004": null, "NMRF_2004": null, "ATRF_2004": "1012.00", "MRF_2005": null, "NMRF_2005": null, "ATRF_2005": "694.00", "MRF_2006": null, "NMRF_2006": null, "ATRF_2006": "1629.00", "MRF_2007": null, "NMRF_2007": null, "ATRF_2007": "671.00", "MRF_2008": null, "NMRF_2008": null, "ATRF_2008": "707.00", "MRF_2009": null, "NMRF_2009": null, "ATRF_2009": "715.00", "MRF_2010": "779.00", "NMRF_2010": "79.00", "ATRF_2010": "858.00", "AGENCY": "CGWB", "ORIG_FID": "248" }, "geometry": { "type": "Point", "coordinates": [ 74.7014689, 24.3999136 ] } },
{ "type": "Feature", "properties": { "RAINGAUGE": "CHOUTH KA BARWA", "DISTRICT": "SAWAI MADHOPUR", "LONGITUDE": "76:09:33.839", "LATITUDE": "26:02:16.430", "COUNT": "8.00", "MRF_1984": "Not Available", "NMRF_1984": "Not Available", "ATRF_1984": "Not Available", "MRF_1985": "Not Available", "NMRF_1985": "Not Available", "ATRF_1985": "Not Available", "MRF_1986": "Not Available", "NMRF_1986": "Not Available", "ATRF_1986": "Not Available", "MRF_1987": "Not Available", "NMRF_1987": "Not Available", "ATRF_1987": "Not Available", "MRF_1988": "Not Available", "NMRF_1988": "Not Available", "ATRF_1988": "Not Available", "MRF_1989": "Not Available", "NMRF_1989": "Not Available", "ATRF_1989": "Not Available", "MRF_1990": "Not Available", "NMRF_1990": "Not Available", "ATRF_1990": "Not Available", "MRF_1991": "Not Available", "NMRF_1991": "Not Available", "ATRF_1991": "Not Available", "MRF_1992": "Not Available", "NMRF_1992": "Not Available", "ATRF_1992": "Not Available", "MRF_1993": "Not Available", "NMRF_1993": "Not Available", "ATRF_1993": "Not Available", "MRF_1994": "Not Available", "NMRF_1994": "Not Available", "ATRF_1994": "Not Available", "MRF_1995": "Not Available", "NMRF_1995": "Not Available", "ATRF_1995": "Not Available", "MRF_1996": "Not Available", "NMRF_1996": "Not Available", "ATRF_1996": "Not Available", "MRF_1997": "Not Available", "NMRF_1997": "Not Available", "ATRF_1997": "Not Available", "MRF_1998": "Not Available", "NMRF_1998": "Not Available", "ATRF_1998": "Not Available", "MRF_1999": "Not Available", "NMRF_1999": "Not Available", "ATRF_1999": "Not Available", "MRF_2000": "Not Available", "NMRF_2000": "Not Available", "ATRF_2000": "Not Available", "MRF_2001": "Not Available", "NMRF_2001": "Not Available", "ATRF_2001": "Not Available", "MRF_2002": null, "NMRF_2002": null, "ATRF_2002": "219.50", "MRF_2003": null, "NMRF_2003": null, "ATRF_2003": "698.00", "MRF_2004": null, "NMRF_2004": null, "ATRF_2004": "777.00", "MRF_2005": null, "NMRF_2005": null, "ATRF_2005": "967.00", "MRF_2006": null, "NMRF_2006": null, "ATRF_2006": "600.00", "MRF_2007": null, "NMRF_2007": null, "ATRF_2007": "808.00", "MRF_2008": null, "NMRF_2008": null, "ATRF_2008": "591.00", "MRF_2009": null, "NMRF_2009": null, "ATRF_2009": "398.00", "MRF_2010": "728.00", "NMRF_2010": "152.00", "ATRF_2010": "880.00", "AGENCY": "CGWB", "ORIG_FID": "249" }, "geometry": { "type": "Point", "coordinates": [ 76.1593997, 26.0378972 ] } },
{ "type": "Feature", "properties": { "RAINGAUGE": "DANPUR", "DISTRICT": "BANSWARA", "LONGITUDE": "74:43:00.000", "LATITUDE": "23:31:00.000", "COUNT": "20.00", "MRF_1984": "Not Available", "NMRF_1984": "Not Available", "ATRF_1984": "Not Available", "MRF_1985": "Not Available", "NMRF_1985": "Not Available", "ATRF_1985": "Not Available", "MRF_1986": "Not Available", "NMRF_1986": "Not Available", "ATRF_1986": "Not Available", "MRF_1987": "Not Available", "NMRF_1987": "Not Available", "ATRF_1987": "Not Available", "MRF_1988": "Not Available", "NMRF_1988": "Not Available", "ATRF_1988": "Not Available", "MRF_1989": "Not Available", "NMRF_1989": "Not Available", "ATRF_1989": "Not Available", "MRF_1990": "Not Available", "NMRF_1990": "Not Available", "ATRF_1990": "Not Available", "MRF_1991": null, "NMRF_1991": null, "ATRF_1991": "1105.00", "MRF_1992": null, "NMRF_1992": null, "ATRF_1992": "971.00", "MRF_1993": null, "NMRF_1993": null, "ATRF_1993": "1241.00", "MRF_1994": null, "NMRF_1994": null, "ATRF_1994": "2271.00", "MRF_1995": null, "NMRF_1995": null, "ATRF_1995": "1007.00", "MRF_1996": null, "NMRF_1996": null, "ATRF_1996": "1260.00", "MRF_1997": null, "NMRF_1997": null, "ATRF_1997": "1345.00", "MRF_1998": null, "NMRF_1998": null, "ATRF_1998": "1010.00", "MRF_1999": null, "NMRF_1999": null, "ATRF_1999": "270.00", "MRF_2000": null, "NMRF_2000": null, "ATRF_2000": "459.00", "MRF_2001": null, "NMRF_2001": null, "ATRF_2001": "819.00", "MRF_2002": null, "NMRF_2002": null, "ATRF_2002": "458.00", "MRF_2003": null, "NMRF_2003": null, "ATRF_2003": "997.00", "MRF_2004": null, "NMRF_2004": null, "ATRF_2004": "930.00", "MRF_2005": null, "NMRF_2005": null, "ATRF_2005": "961.00", "MRF_2006": null, "NMRF_2006": null, "ATRF_2006": "2095.00", "MRF_2007": null, "NMRF_2007": null, "ATRF_2007": "1374.00", "MRF_2008": null, "NMRF_2008": null, "ATRF_2008": "588.00", "MRF_2009": null, "NMRF_2009": null, "ATRF_2009": "789.00", "MRF_2010": "588.00", "NMRF_2010": "13.00", "ATRF_2010": "601.00", "AGENCY": "CGWB", "ORIG_FID": "250" }, "geometry": { "type": "Point", "coordinates": [ 74.7166667, 23.5166667 ] } },
{ "type": "Feature", "properties": { "RAINGAUGE": "DEWAL", "DISTRICT": "DUNGARPUR", "LONGITUDE": "73:41:22.646", "LATITUDE": "23:56:00.701", "COUNT": "20.00", "MRF_1984": "Not Available", "NMRF_1984": "Not Available", "ATRF_1984": "Not Available", "MRF_1985": "Not Available", "NMRF_1985": "Not Available", "ATRF_1985": "Not Available", "MRF_1986": "Not Available", "NMRF_1986": "Not Available", "ATRF_1986": "Not Available", "MRF_1987": "Not Available", "NMRF_1987": "Not Available", "ATRF_1987": "Not Available", "MRF_1988": "Not Available", "NMRF_1988": "Not Available", "ATRF_1988": "Not Available", "MRF_1989": "Not Available", "NMRF_1989": "Not Available", "ATRF_1989": "Not Available", "MRF_1990": "Not Available", "NMRF_1990": "Not Available", "ATRF_1990": "Not Available", "MRF_1991": null, "NMRF_1991": null, "ATRF_1991": "362.70", "MRF_1992": null, "NMRF_1992": null, "ATRF_1992": "433.00", "MRF_1993": null, "NMRF_1993": null, "ATRF_1993": "460.00", "MRF_1994": null, "NMRF_1994": null, "ATRF_1994": "708.00", "MRF_1995": null, "NMRF_1995": null, "ATRF_1995": "233.00", "MRF_1996": null, "NMRF_1996": null, "ATRF_1996": "473.00", "MRF_1997": null, "NMRF_1997": null, "ATRF_1997": "461.00", "MRF_1998": null, "NMRF_1998": null, "ATRF_1998": "408.00", "MRF_1999": null, "NMRF_1999": null, "ATRF_1999": "473.00", "MRF_2000": null, "NMRF_2000": null, "ATRF_2000": "249.00", "MRF_2001": null, "NMRF_2001": null, "ATRF_2001": "470.00", "MRF_2002": null, "NMRF_2002": null, "ATRF_2002": "290.00", "MRF_2003": null, "NMRF_2003": null, "ATRF_2003": "411.00", "MRF_2004": null, "NMRF_2004": null, "ATRF_2004": "390.00", "MRF_2005": null, "NMRF_2005": null, "ATRF_2005": "424.00", "MRF_2006": null, "NMRF_2006": null, "ATRF_2006": "863.00", "MRF_2007": null, "NMRF_2007": null, "ATRF_2007": "435.00", "MRF_2008": null, "NMRF_2008": null, "ATRF_2008": "416.00", "MRF_2009": null, "NMRF_2009": null, "ATRF_2009": "611.00", "MRF_2010": "561.00", "NMRF_2010": "43.00", "ATRF_2010": "604.00", "AGENCY": "CGWB", "ORIG_FID": "251" }, "geometry": { "type": "Point", "coordinates": [ 73.6896239, 23.9335281 ] } },
{ "type": "Feature", "properties": { "RAINGAUGE": "DHAMBOLA", "DISTRICT": "DUNGARPUR", "LONGITUDE": "73:46:00.000", "LATITUDE": "23:36:00.000", "COUNT": "20.00", "MRF_1984": "Not Available", "NMRF_1984": "Not Available", "ATRF_1984": "Not Available", "MRF_1985": "Not Available", "NMRF_1985": "Not Available", "ATRF_1985": "Not Available", "MRF_1986": "Not Available", "NMRF_1986": "Not Available", "ATRF_1986": "Not Available", "MRF_1987": "Not Available", "NMRF_1987": "Not Available", "ATRF_1987": "Not Available", "MRF_1988": "Not Available", "NMRF_1988": "Not Available", "ATRF_1988": "Not Available", "MRF_1989": "Not Available", "NMRF_1989": "Not Available", "ATRF_1989": "Not Available", "MRF_1990": "Not Available", "NMRF_1990": "Not Available", "ATRF_1990": "Not Available", "MRF_1991": null, "NMRF_1991": null, "ATRF_1991": "738.50", "MRF_1992": null, "NMRF_1992": null, "ATRF_1992": "889.00", "MRF_1993": null, "NMRF_1993": null, "ATRF_1993": "779.40", "MRF_1994": null, "NMRF_1994": null, "ATRF_1994": "1124.00", "MRF_1995": null, "NMRF_1995": null, "ATRF_1995": "834.00", "MRF_1996": null, "NMRF_1996": null, "ATRF_1996": "858.00", "MRF_1997": null, "NMRF_1997": null, "ATRF_1997": "1033.00", "MRF_1998": null, "NMRF_1998": null, "ATRF_1998": "870.00", "MRF_1999": null, "NMRF_1999": null, "ATRF_1999": "325.00", "MRF_2000": null, "NMRF_2000": null, "ATRF_2000": "397.00", "MRF_2001": null, "NMRF_2001": null, "ATRF_2001": "640.00", "MRF_2002": null, "NMRF_2002": null, "ATRF_2002": "256.00", "MRF_2003": null, "NMRF_2003": null, "ATRF_2003": "769.00", "MRF_2004": null, "NMRF_2004": null, "ATRF_2004": "703.00", "MRF_2005": null, "NMRF_2005": null, "ATRF_2005": "594.00", "MRF_2006": null, "NMRF_2006": null, "ATRF_2006": "1633.00", "MRF_2007": null, "NMRF_2007": null, "ATRF_2007": "977.00", "MRF_2008": null, "NMRF_2008": null, "ATRF_2008": "421.00", "MRF_2009": null, "NMRF_2009": null, "ATRF_2009": "809.00", "MRF_2010": "569.00", "NMRF_2010": "45.00", "ATRF_2010": "614.00", "AGENCY": "CGWB", "ORIG_FID": "252" }, "geometry": { "type": "Point", "coordinates": [ 73.7666667, 23.6 ] } },
{ "type": "Feature", "properties": { "RAINGAUGE": "GALIAKOT", "DISTRICT": "DUNGARPUR", "LONGITUDE": "74:00:21.305", "LATITUDE": "23:32:55.668", "COUNT": "20.00", "MRF_1984": "Not Available", "NMRF_1984": "Not Available", "ATRF_1984": "Not Available", "MRF_1985": "Not Available", "NMRF_1985": "Not Available", "ATRF_1985": "Not Available", "MRF_1986": "Not Available", "NMRF_1986": "Not Available", "ATRF_1986": "Not Available", "MRF_1987": "Not Available", "NMRF_1987": "Not Available", "ATRF_1987": "Not Available", "MRF_1988": "Not Available", "NMRF_1988": "Not Available", "ATRF_1988": "Not Available", "MRF_1989": "Not Available", "NMRF_1989": "Not Available", "ATRF_1989": "Not Available", "MRF_1990": "Not Available", "NMRF_1990": "Not Available", "ATRF_1990": "Not Available", "MRF_1991": null, "NMRF_1991": null, "ATRF_1991": "792.00", "MRF_1992": null, "NMRF_1992": null, "ATRF_1992": "742.00", "MRF_1993": null, "NMRF_1993": null, "ATRF_1993": "837.00", "MRF_1994": null, "NMRF_1994": null, "ATRF_1994": "1353.00", "MRF_1995": null, "NMRF_1995": null, "ATRF_1995": "866.00", "MRF_1996": null, "NMRF_1996": null, "ATRF_1996": "1077.00", "MRF_1997": null, "NMRF_1997": null, "ATRF_1997": "1027.00", "MRF_1998": null, "NMRF_1998": null, "ATRF_1998": "815.00", "MRF_1999": null, "NMRF_1999": null, "ATRF_1999": "791.00", "MRF_2000": null, "NMRF_2000": null, "ATRF_2000": "553.00", "MRF_2001": null, "NMRF_2001": null, "ATRF_2001": "644.00", "MRF_2002": null, "NMRF_2002": null, "ATRF_2002": "499.00", "MRF_2003": null, "NMRF_2003": null, "ATRF_2003": "800.00", "MRF_2004": null, "NMRF_2004": null, "ATRF_2004": "1096.00", "MRF_2005": null, "NMRF_2005": null, "ATRF_2005": "617.00", "MRF_2006": null, "NMRF_2006": null, "ATRF_2006": "1671.00", "MRF_2007": null, "NMRF_2007": null, "ATRF_2007": "776.00", "MRF_2008": null, "NMRF_2008": null, "ATRF_2008": "301.00", "MRF_2009": null, "NMRF_2009": null, "ATRF_2009": "650.00", "MRF_2010": "489.00", "NMRF_2010": "8.00", "ATRF_2010": "497.00", "AGENCY": "CGWB", "ORIG_FID": "255" }, "geometry": { "type": "Point", "coordinates": [ 74.0059181, 23.5487967 ] } },
{ "type": "Feature", "properties": { "RAINGAUGE": "GANESHPUR", "DISTRICT": "DUNGARPUR", "LONGITUDE": "73:55:29.414", "LATITUDE": "23:56:29.408", "COUNT": "20.00", "MRF_1984": "Not Available", "NMRF_1984": "Not Available", "ATRF_1984": "Not Available", "MRF_1985": "Not Available", "NMRF_1985": "Not Available", "ATRF_1985": "Not Available", "MRF_1986": "Not Available", "NMRF_1986": "Not Available", "ATRF_1986": "Not Available", "MRF_1987": "Not Available", "NMRF_1987": "Not Available", "ATRF_1987": "Not Available", "MRF_1988": "Not Available", "NMRF_1988": "Not Available", "ATRF_1988": "Not Available", "MRF_1989": "Not Available", "NMRF_1989": "Not Available", "ATRF_1989": "Not Available", "MRF_1990": "Not Available", "NMRF_1990": "Not Available", "ATRF_1990": "Not Available", "MRF_1991": null, "NMRF_1991": null, "ATRF_1991": "634.00", "MRF_1992": null, "NMRF_1992": null, "ATRF_1992": "601.00", "MRF_1993": null, "NMRF_1993": null, "ATRF_1993": "729.00", "MRF_1994": null, "NMRF_1994": null, "ATRF_1994": "1090.00", "MRF_1995": null, "NMRF_1995": null, "ATRF_1995": "335.00", "MRF_1996": null, "NMRF_1996": null, "ATRF_1996": "726.00", "MRF_1997": null, "NMRF_1997": null, "ATRF_1997": "762.00", "MRF_1998": null, "NMRF_1998": null, "ATRF_1998": "784.00", "MRF_1999": null, "NMRF_1999": null, "ATRF_1999": "457.00", "MRF_2000": null, "NMRF_2000": null, "ATRF_2000": "319.00", "MRF_2001": null, "NMRF_2001": null, "ATRF_2001": "535.00", "MRF_2002": null, "NMRF_2002": null, "ATRF_2002": "452.00", "MRF_2003": null, "NMRF_2003": null, "ATRF_2003": "578.00", "MRF_2004": null, "NMRF_2004": null, "ATRF_2004": "656.00", "MRF_2005": null, "NMRF_2005": null, "ATRF_2005": "525.00", "MRF_2006": null, "NMRF_2006": null, "ATRF_2006": "1320.00", "MRF_2007": null, "NMRF_2007": null, "ATRF_2007": "567.00", "MRF_2008": null, "NMRF_2008": null, "ATRF_2008": "387.00", "MRF_2009": null, "NMRF_2009": null, "ATRF_2009": "624.00", "MRF_2010": "421.00", "NMRF_2010": "68.00", "ATRF_2010": "489.00", "AGENCY": "CGWB", "ORIG_FID": "256" }, "geometry": { "type": "Point", "coordinates": [ 73.9248372, 23.9415022 ] } },
{ "type": "Feature", "properties": { "RAINGAUGE": "GANGDHAR", "DISTRICT": "JHALAWAR", "LONGITUDE": "75:37:41.602", "LATITUDE": "23:56:25.309", "COUNT": "27.00", "MRF_1984": null, "NMRF_1984": null, "ATRF_1984": "1104.60", "MRF_1985": null, "NMRF_1985": null, "ATRF_1985": "879.00", "MRF_1986": null, "NMRF_1986": null, "ATRF_1986": "1102.30", "MRF_1987": null, "NMRF_1987": null, "ATRF_1987": "768.60", "MRF_1988": null, "NMRF_1988": null, "ATRF_1988": "749.50", "MRF_1989": null, "NMRF_1989": null, "ATRF_1989": "658.00", "MRF_1990": null, "NMRF_1990": null, "ATRF_1990": "1014.10", "MRF_1991": null, "NMRF_1991": null, "ATRF_1991": "821.00", "MRF_1992": null, "NMRF_1992": null, "ATRF_1992": "576.00", "MRF_1993": null, "NMRF_1993": null, "ATRF_1993": "818.00", "MRF_1994": null, "NMRF_1994": null, "ATRF_1994": "1178.70", "MRF_1995": null, "NMRF_1995": null, "ATRF_1995": "1026.80", "MRF_1996": null, "NMRF_1996": null, "ATRF_1996": "1201.60", "MRF_1997": null, "NMRF_1997": null, "ATRF_1997": "1071.00", "MRF_1998": null, "NMRF_1998": null, "ATRF_1998": "856.60", "MRF_1999": null, "NMRF_1999": null, "ATRF_1999": "787.00", "MRF_2000": null, "NMRF_2000": null, "ATRF_2000": "533.00", "MRF_2001": null, "NMRF_2001": null, "ATRF_2001": "559.00", "MRF_2002": null, "NMRF_2002": null, "ATRF_2002": "563.20", "MRF_2003": null, "NMRF_2003": null, "ATRF_2003": "582.40", "MRF_2004": null, "NMRF_2004": null, "ATRF_2004": "1000.00", "MRF_2005": null, "NMRF_2005": null, "ATRF_2005": "519.00", "MRF_2006": null, "NMRF_2006": null, "ATRF_2006": "1182.50", "MRF_2007": null, "NMRF_2007": null, "ATRF_2007": "740.00", "MRF_2008": null, "NMRF_2008": null, "ATRF_2008": "687.00", "MRF_2009": null, "NMRF_2009": null, "ATRF_2009": "653.00", "MRF_2010": "424.00", "NMRF_2010": "115.00", "ATRF_2010": "539.00", "AGENCY": "CGWB", "ORIG_FID": "257" }, "geometry": { "type": "Point", "coordinates": [ 75.6282228, 23.9403636 ] } },
{ "type": "Feature", "properties": { "RAINGAUGE": "GEGAL", "DISTRICT": "AJMER", "LONGITUDE": "74:45:23.374", "LATITUDE": "26:32:48.670", "COUNT": "20.00", "MRF_1984": "Not Available", "NMRF_1984": "Not Available", "ATRF_1984": "Not Available", "MRF_1985": "Not Available", "NMRF_1985": "Not Available", "ATRF_1985": "Not Available", "MRF_1986": "Not Available", "NMRF_1986": "Not Available", "ATRF_1986": "Not Available", "MRF_1987": "Not Available", "NMRF_1987": "Not Available", "ATRF_1987": "Not Available", "MRF_1988": "Not Available", "NMRF_1988": "Not Available", "ATRF_1988": "Not Available", "MRF_1989": "Not Available", "NMRF_1989": "Not Available", "ATRF_1989": "Not Available", "MRF_1990": "Not Available", "NMRF_1990": "Not Available", "ATRF_1990": "Not Available", "MRF_1991": null, "NMRF_1991": null, "ATRF_1991": "553.00", "MRF_1992": null, "NMRF_1992": null, "ATRF_1992": "541.00", "MRF_1993": null, "NMRF_1993": null, "ATRF_1993": "302.00", "MRF_1994": null, "NMRF_1994": null, "ATRF_1994": "531.00", "MRF_1995": null, "NMRF_1995": null, "ATRF_1995": "339.00", "MRF_1996": null, "NMRF_1996": null, "ATRF_1996": "689.00", "MRF_1997": null, "NMRF_1997": null, "ATRF_1997": "605.00", "MRF_1998": null, "NMRF_1998": null, "ATRF_1998": "246.00", "MRF_1999": null, "NMRF_1999": null, "ATRF_1999": "168.00", "MRF_2000": null, "NMRF_2000": null, "ATRF_2000": "391.20", "MRF_2001": null, "NMRF_2001": null, "ATRF_2001": "427.00", "MRF_2002": null, "NMRF_2002": null, "ATRF_2002": "147.00", "MRF_2003": null, "NMRF_2003": null, "ATRF_2003": "414.00", "MRF_2004": null, "NMRF_2004": null, "ATRF_2004": "178.00", "MRF_2005": null, "NMRF_2005": null, "ATRF_2005": "143.00", "MRF_2006": null, "NMRF_2006": null, "ATRF_2006": "78.50", "MRF_2007": null, "NMRF_2007": null, "ATRF_2007": "134.50", "MRF_2008": null, "NMRF_2008": null, "ATRF_2008": "137.00", "MRF_2009": null, "NMRF_2009": null, "ATRF_2009": "129.00", "MRF_2010": "422.50", "NMRF_2010": "24.00", "ATRF_2010": "446.50", "AGENCY": "CGWB", "ORIG_FID": "258" }, "geometry": { "type": "Point", "coordinates": [ 74.7564928, 26.5468528 ] } },
{ "type": "Feature", "properties": { "RAINGAUGE": "GHARSANA", "DISTRICT": "GANGANAGAR", "LONGITUDE": "73:12:00.000", "LATITUDE": "28:57:30.000", "COUNT": "9.00", "MRF_1984": "Not Available", "NMRF_1984": "Not Available", "ATRF_1984": "Not Available", "MRF_1985": "Not Available", "NMRF_1985": "Not Available", "ATRF_1985": "Not Available", "MRF_1986": "Not Available", "NMRF_1986": "Not Available", "ATRF_1986": "Not Available", "MRF_1987": "Not Available", "NMRF_1987": "Not Available", "ATRF_1987": "Not Available", "MRF_1988": "Not Available", "NMRF_1988": "Not Available", "ATRF_1988": "Not Available", "MRF_1989": "Not Available", "NMRF_1989": "Not Available", "ATRF_1989": "Not Available", "MRF_1990": "Not Available", "NMRF_1990": "Not Available", "ATRF_1990": "Not Available", "MRF_1991": "Not Available", "NMRF_1991": "Not Available", "ATRF_1991": "Not Available", "MRF_1992": "Not Available", "NMRF_1992": "Not Available", "ATRF_1992": "Not Available", "MRF_1993": "Not Available", "NMRF_1993": "Not Available", "ATRF_1993": "Not Available", "MRF_1994": "Not Available", "NMRF_1994": "Not Available", "ATRF_1994": "Not Available", "MRF_1995": "Not Available", "NMRF_1995": "Not Available", "ATRF_1995": "Not Available", "MRF_1996": "Not Available", "NMRF_1996": "Not Available", "ATRF_1996": "Not Available", "MRF_1997": "Not Available", "NMRF_1997": "Not Available", "ATRF_1997": "Not Available", "MRF_1998": "Not Available", "NMRF_1998": "Not Available", "ATRF_1998": "Not Available", "MRF_1999": "Not Available", "NMRF_1999": "Not Available", "ATRF_1999": "Not Available", "MRF_2000": "Not Available", "NMRF_2000": "Not Available", "ATRF_2000": "Not Available", "MRF_2001": "Not Available", "NMRF_2001": "Not Available", "ATRF_2001": "Not Available", "MRF_2002": null, "NMRF_2002": null, "ATRF_2002": "34.00", "MRF_2003": null, "NMRF_2003": null, "ATRF_2003": "302.00", "MRF_2004": null, "NMRF_2004": null, "ATRF_2004": "121.00", "MRF_2005": null, "NMRF_2005": null, "ATRF_2005": "201.00", "MRF_2006": null, "NMRF_2006": null, "ATRF_2006": "215.00", "MRF_2007": null, "NMRF_2007": null, "ATRF_2007": "235.00", "MRF_2008": null, "NMRF_2008": null, "ATRF_2008": "264.00", "MRF_2009": null, "NMRF_2009": null, "ATRF_2009": "135.00", "MRF_2010": "166.00", "NMRF_2010": "30.00", "ATRF_2010": "196.00", "AGENCY": "CGWB", "ORIG_FID": "259" }, "geometry": { "type": "Point", "coordinates": [ 73.2, 28.9583333 ] } },
{ "type": "Feature", "properties": { "RAINGAUGE": "GOYLA", "DISTRICT": "AJMER", "LONGITUDE": "74:57:00.000", "LATITUDE": "26:07:00.000", "COUNT": "19.00", "MRF_1984": "Not Available", "NMRF_1984": "Not Available", "ATRF_1984": "Not Available", "MRF_1985": "Not Available", "NMRF_1985": "Not Available", "ATRF_1985": "Not Available", "MRF_1986": "Not Available", "NMRF_1986": "Not Available", "ATRF_1986": "Not Available", "MRF_1987": "Not Available", "NMRF_1987": "Not Available", "ATRF_1987": "Not Available", "MRF_1988": "Not Available", "NMRF_1988": "Not Available", "ATRF_1988": "Not Available", "MRF_1989": "Not Available", "NMRF_1989": "Not Available", "ATRF_1989": "Not Available", "MRF_1990": "Not Available", "NMRF_1990": "Not Available", "ATRF_1990": "Not Available", "MRF_1991": "Not Available", "NMRF_1991": "Not Available", "ATRF_1991": "Not Available", "MRF_1992": null, "NMRF_1992": null, "ATRF_1992": "335.00", "MRF_1993": null, "NMRF_1993": null, "ATRF_1993": "339.00", "MRF_1994": null, "NMRF_1994": null, "ATRF_1994": "801.00", "MRF_1995": null, "NMRF_1995": null, "ATRF_1995": "232.00", "MRF_1996": null, "NMRF_1996": null, "ATRF_1996": "453.00", "MRF_1997": null, "NMRF_1997": null, "ATRF_1997": "86.00", "MRF_1998": null, "NMRF_1998": null, "ATRF_1998": "240.00", "MRF_1999": null, "NMRF_1999": null, "ATRF_1999": "261.00", "MRF_2000": null, "NMRF_2000": null, "ATRF_2000": "201.00", "MRF_2001": null, "NMRF_2001": null, "ATRF_2001": "279.00", "MRF_2002": null, "NMRF_2002": null, "ATRF_2002": "87.00", "MRF_2003": null, "NMRF_2003": null, "ATRF_2003": "178.00", "MRF_2004": null, "NMRF_2004": null, "ATRF_2004": "226.00", "MRF_2005": null, "NMRF_2005": null, "ATRF_2005": "278.00", "MRF_2006": null, "NMRF_2006": null, "ATRF_2006": "242.00", "MRF_2007": null, "NMRF_2007": null, "ATRF_2007": "318.00", "MRF_2008": null, "NMRF_2008": null, "ATRF_2008": "399.00", "MRF_2009": null, "NMRF_2009": null, "ATRF_2009": "262.00", "MRF_2010": "352.00", "NMRF_2010": "112.00", "ATRF_2010": "464.00", "AGENCY": "CGWB", "ORIG_FID": "261" }, "geometry": { "type": "Point", "coordinates": [ 74.95, 26.1166667 ] } },
{ "type": "Feature", "properties": { "RAINGAUGE": "GUDAMALANI", "DISTRICT": "BARMER", "LONGITUDE": "71:42:39.015", "LATITUDE": "25:10:56.262", "COUNT": "19.00", "MRF_1984": "Not Available", "NMRF_1984": "Not Available", "ATRF_1984": "Not Available", "MRF_1985": "Not Available", "NMRF_1985": "Not Available", "ATRF_1985": "Not Available", "MRF_1986": "Not Available", "NMRF_1986": "Not Available", "ATRF_1986": "Not Available", "MRF_1987": "Not Available", "NMRF_1987": "Not Available", "ATRF_1987": "Not Available", "MRF_1988": "Not Available", "NMRF_1988": "Not Available", "ATRF_1988": "Not Available", "MRF_1989": "Not Available", "NMRF_1989": "Not Available", "ATRF_1989": "Not Available", "MRF_1990": "Not Available", "NMRF_1990": "Not Available", "ATRF_1990": "Not Available", "MRF_1991": null, "NMRF_1991": null, "ATRF_1991": "141.10", "MRF_1992": null, "NMRF_1992": null, "ATRF_1992": "352.00", "MRF_1993": null, "NMRF_1993": null, "ATRF_1993": "487.00", "MRF_1994": null, "NMRF_1994": null, "ATRF_1994": "544.00", "MRF_1995": null, "NMRF_1995": null, "ATRF_1995": "267.00", "MRF_1996": null, "NMRF_1996": null, "ATRF_1996": "186.00", "MRF_1997": null, "NMRF_1997": null, "ATRF_1997": "250.00", "MRF_1998": null, "NMRF_1998": null, "ATRF_1998": "288.00", "MRF_1999": null, "NMRF_1999": null, "ATRF_1999": "152.00", "MRF_2000": null, "NMRF_2000": null, "ATRF_2000": "267.00", "MRF_2001": null, "NMRF_2001": null, "ATRF_2001": "257.00", "MRF_2002": null, "NMRF_2002": null, "ATRF_2002": "36.00", "MRF_2003": null, "NMRF_2003": null, "ATRF_2003": "556.00", "MRF_2004": null, "NMRF_2004": null, "ATRF_2004": "156.00", "MRF_2005": null, "NMRF_2005": null, "ATRF_2005": "207.00", "MRF_2006": null, "NMRF_2006": null, "ATRF_2006": "578.00", "MRF_2007": null, "NMRF_2007": null, "ATRF_2007": "361.00", "MRF_2008": null, "NMRF_2008": null, "ATRF_2008": "363.00", "MRF_2009": null, "NMRF_2009": null, "ATRF_2009": "119.00", "MRF_2010": "Not Available", "NMRF_2010": "Not Available", "ATRF_2010": "Not Available", "AGENCY": "CGWB", "ORIG_FID": "262" }, "geometry": { "type": "Point", "coordinates": [ 71.7108375, 25.182295 ] } },
{ "type": "Feature", "properties": { "RAINGAUGE": "HINDAUN", "DISTRICT": "SAWAI MADHOPUR", "LONGITUDE": "77:01:03.566", "LATITUDE": "26:42:59.732", "COUNT": "20.00", "MRF_1984": "Not Available", "NMRF_1984": "Not Available", "ATRF_1984": "Not Available", "MRF_1985": "Not Available", "NMRF_1985": "Not Available", "ATRF_1985": "Not Available", "MRF_1986": "Not Available", "NMRF_1986": "Not Available", "ATRF_1986": "Not Available", "MRF_1987": "Not Available", "NMRF_1987": "Not Available", "ATRF_1987": "Not Available", "MRF_1988": "Not Available", "NMRF_1988": "Not Available", "ATRF_1988": "Not Available", "MRF_1989": "Not Available", "NMRF_1989": "Not Available", "ATRF_1989": "Not Available", "MRF_1990": "Not Available", "NMRF_1990": "Not Available", "ATRF_1990": "Not Available", "MRF_1991": null, "NMRF_1991": null, "ATRF_1991": "360.00", "MRF_1992": null, "NMRF_1992": null, "ATRF_1992": "520.00", "MRF_1993": null, "NMRF_1993": null, "ATRF_1993": "297.00", "MRF_1994": null, "NMRF_1994": null, "ATRF_1994": "614.00", "MRF_1995": null, "NMRF_1995": null, "ATRF_1995": "943.00", "MRF_1996": null, "NMRF_1996": null, "ATRF_1996": "909.00", "MRF_1997": null, "NMRF_1997": null, "ATRF_1997": "646.00", "MRF_1998": null, "NMRF_1998": null, "ATRF_1998": "1019.00", "MRF_1999": null, "NMRF_1999": null, "ATRF_1999": "573.00", "MRF_2000": null, "NMRF_2000": null, "ATRF_2000": "428.00", "MRF_2001": null, "NMRF_2001": null, "ATRF_2001": "535.00", "MRF_2002": null, "NMRF_2002": null, "ATRF_2002": "287.00", "MRF_2003": null, "NMRF_2003": null, "ATRF_2003": "557.00", "MRF_2004": null, "NMRF_2004": null, "ATRF_2004": "497.00", "MRF_2005": null, "NMRF_2005": null, "ATRF_2005": "660.00", "MRF_2006": null, "NMRF_2006": null, "ATRF_2006": "372.00", "MRF_2007": null, "NMRF_2007": null, "ATRF_2007": "523.00", "MRF_2008": null, "NMRF_2008": null, "ATRF_2008": "819.00", "MRF_2009": null, "NMRF_2009": null, "ATRF_2009": "450.00", "MRF_2010": "Not Available", "NMRF_2010": "Not Available", "ATRF_2010": "Not Available", "AGENCY": "CGWB", "ORIG_FID": "263" }, "geometry": { "type": "Point", "coordinates": [ 77.0176572, 26.7165922 ] } },
{ "type": "Feature", "properties": { "RAINGAUGE": "INDERGARH", "DISTRICT": "BUNDI", "LONGITUDE": "76:12:41.884", "LATITUDE": "25:43:01.870", "COUNT": "20.00", "MRF_1984": "Not Available", "NMRF_1984": "Not Available", "ATRF_1984": "Not Available", "MRF_1985": "Not Available", "NMRF_1985": "Not Available", "ATRF_1985": "Not Available", "MRF_1986": "Not Available", "NMRF_1986": "Not Available", "ATRF_1986": "Not Available", "MRF_1987": "Not Available", "NMRF_1987": "Not Available", "ATRF_1987": "Not Available", "MRF_1988": "Not Available", "NMRF_1988": "Not Available", "ATRF_1988": "Not Available", "MRF_1989": "Not Available", "NMRF_1989": "Not Available", "ATRF_1989": "Not Available", "MRF_1990": "Not Available", "NMRF_1990": "Not Available", "ATRF_1990": "Not Available", "MRF_1991": null, "NMRF_1991": null, "ATRF_1991": "1173.50", "MRF_1992": null, "NMRF_1992": null, "ATRF_1992": "803.40", "MRF_1993": null, "NMRF_1993": null, "ATRF_1993": "633.40", "MRF_1994": null, "NMRF_1994": null, "ATRF_1994": "1221.80", "MRF_1995": null, "NMRF_1995": null, "ATRF_1995": "1230.70", "MRF_1996": null, "NMRF_1996": null, "ATRF_1996": "1231.50", "MRF_1997": null, "NMRF_1997": null, "ATRF_1997": "919.50", "MRF_1998": null, "NMRF_1998": null, "ATRF_1998": "819.00", "MRF_1999": null, "NMRF_1999": null, "ATRF_1999": "837.00", "MRF_2000": null, "NMRF_2000": null, "ATRF_2000": "462.00", "MRF_2001": null, "NMRF_2001": null, "ATRF_2001": "794.00", "MRF_2002": null, "NMRF_2002": null, "ATRF_2002": "472.00", "MRF_2003": null, "NMRF_2003": null, "ATRF_2003": "808.00", "MRF_2004": null, "NMRF_2004": null, "ATRF_2004": "978.00", "MRF_2005": null, "NMRF_2005": null, "ATRF_2005": "691.10", "MRF_2006": null, "NMRF_2006": null, "ATRF_2006": "551.50", "MRF_2007": null, "NMRF_2007": null, "ATRF_2007": "560.00", "MRF_2008": null, "NMRF_2008": null, "ATRF_2008": "881.00", "MRF_2009": null, "NMRF_2009": null, "ATRF_2009": "374.00", "MRF_2010": "431.00", "NMRF_2010": "74.30", "ATRF_2010": "505.30", "AGENCY": "CGWB", "ORIG_FID": "264" }, "geometry": { "type": "Point", "coordinates": [ 76.2116344, 25.7171861 ] } },
{ "type": "Feature", "properties": { "RAINGAUGE": "JAGPURA", "DISTRICT": "BANSWARA", "LONGITUDE": "74:21:17.808", "LATITUDE": "23:51:23.753", "COUNT": "20.00", "MRF_1984": "Not Available", "NMRF_1984": "Not Available", "ATRF_1984": "Not Available", "MRF_1985": "Not Available", "NMRF_1985": "Not Available", "ATRF_1985": "Not Available", "MRF_1986": "Not Available", "NMRF_1986": "Not Available", "ATRF_1986": "Not Available", "MRF_1987": "Not Available", "NMRF_1987": "Not Available", "ATRF_1987": "Not Available", "MRF_1988": "Not Available", "NMRF_1988": "Not Available", "ATRF_1988": "Not Available", "MRF_1989": "Not Available", "NMRF_1989": "Not Available", "ATRF_1989": "Not Available", "MRF_1990": "Not Available", "NMRF_1990": "Not Available", "ATRF_1990": "Not Available", "MRF_1991": null, "NMRF_1991": null, "ATRF_1991": "770.00", "MRF_1992": null, "NMRF_1992": null, "ATRF_1992": "652.00", "MRF_1993": null, "NMRF_1993": null, "ATRF_1993": "863.00", "MRF_1994": null, "NMRF_1994": null, "ATRF_1994": "1172.00", "MRF_1995": null, "NMRF_1995": null, "ATRF_1995": "730.00", "MRF_1996": null, "NMRF_1996": null, "ATRF_1996": "952.00", "MRF_1997": null, "NMRF_1997": null, "ATRF_1997": "658.00", "MRF_1998": null, "NMRF_1998": null, "ATRF_1998": "867.00", "MRF_1999": null, "NMRF_1999": null, "ATRF_1999": "613.00", "MRF_2000": null, "NMRF_2000": null, "ATRF_2000": "389.00", "MRF_2001": null, "NMRF_2001": null, "ATRF_2001": "594.00", "MRF_2002": null, "NMRF_2002": null, "ATRF_2002": "486.00", "MRF_2003": null, "NMRF_2003": null, "ATRF_2003": "698.00", "MRF_2004": null, "NMRF_2004": null, "ATRF_2004": "846.00", "MRF_2005": null, "NMRF_2005": null, "ATRF_2005": "665.00", "MRF_2006": null, "NMRF_2006": null, "ATRF_2006": "1461.00", "MRF_2007": null, "NMRF_2007": null, "ATRF_2007": "774.00", "MRF_2008": null, "NMRF_2008": null, "ATRF_2008": "579.00", "MRF_2009": null, "NMRF_2009": null, "ATRF_2009": "754.00", "MRF_2010": "498.00", "NMRF_2010": "13.00", "ATRF_2010": "511.00", "AGENCY": "CGWB", "ORIG_FID": "265" }, "geometry": { "type": "Point", "coordinates": [ 74.3549467, 23.8565981 ] } },
{ "type": "Feature", "properties": { "RAINGAUGE": "JAIPUR", "DISTRICT": "JAIPUR", "LONGITUDE": "75:50:00.000", "LATITUDE": "26:55:00.000", "COUNT": "20.00", "MRF_1984": "Not Available", "NMRF_1984": "Not Available", "ATRF_1984": "Not Available", "MRF_1985": "Not Available", "NMRF_1985": "Not Available", "ATRF_1985": "Not Available", "MRF_1986": "Not Available", "NMRF_1986": "Not Available", "ATRF_1986": "Not Available", "MRF_1987": "Not Available", "NMRF_1987": "Not Available", "ATRF_1987": "Not Available", "MRF_1988": "Not Available", "NMRF_1988": "Not Available", "ATRF_1988": "Not Available", "MRF_1989": "Not Available", "NMRF_1989": "Not Available", "ATRF_1989": "Not Available", "MRF_1990": "Not Available", "NMRF_1990": "Not Available", "ATRF_1990": "Not Available", "MRF_1991": null, "NMRF_1991": null, "ATRF_1991": "561.00", "MRF_1992": null, "NMRF_1992": null, "ATRF_1992": "742.00", "MRF_1993": null, "NMRF_1993": null, "ATRF_1993": "493.00", "MRF_1994": null, "NMRF_1994": null, "ATRF_1994": "713.00", "MRF_1995": null, "NMRF_1995": null, "ATRF_1995": "754.80", "MRF_1996": null, "NMRF_1996": null, "ATRF_1996": "887.00", "MRF_1997": null, "NMRF_1997": null, "ATRF_1997": "715.00", "MRF_1998": null, "NMRF_1998": null, "ATRF_1998": "696.00", "MRF_1999": null, "NMRF_1999": null, "ATRF_1999": "597.00", "MRF_2000": null, "NMRF_2000": null, "ATRF_2000": "346.20", "MRF_2001": null, "NMRF_2001": null, "ATRF_2001": "426.80", "MRF_2002": null, "NMRF_2002": null, "ATRF_2002": "222.40", "MRF_2003": null, "NMRF_2003": null, "ATRF_2003": "511.00", "MRF_2004": null, "NMRF_2004": null, "ATRF_2004": "807.00", "MRF_2005": null, "NMRF_2005": null, "ATRF_2005": "408.60", "MRF_2006": null, "NMRF_2006": null, "ATRF_2006": "335.00", "MRF_2007": null, "NMRF_2007": null, "ATRF_2007": "521.00", "MRF_2008": null, "NMRF_2008": null, "ATRF_2008": "572.00", "MRF_2009": null, "NMRF_2009": null, "ATRF_2009": "306.00", "MRF_2010": "571.00", "NMRF_2010": "88.00", "ATRF_2010": "659.00", "AGENCY": "CGWB", "ORIG_FID": "266" }, "geometry": { "type": "Point", "coordinates": [ 75.8333333, 26.9166667 ] } },
{ "type": "Feature", "properties": { "RAINGAUGE": "JHALAWAR", "DISTRICT": "JHALAWAR", "LONGITUDE": "76:10:17.968", "LATITUDE": "24:36:35.376", "COUNT": "20.00", "MRF_1984": "Not Available", "NMRF_1984": "Not Available", "ATRF_1984": "Not Available", "MRF_1985": "Not Available", "NMRF_1985": "Not Available", "ATRF_1985": "Not Available", "MRF_1986": "Not Available", "NMRF_1986": "Not Available", "ATRF_1986": "Not Available", "MRF_1987": "Not Available", "NMRF_1987": "Not Available", "ATRF_1987": "Not Available", "MRF_1988": "Not Available", "NMRF_1988": "Not Available", "ATRF_1988": "Not Available", "MRF_1989": "Not Available", "NMRF_1989": "Not Available", "ATRF_1989": "Not Available", "MRF_1990": "Not Available", "NMRF_1990": "Not Available", "ATRF_1990": "Not Available", "MRF_1991": null, "NMRF_1991": null, "ATRF_1991": "714.80", "MRF_1992": null, "NMRF_1992": null, "ATRF_1992": "836.00", "MRF_1993": null, "NMRF_1993": null, "ATRF_1993": "1113.60", "MRF_1994": null, "NMRF_1994": null, "ATRF_1994": "987.00", "MRF_1995": null, "NMRF_1995": null, "ATRF_1995": "973.10", "MRF_1996": null, "NMRF_1996": null, "ATRF_1996": "1282.40", "MRF_1997": null, "NMRF_1997": null, "ATRF_1997": "1247.20", "MRF_1998": null, "NMRF_1998": null, "ATRF_1998": "602.00", "MRF_1999": null, "NMRF_1999": null, "ATRF_1999": "526.00", "MRF_2000": null, "NMRF_2000": null, "ATRF_2000": "727.00", "MRF_2001": null, "NMRF_2001": null, "ATRF_2001": "917.00", "MRF_2002": null, "NMRF_2002": null, "ATRF_2002": "588.00", "MRF_2003": null, "NMRF_2003": null, "ATRF_2003": "938.00", "MRF_2004": null, "NMRF_2004": null, "ATRF_2004": "967.00", "MRF_2005": null, "NMRF_2005": null, "ATRF_2005": "814.00", "MRF_2006": null, "NMRF_2006": null, "ATRF_2006": "1614.50", "MRF_2007": null, "NMRF_2007": null, "ATRF_2007": "659.00", "MRF_2008": null, "NMRF_2008": null, "ATRF_2008": "750.00", "MRF_2009": null, "NMRF_2009": null, "ATRF_2009": "793.00", "MRF_2010": "605.00", "NMRF_2010": "36.00", "ATRF_2010": "641.00", "AGENCY": "CGWB", "ORIG_FID": "267" }, "geometry": { "type": "Point", "coordinates": [ 76.1716578, 24.6098267 ] } },
{ "type": "Feature", "properties": { "RAINGAUGE": "JODHPUR", "DISTRICT": "JODHPUR", "LONGITUDE": "73:01:00.000", "LATITUDE": "26:18:00.000", "COUNT": "20.00", "MRF_1984": "Not Available", "NMRF_1984": "Not Available", "ATRF_1984": "Not Available", "MRF_1985": "Not Available", "NMRF_1985": "Not Available", "ATRF_1985": "Not Available", "MRF_1986": "Not Available", "NMRF_1986": "Not Available", "ATRF_1986": "Not Available", "MRF_1987": "Not Available", "NMRF_1987": "Not Available", "ATRF_1987": "Not Available", "MRF_1988": "Not Available", "NMRF_1988": "Not Available", "ATRF_1988": "Not Available", "MRF_1989": "Not Available", "NMRF_1989": "Not Available", "ATRF_1989": "Not Available", "MRF_1990": "Not Available", "NMRF_1990": "Not Available", "ATRF_1990": "Not Available", "MRF_1991": null, "NMRF_1991": null, "ATRF_1991": "232.50", "MRF_1992": null, "NMRF_1992": null, "ATRF_1992": "526.00", "MRF_1993": null, "NMRF_1993": null, "ATRF_1993": "232.00", "MRF_1994": null, "NMRF_1994": null, "ATRF_1994": "396.00", "MRF_1995": null, "NMRF_1995": null, "ATRF_1995": "344.00", "MRF_1996": null, "NMRF_1996": null, "ATRF_1996": "521.10", "MRF_1997": null, "NMRF_1997": null, "ATRF_1997": "572.10", "MRF_1998": null, "NMRF_1998": null, "ATRF_1998": "577.00", "MRF_1999": null, "NMRF_1999": null, "ATRF_1999": "357.00", "MRF_2000": null, "NMRF_2000": null, "ATRF_2000": "273.00", "MRF_2001": null, "NMRF_2001": null, "ATRF_2001": "523.00", "MRF_2002": null, "NMRF_2002": null, "ATRF_2002": "91.00", "MRF_2003": null, "NMRF_2003": null, "ATRF_2003": "359.00", "MRF_2004": null, "NMRF_2004": null, "ATRF_2004": "182.00", "MRF_2005": null, "NMRF_2005": null, "ATRF_2005": "283.00", "MRF_2006": null, "NMRF_2006": null, "ATRF_2006": "210.00", "MRF_2007": null, "NMRF_2007": null, "ATRF_2007": "205.00", "MRF_2008": null, "NMRF_2008": null, "ATRF_2008": "490.40", "MRF_2009": null, "NMRF_2009": null, "ATRF_2009": "204.50", "MRF_2010": "459.00", "NMRF_2010": "52.00", "ATRF_2010": "511.00", "AGENCY": "CGWB", "ORIG_FID": "268" }, "geometry": { "type": "Point", "coordinates": [ 73.0166667, 26.3 ] } },
{ "type": "Feature", "properties": { "RAINGAUGE": "KANBA", "DISTRICT": "DUNGARPUR", "LONGITUDE": "73:48:38.044", "LATITUDE": "23:29:39.674", "COUNT": "20.00", "MRF_1984": "Not Available", "NMRF_1984": "Not Available", "ATRF_1984": "Not Available", "MRF_1985": "Not Available", "NMRF_1985": "Not Available", "ATRF_1985": "Not Available", "MRF_1986": "Not Available", "NMRF_1986": "Not Available", "ATRF_1986": "Not Available", "MRF_1987": "Not Available", "NMRF_1987": "Not Available", "ATRF_1987": "Not Available", "MRF_1988": "Not Available", "NMRF_1988": "Not Available", "ATRF_1988": "Not Available", "MRF_1989": "Not Available", "NMRF_1989": "Not Available", "ATRF_1989": "Not Available", "MRF_1990": "Not Available", "NMRF_1990": "Not Available", "ATRF_1990": "Not Available", "MRF_1991": null, "NMRF_1991": null, "ATRF_1991": "599.50", "MRF_1992": null, "NMRF_1992": null, "ATRF_1992": "940.00", "MRF_1993": null, "NMRF_1993": null, "ATRF_1993": "729.00", "MRF_1994": null, "NMRF_1994": null, "ATRF_1994": "1531.50", "MRF_1995": null, "NMRF_1995": null, "ATRF_1995": "480.00", "MRF_1996": null, "NMRF_1996": null, "ATRF_1996": "609.00", "MRF_1997": null, "NMRF_1997": null, "ATRF_1997": "599.00", "MRF_1998": null, "NMRF_1998": null, "ATRF_1998": "539.00", "MRF_1999": null, "NMRF_1999": null, "ATRF_1999": "304.00", "MRF_2000": null, "NMRF_2000": null, "ATRF_2000": "338.00", "MRF_2001": null, "NMRF_2001": null, "ATRF_2001": "446.00", "MRF_2002": null, "NMRF_2002": null, "ATRF_2002": "256.00", "MRF_2003": null, "NMRF_2003": null, "ATRF_2003": "511.00", "MRF_2004": null, "NMRF_2004": null, "ATRF_2004": "464.00", "MRF_2005": null, "NMRF_2005": null, "ATRF_2005": "509.00", "MRF_2006": null, "NMRF_2006": null, "ATRF_2006": "976.00", "MRF_2007": null, "NMRF_2007": null, "ATRF_2007": "445.00", "MRF_2008": null, "NMRF_2008": null, "ATRF_2008": "346.00", "MRF_2009": null, "NMRF_2009": null, "ATRF_2009": "440.00", "MRF_2010": "728.00", "NMRF_2010": "72.00", "ATRF_2010": "800.00", "AGENCY": "CGWB", "ORIG_FID": "269" }, "geometry": { "type": "Point", "coordinates": [ 73.8105678, 23.4943539 ] } },
{ "type": "Feature", "properties": { "RAINGAUGE": "KESARPURA", "DISTRICT": null, "LONGITUDE": "74:03:27.000", "LATITUDE": "23:27:25.000", "COUNT": "20.00", "MRF_1984": "Not Available", "NMRF_1984": "Not Available", "ATRF_1984": "Not Available", "MRF_1985": "Not Available", "NMRF_1985": "Not Available", "ATRF_1985": "Not Available", "MRF_1986": "Not Available", "NMRF_1986": "Not Available", "ATRF_1986": "Not Available", "MRF_1987": "Not Available", "NMRF_1987": "Not Available", "ATRF_1987": "Not Available", "MRF_1988": "Not Available", "NMRF_1988": "Not Available", "ATRF_1988": "Not Available", "MRF_1989": "Not Available", "NMRF_1989": "Not Available", "ATRF_1989": "Not Available", "MRF_1990": "Not Available", "NMRF_1990": "Not Available", "ATRF_1990": "Not Available", "MRF_1991": null, "NMRF_1991": null, "ATRF_1991": "1045.00", "MRF_1992": null, "NMRF_1992": null, "ATRF_1992": "821.00", "MRF_1993": null, "NMRF_1993": null, "ATRF_1993": "802.00", "MRF_1994": null, "NMRF_1994": null, "ATRF_1994": "1522.00", "MRF_1995": null, "NMRF_1995": null, "ATRF_1995": "687.00", "MRF_1996": null, "NMRF_1996": null, "ATRF_1996": "917.00", "MRF_1997": null, "NMRF_1997": null, "ATRF_1997": "1147.00", "MRF_1998": null, "NMRF_1998": null, "ATRF_1998": "875.00", "MRF_1999": null, "NMRF_1999": null, "ATRF_1999": "447.00", "MRF_2000": null, "NMRF_2000": null, "ATRF_2000": "543.00", "MRF_2001": null, "NMRF_2001": null, "ATRF_2001": "765.00", "MRF_2002": null, "NMRF_2002": null, "ATRF_2002": "610.00", "MRF_2003": null, "NMRF_2003": null, "ATRF_2003": "870.00", "MRF_2004": null, "NMRF_2004": null, "ATRF_2004": "867.00", "MRF_2005": null, "NMRF_2005": null, "ATRF_2005": "932.00", "MRF_2006": null, "NMRF_2006": null, "ATRF_2006": "1853.00", "MRF_2007": null, "NMRF_2007": null, "ATRF_2007": "1515.00", "MRF_2008": null, "NMRF_2008": null, "ATRF_2008": "550.00", "MRF_2009": null, "NMRF_2009": null, "ATRF_2009": "686.00", "MRF_2010": "Not Available", "NMRF_2010": "Not Available", "ATRF_2010": "Not Available", "AGENCY": "CGWB", "ORIG_FID": "270" }, "geometry": { "type": "Point", "coordinates": [ 74.0575, 23.4569444 ] } },
{ "type": "Feature", "properties": { "RAINGAUGE": "KHAJUWALA", "DISTRICT": "BIKANER", "LONGITUDE": "72:35:00.000", "LATITUDE": "28:42:25.000", "COUNT": "9.00", "MRF_1984": "Not Available", "NMRF_1984": "Not Available", "ATRF_1984": "Not Available", "MRF_1985": "Not Available", "NMRF_1985": "Not Available", "ATRF_1985": "Not Available", "MRF_1986": "Not Available", "NMRF_1986": "Not Available", "ATRF_1986": "Not Available", "MRF_1987": "Not Available", "NMRF_1987": "Not Available", "ATRF_1987": "Not Available", "MRF_1988": "Not Available", "NMRF_1988": "Not Available", "ATRF_1988": "Not Available", "MRF_1989": "Not Available", "NMRF_1989": "Not Available", "ATRF_1989": "Not Available", "MRF_1990": "Not Available", "NMRF_1990": "Not Available", "ATRF_1990": "Not Available", "MRF_1991": "Not Available", "NMRF_1991": "Not Available", "ATRF_1991": "Not Available", "MRF_1992": "Not Available", "NMRF_1992": "Not Available", "ATRF_1992": "Not Available", "MRF_1993": "Not Available", "NMRF_1993": "Not Available", "ATRF_1993": "Not Available", "MRF_1994": "Not Available", "NMRF_1994": "Not Available", "ATRF_1994": "Not Available", "MRF_1995": "Not Available", "NMRF_1995": "Not Available", "ATRF_1995": "Not Available", "MRF_1996": "Not Available", "NMRF_1996": "Not Available", "ATRF_1996": "Not Available", "MRF_1997": "Not Available", "NMRF_1997": "Not Available", "ATRF_1997": "Not Available", "MRF_1998": "Not Available", "NMRF_1998": "Not Available", "ATRF_1998": "Not Available", "MRF_1999": "Not Available", "NMRF_1999": "Not Available", "ATRF_1999": "Not Available", "MRF_2000": "Not Available", "NMRF_2000": "Not Available", "ATRF_2000": "Not Available", "MRF_2001": "Not Available", "NMRF_2001": "Not Available", "ATRF_2001": "Not Available", "MRF_2002": null, "NMRF_2002": null, "ATRF_2002": "86.00", "MRF_2003": null, "NMRF_2003": null, "ATRF_2003": "184.00", "MRF_2004": null, "NMRF_2004": null, "ATRF_2004": "254.00", "MRF_2005": null, "NMRF_2005": null, "ATRF_2005": "195.00", "MRF_2006": null, "NMRF_2006": null, "ATRF_2006": "142.00", "MRF_2007": null, "NMRF_2007": null, "ATRF_2007": "195.00", "MRF_2008": null, "NMRF_2008": null, "ATRF_2008": "242.00", "MRF_2009": null, "NMRF_2009": null, "ATRF_2009": "92.00", "MRF_2010": "251.00", "NMRF_2010": "18.00", "ATRF_2010": "269.00", "AGENCY": "CGWB", "ORIG_FID": "271" }, "geometry": { "type": "Point", "coordinates": [ 72.5833333, 28.7069444 ] } },
{ "type": "Feature", "properties": { "RAINGAUGE": "KHINVSAR", "DISTRICT": "NAGAUR", "LONGITUDE": "73:25:00.000", "LATITUDE": "26:58:00.000", "COUNT": "9.00", "MRF_1984": "Not Available", "NMRF_1984": "Not Available", "ATRF_1984": "Not Available", "MRF_1985": "Not Available", "NMRF_1985": "Not Available", "ATRF_1985": "Not Available", "MRF_1986": "Not Available", "NMRF_1986": "Not Available", "ATRF_1986": "Not Available", "MRF_1987": "Not Available", "NMRF_1987": "Not Available", "ATRF_1987": "Not Available", "MRF_1988": "Not Available", "NMRF_1988": "Not Available", "ATRF_1988": "Not Available", "MRF_1989": "Not Available", "NMRF_1989": "Not Available", "ATRF_1989": "Not Available", "MRF_1990": "Not Available", "NMRF_1990": "Not Available", "ATRF_1990": "Not Available", "MRF_1991": "Not Available", "NMRF_1991": "Not Available", "ATRF_1991": "Not Available", "MRF_1992": "Not Available", "NMRF_1992": "Not Available", "ATRF_1992": "Not Available", "MRF_1993": "Not Available", "NMRF_1993": "Not Available", "ATRF_1993": "Not Available", "MRF_1994": "Not Available", "NMRF_1994": "Not Available", "ATRF_1994": "Not Available", "MRF_1995": "Not Available", "NMRF_1995": "Not Available", "ATRF_1995": "Not Available", "MRF_1996": "Not Available", "NMRF_1996": "Not Available", "ATRF_1996": "Not Available", "MRF_1997": "Not Available", "NMRF_1997": "Not Available", "ATRF_1997": "Not Available", "MRF_1998": "Not Available", "NMRF_1998": "Not Available", "ATRF_1998": "Not Available", "MRF_1999": "Not Available", "NMRF_1999": "Not Available", "ATRF_1999": "Not Available", "MRF_2000": "Not Available", "NMRF_2000": "Not Available", "ATRF_2000": "Not Available", "MRF_2001": "Not Available", "NMRF_2001": "Not Available", "ATRF_2001": "Not Available", "MRF_2002": null, "NMRF_2002": null, "ATRF_2002": "59.20", "MRF_2003": null, "NMRF_2003": null, "ATRF_2003": "448.30", "MRF_2004": null, "NMRF_2004": null, "ATRF_2004": "218.50", "MRF_2005": null, "NMRF_2005": null, "ATRF_2005": "249.80", "MRF_2006": null, "NMRF_2006": null, "ATRF_2006": "172.70", "MRF_2007": null, "NMRF_2007": null, "ATRF_2007": "402.00", "MRF_2008": null, "NMRF_2008": null, "ATRF_2008": "258.50", "MRF_2009": null, "NMRF_2009": null, "ATRF_2009": "142.00", "MRF_2010": "310.00", "NMRF_2010": "22.40", "ATRF_2010": "332.40", "AGENCY": "CGWB", "ORIG_FID": "272" }, "geometry": { "type": "Point", "coordinates": [ 73.4166667, 26.9666667 ] } },
{ "type": "Feature", "properties": { "RAINGAUGE": "KISHANGARH (AL)", "DISTRICT": "ALWAR", "LONGITUDE": "76:36:54.257", "LATITUDE": "27:48:34.866", "COUNT": "20.00", "MRF_1984": "Not Available", "NMRF_1984": "Not Available", "ATRF_1984": "Not Available", "MRF_1985": "Not Available", "NMRF_1985": "Not Available", "ATRF_1985": "Not Available", "MRF_1986": "Not Available", "NMRF_1986": "Not Available", "ATRF_1986": "Not Available", "MRF_1987": "Not Available", "NMRF_1987": "Not Available", "ATRF_1987": "Not Available", "MRF_1988": "Not Available", "NMRF_1988": "Not Available", "ATRF_1988": "Not Available", "MRF_1989": "Not Available", "NMRF_1989": "Not Available", "ATRF_1989": "Not Available", "MRF_1990": "Not Available", "NMRF_1990": "Not Available", "ATRF_1990": "Not Available", "MRF_1991": null, "NMRF_1991": null, "ATRF_1991": "441.00", "MRF_1992": null, "NMRF_1992": null, "ATRF_1992": "529.10", "MRF_1993": null, "NMRF_1993": null, "ATRF_1993": "563.50", "MRF_1994": null, "NMRF_1994": null, "ATRF_1994": "726.00", "MRF_1995": null, "NMRF_1995": null, "ATRF_1995": "1090.50", "MRF_1996": null, "NMRF_1996": null, "ATRF_1996": "1253.00", "MRF_1997": null, "NMRF_1997": null, "ATRF_1997": "756.00", "MRF_1998": null, "NMRF_1998": null, "ATRF_1998": "672.00", "MRF_1999": null, "NMRF_1999": null, "ATRF_1999": "482.00", "MRF_2000": null, "NMRF_2000": null, "ATRF_2000": "494.00", "MRF_2001": null, "NMRF_2001": null, "ATRF_2001": "561.00", "MRF_2002": null, "NMRF_2002": null, "ATRF_2002": "252.00", "MRF_2003": null, "NMRF_2003": null, "ATRF_2003": "936.00", "MRF_2004": null, "NMRF_2004": null, "ATRF_2004": "701.00", "MRF_2005": null, "NMRF_2005": null, "ATRF_2005": "723.00", "MRF_2006": null, "NMRF_2006": null, "ATRF_2006": "571.00", "MRF_2007": null, "NMRF_2007": null, "ATRF_2007": "610.00", "MRF_2008": null, "NMRF_2008": null, "ATRF_2008": "792.00", "MRF_2009": null, "NMRF_2009": null, "ATRF_2009": "687.00", "MRF_2010": "743.00", "NMRF_2010": "60.00", "ATRF_2010": "803.00", "AGENCY": "CGWB", "ORIG_FID": "273" }, "geometry": { "type": "Point", "coordinates": [ 76.6150714, 27.809685 ] } },
{ "type": "Feature", "properties": { "RAINGAUGE": "LAXMANGARH (SK)", "DISTRICT": "SIKAR", "LONGITUDE": "75:02:00.000", "LATITUDE": "27:50:00.000", "COUNT": "20.00", "MRF_1984": "Not Available", "NMRF_1984": "Not Available", "ATRF_1984": "Not Available", "MRF_1985": "Not Available", "NMRF_1985": "Not Available", "ATRF_1985": "Not Available", "MRF_1986": "Not Available", "NMRF_1986": "Not Available", "ATRF_1986": "Not Available", "MRF_1987": "Not Available", "NMRF_1987": "Not Available", "ATRF_1987": "Not Available", "MRF_1988": "Not Available", "NMRF_1988": "Not Available", "ATRF_1988": "Not Available", "MRF_1989": "Not Available", "NMRF_1989": "Not Available", "ATRF_1989": "Not Available", "MRF_1990": "Not Available", "NMRF_1990": "Not Available", "ATRF_1990": "Not Available", "MRF_1991": null, "NMRF_1991": null, "ATRF_1991": "285.00", "MRF_1992": null, "NMRF_1992": null, "ATRF_1992": "486.00", "MRF_1993": null, "NMRF_1993": null, "ATRF_1993": "414.00", "MRF_1994": null, "NMRF_1994": null, "ATRF_1994": "525.00", "MRF_1995": null, "NMRF_1995": null, "ATRF_1995": "608.00", "MRF_1996": null, "NMRF_1996": null, "ATRF_1996": "567.00", "MRF_1997": null, "NMRF_1997": null, "ATRF_1997": "606.00", "MRF_1998": null, "NMRF_1998": null, "ATRF_1998": "548.00", "MRF_1999": null, "NMRF_1999": null, "ATRF_1999": "316.00", "MRF_2000": null, "NMRF_2000": null, "ATRF_2000": "228.00", "MRF_2001": null, "NMRF_2001": null, "ATRF_2001": "298.00", "MRF_2002": null, "NMRF_2002": null, "ATRF_2002": "124.00", "MRF_2003": null, "NMRF_2003": null, "ATRF_2003": "501.00", "MRF_2004": null, "NMRF_2004": null, "ATRF_2004": "391.00", "MRF_2005": null, "NMRF_2005": null, "ATRF_2005": "332.00", "MRF_2006": null, "NMRF_2006": null, "ATRF_2006": "283.00", "MRF_2007": null, "NMRF_2007": null, "ATRF_2007": "446.00", "MRF_2008": null, "NMRF_2008": null, "ATRF_2008": "655.00", "MRF_2009": null, "NMRF_2009": null, "ATRF_2009": "634.00", "MRF_2010": "609.00", "NMRF_2010": "38.00", "ATRF_2010": "647.00", "AGENCY": "CGWB", "ORIG_FID": "274" }, "geometry": { "type": "Point", "coordinates": [ 75.0333333, 27.8333333 ] } },
{ "type": "Feature", "properties": { "RAINGAUGE": "LOHARIA", "DISTRICT": "BANSWARA", "LONGITUDE": "74:13:49.601", "LATITUDE": "23:45:09.200", "COUNT": "20.00", "MRF_1984": "Not Available", "NMRF_1984": "Not Available", "ATRF_1984": "Not Available", "MRF_1985": "Not Available", "NMRF_1985": "Not Available", "ATRF_1985": "Not Available", "MRF_1986": "Not Available", "NMRF_1986": "Not Available", "ATRF_1986": "Not Available", "MRF_1987": "Not Available", "NMRF_1987": "Not Available", "ATRF_1987": "Not Available", "MRF_1988": "Not Available", "NMRF_1988": "Not Available", "ATRF_1988": "Not Available", "MRF_1989": "Not Available", "NMRF_1989": "Not Available", "ATRF_1989": "Not Available", "MRF_1990": "Not Available", "NMRF_1990": "Not Available", "ATRF_1990": "Not Available", "MRF_1991": null, "NMRF_1991": null, "ATRF_1991": "773.00", "MRF_1992": null, "NMRF_1992": null, "ATRF_1992": "678.00", "MRF_1993": null, "NMRF_1993": null, "ATRF_1993": "639.00", "MRF_1994": null, "NMRF_1994": null, "ATRF_1994": "972.00", "MRF_1995": null, "NMRF_1995": null, "ATRF_1995": "512.00", "MRF_1996": null, "NMRF_1996": null, "ATRF_1996": "959.00", "MRF_1997": null, "NMRF_1997": null, "ATRF_1997": "864.00", "MRF_1998": null, "NMRF_1998": null, "ATRF_1998": "648.00", "MRF_1999": null, "NMRF_1999": null, "ATRF_1999": "721.00", "MRF_2000": null, "NMRF_2000": null, "ATRF_2000": "381.00", "MRF_2001": null, "NMRF_2001": null, "ATRF_2001": "625.00", "MRF_2002": null, "NMRF_2002": null, "ATRF_2002": "601.00", "MRF_2003": null, "NMRF_2003": null, "ATRF_2003": "1181.00", "MRF_2004": null, "NMRF_2004": null, "ATRF_2004": "1060.00", "MRF_2005": null, "NMRF_2005": null, "ATRF_2005": "640.00", "MRF_2006": null, "NMRF_2006": null, "ATRF_2006": "1708.00", "MRF_2007": null, "NMRF_2007": null, "ATRF_2007": "1161.00", "MRF_2008": null, "NMRF_2008": null, "ATRF_2008": "486.00", "MRF_2009": null, "NMRF_2009": null, "ATRF_2009": "722.00", "MRF_2010": "482.00", "NMRF_2010": "15.00", "ATRF_2010": "497.00", "AGENCY": "CGWB", "ORIG_FID": "275" }, "geometry": { "type": "Point", "coordinates": [ 74.2304447, 23.7525556 ] } },
{ "type": "Feature", "properties": { "RAINGAUGE": "MALARNA DUNGAR", "DISTRICT": "SAWAI MADHOPUR", "LONGITUDE": "76:28:51.543", "LATITUDE": "26:16:29.221", "COUNT": "9.00", "MRF_1984": "Not Available", "NMRF_1984": "Not Available", "ATRF_1984": "Not Available", "MRF_1985": "Not Available", "NMRF_1985": "Not Available", "ATRF_1985": "Not Available", "MRF_1986": "Not Available", "NMRF_1986": "Not Available", "ATRF_1986": "Not Available", "MRF_1987": "Not Available", "NMRF_1987": "Not Available", "ATRF_1987": "Not Available", "MRF_1988": "Not Available", "NMRF_1988": "Not Available", "ATRF_1988": "Not Available", "MRF_1989": "Not Available", "NMRF_1989": "Not Available", "ATRF_1989": "Not Available", "MRF_1990": "Not Available", "NMRF_1990": "Not Available", "ATRF_1990": "Not Available", "MRF_1991": "Not Available", "NMRF_1991": "Not Available", "ATRF_1991": "Not Available", "MRF_1992": "Not Available", "NMRF_1992": "Not Available", "ATRF_1992": "Not Available", "MRF_1993": "Not Available", "NMRF_1993": "Not Available", "ATRF_1993": "Not Available", "MRF_1994": "Not Available", "NMRF_1994": "Not Available", "ATRF_1994": "Not Available", "MRF_1995": "Not Available", "NMRF_1995": "Not Available", "ATRF_1995": "Not Available", "MRF_1996": "Not Available", "NMRF_1996": "Not Available", "ATRF_1996": "Not Available", "MRF_1997": "Not Available", "NMRF_1997": "Not Available", "ATRF_1997": "Not Available", "MRF_1998": "Not Available", "NMRF_1998": "Not Available", "ATRF_1998": "Not Available", "MRF_1999": "Not Available", "NMRF_1999": "Not Available", "ATRF_1999": "Not Available", "MRF_2000": "Not Available", "NMRF_2000": "Not Available", "ATRF_2000": "Not Available", "MRF_2001": "Not Available", "NMRF_2001": "Not Available", "ATRF_2001": "Not Available", "MRF_2002": null, "NMRF_2002": null, "ATRF_2002": "184.00", "MRF_2003": null, "NMRF_2003": null, "ATRF_2003": "463.00", "MRF_2004": null, "NMRF_2004": null, "ATRF_2004": "621.00", "MRF_2005": null, "NMRF_2005": null, "ATRF_2005": "759.00", "MRF_2006": null, "NMRF_2006": null, "ATRF_2006": "343.00", "MRF_2007": null, "NMRF_2007": null, "ATRF_2007": "286.00", "MRF_2008": null, "NMRF_2008": null, "ATRF_2008": "650.00", "MRF_2009": null, "NMRF_2009": null, "ATRF_2009": "304.00", "MRF_2010": "771.00", "NMRF_2010": "113.00", "ATRF_2010": "884.00", "AGENCY": "CGWB", "ORIG_FID": "277" }, "geometry": { "type": "Point", "coordinates": [ 76.4809842, 26.2747836 ] } },
{ "type": "Feature", "properties": { "RAINGAUGE": "MANDANA", "DISTRICT": "KOTA", "LONGITUDE": "75:56:00.000", "LATITUDE": "24:56:00.000", "COUNT": "20.00", "MRF_1984": "Not Available", "NMRF_1984": "Not Available", "ATRF_1984": "Not Available", "MRF_1985": "Not Available", "NMRF_1985": "Not Available", "ATRF_1985": "Not Available", "MRF_1986": "Not Available", "NMRF_1986": "Not Available", "ATRF_1986": "Not Available", "MRF_1987": "Not Available", "NMRF_1987": "Not Available", "ATRF_1987": "Not Available", "MRF_1988": "Not Available", "NMRF_1988": "Not Available", "ATRF_1988": "Not Available", "MRF_1989": "Not Available", "NMRF_1989": "Not Available", "ATRF_1989": "Not Available", "MRF_1990": "Not Available", "NMRF_1990": "Not Available", "ATRF_1990": "Not Available", "MRF_1991": null, "NMRF_1991": null, "ATRF_1991": "606.90", "MRF_1992": null, "NMRF_1992": null, "ATRF_1992": "716.80", "MRF_1993": null, "NMRF_1993": null, "ATRF_1993": "732.40", "MRF_1994": null, "NMRF_1994": null, "ATRF_1994": "912.00", "MRF_1995": null, "NMRF_1995": null, "ATRF_1995": "608.50", "MRF_1996": null, "NMRF_1996": null, "ATRF_1996": "1163.00", "MRF_1997": null, "NMRF_1997": null, "ATRF_1997": "749.00", "MRF_1998": null, "NMRF_1998": null, "ATRF_1998": "450.00", "MRF_1999": null, "NMRF_1999": null, "ATRF_1999": "740.00", "MRF_2000": null, "NMRF_2000": null, "ATRF_2000": "580.00", "MRF_2001": null, "NMRF_2001": null, "ATRF_2001": "892.00", "MRF_2002": null, "NMRF_2002": null, "ATRF_2002": "357.00", "MRF_2003": null, "NMRF_2003": null, "ATRF_2003": "760.00", "MRF_2004": null, "NMRF_2004": null, "ATRF_2004": "875.00", "MRF_2005": null, "NMRF_2005": null, "ATRF_2005": "563.00", "MRF_2006": null, "NMRF_2006": null, "ATRF_2006": "1016.00", "MRF_2007": null, "NMRF_2007": null, "ATRF_2007": "581.00", "MRF_2008": null, "NMRF_2008": null, "ATRF_2008": "809.00", "MRF_2009": null, "NMRF_2009": null, "ATRF_2009": "463.00", "MRF_2010": "559.00", "NMRF_2010": "37.00", "ATRF_2010": "596.00", "AGENCY": "CGWB", "ORIG_FID": "279" }, "geometry": { "type": "Point", "coordinates": [ 75.9333333, 24.9333333 ] } },
{ "type": "Feature", "properties": { "RAINGAUGE": "MANDRAYAL", "DISTRICT": "KAROLI", "LONGITUDE": "77:14:23.017", "LATITUDE": "26:18:36.344", "COUNT": "9.00", "MRF_1984": "Not Available", "NMRF_1984": "Not Available", "ATRF_1984": "Not Available", "MRF_1985": "Not Available", "NMRF_1985": "Not Available", "ATRF_1985": "Not Available", "MRF_1986": "Not Available", "NMRF_1986": "Not Available", "ATRF_1986": "Not Available", "MRF_1987": "Not Available", "NMRF_1987": "Not Available", "ATRF_1987": "Not Available", "MRF_1988": "Not Available", "NMRF_1988": "Not Available", "ATRF_1988": "Not Available", "MRF_1989": "Not Available", "NMRF_1989": "Not Available", "ATRF_1989": "Not Available", "MRF_1990": "Not Available", "NMRF_1990": "Not Available", "ATRF_1990": "Not Available", "MRF_1991": "Not Available", "NMRF_1991": "Not Available", "ATRF_1991": "Not Available", "MRF_1992": "Not Available", "NMRF_1992": "Not Available", "ATRF_1992": "Not Available", "MRF_1993": "Not Available", "NMRF_1993": "Not Available", "ATRF_1993": "Not Available", "MRF_1994": "Not Available", "NMRF_1994": "Not Available", "ATRF_1994": "Not Available", "MRF_1995": "Not Available", "NMRF_1995": "Not Available", "ATRF_1995": "Not Available", "MRF_1996": "Not Available", "NMRF_1996": "Not Available", "ATRF_1996": "Not Available", "MRF_1997": "Not Available", "NMRF_1997": "Not Available", "ATRF_1997": "Not Available", "MRF_1998": "Not Available", "NMRF_1998": "Not Available", "ATRF_1998": "Not Available", "MRF_1999": "Not Available", "NMRF_1999": "Not Available", "ATRF_1999": "Not Available", "MRF_2000": "Not Available", "NMRF_2000": "Not Available", "ATRF_2000": "Not Available", "MRF_2001": "Not Available", "NMRF_2001": "Not Available", "ATRF_2001": "Not Available", "MRF_2002": null, "NMRF_2002": null, "ATRF_2002": "284.00", "MRF_2003": null, "NMRF_2003": null, "ATRF_2003": "758.00", "MRF_2004": null, "NMRF_2004": null, "ATRF_2004": "568.00", "MRF_2005": null, "NMRF_2005": null, "ATRF_2005": "518.00", "MRF_2006": null, "NMRF_2006": null, "ATRF_2006": "424.00", "MRF_2007": null, "NMRF_2007": null, "ATRF_2007": "358.50", "MRF_2008": null, "NMRF_2008": null, "ATRF_2008": "1178.00", "MRF_2009": null, "NMRF_2009": null, "ATRF_2009": "705.00", "MRF_2010": "639.00", "NMRF_2010": "109.00", "ATRF_2010": "748.00", "AGENCY": "CGWB", "ORIG_FID": "280" }, "geometry": { "type": "Point", "coordinates": [ 77.2397269, 26.3100956 ] } },
{ "type": "Feature", "properties": { "RAINGAUGE": "MANGLIAWAS", "DISTRICT": "AJMER", "LONGITUDE": "74:30:00.000", "LATITUDE": "26:17:00.000", "COUNT": "20.00", "MRF_1984": "Not Available", "NMRF_1984": "Not Available", "ATRF_1984": "Not Available", "MRF_1985": "Not Available", "NMRF_1985": "Not Available", "ATRF_1985": "Not Available", "MRF_1986": "Not Available", "NMRF_1986": "Not Available", "ATRF_1986": "Not Available", "MRF_1987": "Not Available", "NMRF_1987": "Not Available", "ATRF_1987": "Not Available", "MRF_1988": "Not Available", "NMRF_1988": "Not Available", "ATRF_1988": "Not Available", "MRF_1989": "Not Available", "NMRF_1989": "Not Available", "ATRF_1989": "Not Available", "MRF_1990": "Not Available", "NMRF_1990": "Not Available", "ATRF_1990": "Not Available", "MRF_1991": null, "NMRF_1991": null, "ATRF_1991": "39.50", "MRF_1992": null, "NMRF_1992": null, "ATRF_1992": "142.00", "MRF_1993": null, "NMRF_1993": null, "ATRF_1993": "120.00", "MRF_1994": null, "NMRF_1994": null, "ATRF_1994": "897.00", "MRF_1995": null, "NMRF_1995": null, "ATRF_1995": "514.00", "MRF_1996": null, "NMRF_1996": null, "ATRF_1996": "709.00", "MRF_1997": null, "NMRF_1997": null, "ATRF_1997": "516.00", "MRF_1998": null, "NMRF_1998": null, "ATRF_1998": "447.00", "MRF_1999": null, "NMRF_1999": null, "ATRF_1999": "986.00", "MRF_2000": null, "NMRF_2000": null, "ATRF_2000": "388.70", "MRF_2001": null, "NMRF_2001": null, "ATRF_2001": "427.00", "MRF_2002": null, "NMRF_2002": null, "ATRF_2002": "113.00", "MRF_2003": null, "NMRF_2003": null, "ATRF_2003": "401.50", "MRF_2004": null, "NMRF_2004": null, "ATRF_2004": "322.00", "MRF_2005": null, "NMRF_2005": null, "ATRF_2005": "515.50", "MRF_2006": null, "NMRF_2006": null, "ATRF_2006": "400.00", "MRF_2007": null, "NMRF_2007": null, "ATRF_2007": "469.00", "MRF_2008": null, "NMRF_2008": null, "ATRF_2008": "343.00", "MRF_2009": null, "NMRF_2009": null, "ATRF_2009": "404.00", "MRF_2010": "468.00", "NMRF_2010": "136.00", "ATRF_2010": "604.00", "AGENCY": "CGWB", "ORIG_FID": "281" }, "geometry": { "type": "Point", "coordinates": [ 74.5, 26.2833333 ] } },
{ "type": "Feature", "properties": { "RAINGAUGE": "MANGROL", "DISTRICT": "BARAN", "LONGITUDE": "76:31:00.000", "LATITUDE": "25:20:00.000", "COUNT": "20.00", "MRF_1984": "Not Available", "NMRF_1984": "Not Available", "ATRF_1984": "Not Available", "MRF_1985": "Not Available", "NMRF_1985": "Not Available", "ATRF_1985": "Not Available", "MRF_1986": "Not Available", "NMRF_1986": "Not Available", "ATRF_1986": "Not Available", "MRF_1987": "Not Available", "NMRF_1987": "Not Available", "ATRF_1987": "Not Available", "MRF_1988": "Not Available", "NMRF_1988": "Not Available", "ATRF_1988": "Not Available", "MRF_1989": "Not Available", "NMRF_1989": "Not Available", "ATRF_1989": "Not Available", "MRF_1990": "Not Available", "NMRF_1990": "Not Available", "ATRF_1990": "Not Available", "MRF_1991": null, "NMRF_1991": null, "ATRF_1991": "968.00", "MRF_1992": null, "NMRF_1992": null, "ATRF_1992": "675.00", "MRF_1993": null, "NMRF_1993": null, "ATRF_1993": "691.00", "MRF_1994": null, "NMRF_1994": null, "ATRF_1994": "861.00", "MRF_1995": null, "NMRF_1995": null, "ATRF_1995": "829.00", "MRF_1996": null, "NMRF_1996": null, "ATRF_1996": "941.00", "MRF_1997": null, "NMRF_1997": null, "ATRF_1997": "1008.00", "MRF_1998": null, "NMRF_1998": null, "ATRF_1998": "652.00", "MRF_1999": null, "NMRF_1999": null, "ATRF_1999": "1368.20", "MRF_2000": null, "NMRF_2000": null, "ATRF_2000": "661.00", "MRF_2001": null, "NMRF_2001": null, "ATRF_2001": "879.00", "MRF_2002": null, "NMRF_2002": null, "ATRF_2002": "159.00", "MRF_2003": null, "NMRF_2003": null, "ATRF_2003": "502.00", "MRF_2004": null, "NMRF_2004": null, "ATRF_2004": "817.00", "MRF_2005": null, "NMRF_2005": null, "ATRF_2005": "829.00", "MRF_2006": null, "NMRF_2006": null, "ATRF_2006": "707.00", "MRF_2007": null, "NMRF_2007": null, "ATRF_2007": "486.00", "MRF_2008": null, "NMRF_2008": null, "ATRF_2008": "1152.00", "MRF_2009": null, "NMRF_2009": null, "ATRF_2009": "502.00", "MRF_2010": "569.00", "NMRF_2010": "39.00", "ATRF_2010": "608.00", "AGENCY": "CGWB", "ORIG_FID": "282" }, "geometry": { "type": "Point", "coordinates": [ 76.5166667, 25.3333333 ] } },
{ "type": "Feature", "properties": { "RAINGAUGE": "MASUDA", "DISTRICT": "AJMER", "LONGITUDE": "74:30:45.000", "LATITUDE": "26:05:30.000", "COUNT": "20.00", "MRF_1984": "Not Available", "NMRF_1984": "Not Available", "ATRF_1984": "Not Available", "MRF_1985": "Not Available", "NMRF_1985": "Not Available", "ATRF_1985": "Not Available", "MRF_1986": "Not Available", "NMRF_1986": "Not Available", "ATRF_1986": "Not Available", "MRF_1987": "Not Available", "NMRF_1987": "Not Available", "ATRF_1987": "Not Available", "MRF_1988": "Not Available", "NMRF_1988": "Not Available", "ATRF_1988": "Not Available", "MRF_1989": "Not Available", "NMRF_1989": "Not Available", "ATRF_1989": "Not Available", "MRF_1990": "Not Available", "NMRF_1990": "Not Available", "ATRF_1990": "Not Available", "MRF_1991": null, "NMRF_1991": null, "ATRF_1991": "241.00", "MRF_1992": null, "NMRF_1992": null, "ATRF_1992": "460.00", "MRF_1993": null, "NMRF_1993": null, "ATRF_1993": "245.00", "MRF_1994": null, "NMRF_1994": null, "ATRF_1994": "1304.00", "MRF_1995": null, "NMRF_1995": null, "ATRF_1995": "732.00", "MRF_1996": null, "NMRF_1996": null, "ATRF_1996": "897.00", "MRF_1997": null, "NMRF_1997": null, "ATRF_1997": "1200.00", "MRF_1998": null, "NMRF_1998": null, "ATRF_1998": "474.00", "MRF_1999": null, "NMRF_1999": null, "ATRF_1999": "348.00", "MRF_2000": null, "NMRF_2000": null, "ATRF_2000": "253.00", "MRF_2001": null, "NMRF_2001": null, "ATRF_2001": "484.00", "MRF_2002": null, "NMRF_2002": null, "ATRF_2002": "158.00", "MRF_2003": null, "NMRF_2003": null, "ATRF_2003": "419.50", "MRF_2004": null, "NMRF_2004": null, "ATRF_2004": "776.00", "MRF_2005": null, "NMRF_2005": null, "ATRF_2005": "672.50", "MRF_2006": null, "NMRF_2006": null, "ATRF_2006": "795.00", "MRF_2007": null, "NMRF_2007": null, "ATRF_2007": "264.00", "MRF_2008": null, "NMRF_2008": null, "ATRF_2008": "373.00", "MRF_2009": null, "NMRF_2009": null, "ATRF_2009": "204.00", "MRF_2010": "503.60", "NMRF_2010": "103.00", "ATRF_2010": "606.60", "AGENCY": "CGWB", "ORIG_FID": "283" }, "geometry": { "type": "Point", "coordinates": [ 74.5125, 26.0916667 ] } },
{ "type": "Feature", "properties": { "RAINGAUGE": "NAGAR FORT", "DISTRICT": "TONK", "LONGITUDE": "75:50:34.554", "LATITUDE": "25:53:43.053", "COUNT": "9.00", "MRF_1984": "Not Available", "NMRF_1984": "Not Available", "ATRF_1984": "Not Available", "MRF_1985": "Not Available", "NMRF_1985": "Not Available", "ATRF_1985": "Not Available", "MRF_1986": "Not Available", "NMRF_1986": "Not Available", "ATRF_1986": "Not Available", "MRF_1987": "Not Available", "NMRF_1987": "Not Available", "ATRF_1987": "Not Available", "MRF_1988": "Not Available", "NMRF_1988": "Not Available", "ATRF_1988": "Not Available", "MRF_1989": "Not Available", "NMRF_1989": "Not Available", "ATRF_1989": "Not Available", "MRF_1990": "Not Available", "NMRF_1990": "Not Available", "ATRF_1990": "Not Available", "MRF_1991": "Not Available", "NMRF_1991": "Not Available", "ATRF_1991": "Not Available", "MRF_1992": "Not Available", "NMRF_1992": "Not Available", "ATRF_1992": "Not Available", "MRF_1993": "Not Available", "NMRF_1993": "Not Available", "ATRF_1993": "Not Available", "MRF_1994": "Not Available", "NMRF_1994": "Not Available", "ATRF_1994": "Not Available", "MRF_1995": "Not Available", "NMRF_1995": "Not Available", "ATRF_1995": "Not Available", "MRF_1996": "Not Available", "NMRF_1996": "Not Available", "ATRF_1996": "Not Available", "MRF_1997": "Not Available", "NMRF_1997": "Not Available", "ATRF_1997": "Not Available", "MRF_1998": "Not Available", "NMRF_1998": "Not Available", "ATRF_1998": "Not Available", "MRF_1999": "Not Available", "NMRF_1999": "Not Available", "ATRF_1999": "Not Available", "MRF_2000": "Not Available", "NMRF_2000": "Not Available", "ATRF_2000": "Not Available", "MRF_2001": "Not Available", "NMRF_2001": "Not Available", "ATRF_2001": "Not Available", "MRF_2002": null, "NMRF_2002": null, "ATRF_2002": "257.00", "MRF_2003": null, "NMRF_2003": null, "ATRF_2003": "483.00", "MRF_2004": null, "NMRF_2004": null, "ATRF_2004": "524.00", "MRF_2005": null, "NMRF_2005": null, "ATRF_2005": "648.00", "MRF_2006": null, "NMRF_2006": null, "ATRF_2006": "410.00", "MRF_2007": null, "NMRF_2007": null, "ATRF_2007": "740.00", "MRF_2008": null, "NMRF_2008": null, "ATRF_2008": "418.00", "MRF_2009": null, "NMRF_2009": null, "ATRF_2009": "236.00", "MRF_2010": "724.00", "NMRF_2010": "68.00", "ATRF_2010": "792.00", "AGENCY": "CGWB", "ORIG_FID": "287" }, "geometry": { "type": "Point", "coordinates": [ 75.8429317, 25.8952925 ] } },
{ "type": "Feature", "properties": { "RAINGAUGE": "NARAINA", "DISTRICT": "JAIPUR", "LONGITUDE": "75:11:49.511", "LATITUDE": "26:47:17.043", "COUNT": "20.00", "MRF_1984": "Not Available", "NMRF_1984": "Not Available", "ATRF_1984": "Not Available", "MRF_1985": "Not Available", "NMRF_1985": "Not Available", "ATRF_1985": "Not Available", "MRF_1986": "Not Available", "NMRF_1986": "Not Available", "ATRF_1986": "Not Available", "MRF_1987": "Not Available", "NMRF_1987": "Not Available", "ATRF_1987": "Not Available", "MRF_1988": "Not Available", "NMRF_1988": "Not Available", "ATRF_1988": "Not Available", "MRF_1989": "Not Available", "NMRF_1989": "Not Available", "ATRF_1989": "Not Available", "MRF_1990": "Not Available", "NMRF_1990": "Not Available", "ATRF_1990": "Not Available", "MRF_1991": null, "NMRF_1991": null, "ATRF_1991": "376.30", "MRF_1992": null, "NMRF_1992": null, "ATRF_1992": "597.10", "MRF_1993": null, "NMRF_1993": null, "ATRF_1993": "518.80", "MRF_1994": null, "NMRF_1994": null, "ATRF_1994": "586.20", "MRF_1995": null, "NMRF_1995": null, "ATRF_1995": "658.30", "MRF_1996": null, "NMRF_1996": null, "ATRF_1996": "734.80", "MRF_1997": null, "NMRF_1997": null, "ATRF_1997": "624.20", "MRF_1998": null, "NMRF_1998": null, "ATRF_1998": "391.10", "MRF_1999": null, "NMRF_1999": null, "ATRF_1999": "207.70", "MRF_2000": null, "NMRF_2000": null, "ATRF_2000": "191.60", "MRF_2001": null, "NMRF_2001": null, "ATRF_2001": "473.60", "MRF_2002": null, "NMRF_2002": null, "ATRF_2002": "113.60", "MRF_2003": null, "NMRF_2003": null, "ATRF_2003": "334.90", "MRF_2004": null, "NMRF_2004": null, "ATRF_2004": "416.80", "MRF_2005": null, "NMRF_2005": null, "ATRF_2005": "282.20", "MRF_2006": null, "NMRF_2006": null, "ATRF_2006": "335.30", "MRF_2007": null, "NMRF_2007": null, "ATRF_2007": "392.80", "MRF_2008": null, "NMRF_2008": null, "ATRF_2008": "651.60", "MRF_2009": null, "NMRF_2009": null, "ATRF_2009": "250.10", "MRF_2010": "731.50", "NMRF_2010": "91.70", "ATRF_2010": "823.20", "AGENCY": "CGWB", "ORIG_FID": "289" }, "geometry": { "type": "Point", "coordinates": [ 75.1970864, 26.7880675 ] } },
{ "type": "Feature", "properties": { "RAINGAUGE": "NASIRABAD", "DISTRICT": "AJMER", "LONGITUDE": "74:44:00.000", "LATITUDE": "26:18:00.000", "COUNT": "20.00", "MRF_1984": "Not Available", "NMRF_1984": "Not Available", "ATRF_1984": "Not Available", "MRF_1985": "Not Available", "NMRF_1985": "Not Available", "ATRF_1985": "Not Available", "MRF_1986": "Not Available", "NMRF_1986": "Not Available", "ATRF_1986": "Not Available", "MRF_1987": "Not Available", "NMRF_1987": "Not Available", "ATRF_1987": "Not Available", "MRF_1988": "Not Available", "NMRF_1988": "Not Available", "ATRF_1988": "Not Available", "MRF_1989": "Not Available", "NMRF_1989": "Not Available", "ATRF_1989": "Not Available", "MRF_1990": "Not Available", "NMRF_1990": "Not Available", "ATRF_1990": "Not Available", "MRF_1991": null, "NMRF_1991": null, "ATRF_1991": "507.00", "MRF_1992": null, "NMRF_1992": null, "ATRF_1992": "628.00", "MRF_1993": null, "NMRF_1993": null, "ATRF_1993": "550.00", "MRF_1994": null, "NMRF_1994": null, "ATRF_1994": "955.00", "MRF_1995": null, "NMRF_1995": null, "ATRF_1995": "681.00", "MRF_1996": null, "NMRF_1996": null, "ATRF_1996": "1093.00", "MRF_1997": null, "NMRF_1997": null, "ATRF_1997": "982.00", "MRF_1998": null, "NMRF_1998": null, "ATRF_1998": "824.00", "MRF_1999": null, "NMRF_1999": null, "ATRF_1999": "655.00", "MRF_2000": null, "NMRF_2000": null, "ATRF_2000": "509.00", "MRF_2001": null, "NMRF_2001": null, "ATRF_2001": "621.00", "MRF_2002": null, "NMRF_2002": null, "ATRF_2002": "323.00", "MRF_2003": null, "NMRF_2003": null, "ATRF_2003": "497.00", "MRF_2004": null, "NMRF_2004": null, "ATRF_2004": "580.00", "MRF_2005": null, "NMRF_2005": null, "ATRF_2005": "436.00", "MRF_2006": null, "NMRF_2006": null, "ATRF_2006": "601.00", "MRF_2007": null, "NMRF_2007": null, "ATRF_2007": "388.00", "MRF_2008": null, "NMRF_2008": null, "ATRF_2008": "798.00", "MRF_2009": null, "NMRF_2009": null, "ATRF_2009": "305.00", "MRF_2010": "628.00", "NMRF_2010": "192.00", "ATRF_2010": "820.00", "AGENCY": "CGWB", "ORIG_FID": "290" }, "geometry": { "type": "Point", "coordinates": [ 74.7333333, 26.3 ] } },
{ "type": "Feature", "properties": { "RAINGAUGE": "NATHAUVA", "DISTRICT": "DUNGARPUR", "LONGITUDE": "74:17:46.937", "LATITUDE": "23:55:34.663", "COUNT": "20.00", "MRF_1984": "Not Available", "NMRF_1984": "Not Available", "ATRF_1984": "Not Available", "MRF_1985": "Not Available", "NMRF_1985": "Not Available", "ATRF_1985": "Not Available", "MRF_1986": "Not Available", "NMRF_1986": "Not Available", "ATRF_1986": "Not Available", "MRF_1987": "Not Available", "NMRF_1987": "Not Available", "ATRF_1987": "Not Available", "MRF_1988": "Not Available", "NMRF_1988": "Not Available", "ATRF_1988": "Not Available", "MRF_1989": "Not Available", "NMRF_1989": "Not Available", "ATRF_1989": "Not Available", "MRF_1990": "Not Available", "NMRF_1990": "Not Available", "ATRF_1990": "Not Available", "MRF_1991": null, "NMRF_1991": null, "ATRF_1991": "792.00", "MRF_1992": null, "NMRF_1992": null, "ATRF_1992": "622.00", "MRF_1993": null, "NMRF_1993": null, "ATRF_1993": "1090.00", "MRF_1994": null, "NMRF_1994": null, "ATRF_1994": "1312.00", "MRF_1995": null, "NMRF_1995": null, "ATRF_1995": "657.00", "MRF_1996": null, "NMRF_1996": null, "ATRF_1996": "815.00", "MRF_1997": null, "NMRF_1997": null, "ATRF_1997": "951.00", "MRF_1998": null, "NMRF_1998": null, "ATRF_1998": "571.00", "MRF_1999": null, "NMRF_1999": null, "ATRF_1999": "602.00", "MRF_2000": null, "NMRF_2000": null, "ATRF_2000": "452.00", "MRF_2001": null, "NMRF_2001": null, "ATRF_2001": "608.00", "MRF_2002": null, "NMRF_2002": null, "ATRF_2002": "511.00", "MRF_2003": null, "NMRF_2003": null, "ATRF_2003": "722.00", "MRF_2004": null, "NMRF_2004": null, "ATRF_2004": "800.00", "MRF_2005": null, "NMRF_2005": null, "ATRF_2005": "648.00", "MRF_2006": null, "NMRF_2006": null, "ATRF_2006": "1252.00", "MRF_2007": null, "NMRF_2007": null, "ATRF_2007": "653.00", "MRF_2008": null, "NMRF_2008": null, "ATRF_2008": "624.00", "MRF_2009": null, "NMRF_2009": null, "ATRF_2009": "784.00", "MRF_2010": "478.00", "NMRF_2010": "11.00", "ATRF_2010": "489.00", "AGENCY": "CGWB", "ORIG_FID": "291" }, "geometry": { "type": "Point", "coordinates": [ 74.2963714, 23.9262953 ] } },
{ "type": "Feature", "properties": { "RAINGAUGE": "PACHPAHAR", "DISTRICT": "JHALAWAR", "LONGITUDE": "75:50:00.000", "LATITUDE": "24:24:00.000", "COUNT": "20.00", "MRF_1984": "Not Available", "NMRF_1984": "Not Available", "ATRF_1984": "Not Available", "MRF_1985": "Not Available", "NMRF_1985": "Not Available", "ATRF_1985": "Not Available", "MRF_1986": "Not Available", "NMRF_1986": "Not Available", "ATRF_1986": "Not Available", "MRF_1987": "Not Available", "NMRF_1987": "Not Available", "ATRF_1987": "Not Available", "MRF_1988": "Not Available", "NMRF_1988": "Not Available", "ATRF_1988": "Not Available", "MRF_1989": "Not Available", "NMRF_1989": "Not Available", "ATRF_1989": "Not Available", "MRF_1990": "Not Available", "NMRF_1990": "Not Available", "ATRF_1990": "Not Available", "MRF_1991": null, "NMRF_1991": null, "ATRF_1991": "661.40", "MRF_1992": null, "NMRF_1992": null, "ATRF_1992": "1022.60", "MRF_1993": null, "NMRF_1993": null, "ATRF_1993": "1103.00", "MRF_1994": null, "NMRF_1994": null, "ATRF_1994": "1068.00", "MRF_1995": null, "NMRF_1995": null, "ATRF_1995": "650.50", "MRF_1996": null, "NMRF_1996": null, "ATRF_1996": "1179.60", "MRF_1997": null, "NMRF_1997": null, "ATRF_1997": "900.80", "MRF_1998": null, "NMRF_1998": null, "ATRF_1998": "684.00", "MRF_1999": null, "NMRF_1999": null, "ATRF_1999": "1166.60", "MRF_2000": null, "NMRF_2000": null, "ATRF_2000": "620.80", "MRF_2001": null, "NMRF_2001": null, "ATRF_2001": "571.80", "MRF_2002": null, "NMRF_2002": null, "ATRF_2002": "598.80", "MRF_2003": null, "NMRF_2003": null, "ATRF_2003": "562.20", "MRF_2004": null, "NMRF_2004": null, "ATRF_2004": "1017.60", "MRF_2005": null, "NMRF_2005": null, "ATRF_2005": "712.60", "MRF_2006": null, "NMRF_2006": null, "ATRF_2006": "1358.80", "MRF_2007": null, "NMRF_2007": null, "ATRF_2007": "618.60", "MRF_2008": null, "NMRF_2008": null, "ATRF_2008": "767.60", "MRF_2009": null, "NMRF_2009": null, "ATRF_2009": "582.00", "MRF_2010": "468.00", "NMRF_2010": "51.00", "ATRF_2010": "519.00", "AGENCY": "CGWB", "ORIG_FID": "296" }, "geometry": { "type": "Point", "coordinates": [ 75.8333333, 24.4 ] } },
{ "type": "Feature", "properties": { "RAINGAUGE": "PAOTA", "DISTRICT": "JAIPUR", "LONGITUDE": "76:04:33.000", "LATITUDE": "27:34:53.000", "COUNT": "20.00", "MRF_1984": "Not Available", "NMRF_1984": "Not Available", "ATRF_1984": "Not Available", "MRF_1985": "Not Available", "NMRF_1985": "Not Available", "ATRF_1985": "Not Available", "MRF_1986": "Not Available", "NMRF_1986": "Not Available", "ATRF_1986": "Not Available", "MRF_1987": "Not Available", "NMRF_1987": "Not Available", "ATRF_1987": "Not Available", "MRF_1988": "Not Available", "NMRF_1988": "Not Available", "ATRF_1988": "Not Available", "MRF_1989": "Not Available", "NMRF_1989": "Not Available", "ATRF_1989": "Not Available", "MRF_1990": "Not Available", "NMRF_1990": "Not Available", "ATRF_1990": "Not Available", "MRF_1991": null, "NMRF_1991": null, "ATRF_1991": "559.00", "MRF_1992": null, "NMRF_1992": null, "ATRF_1992": "804.80", "MRF_1993": null, "NMRF_1993": null, "ATRF_1993": "1003.00", "MRF_1994": "Not Available", "NMRF_1994": "Not Available", "ATRF_1994": "Not Available", "MRF_1995": null, "NMRF_1995": null, "ATRF_1995": "806.60", "MRF_1996": null, "NMRF_1996": null, "ATRF_1996": "1180.00", "MRF_1997": null, "NMRF_1997": null, "ATRF_1997": "1105.00", "MRF_1998": null, "NMRF_1998": null, "ATRF_1998": "648.00", "MRF_1999": null, "NMRF_1999": null, "ATRF_1999": "570.00", "MRF_2000": null, "NMRF_2000": null, "ATRF_2000": "749.00", "MRF_2001": null, "NMRF_2001": null, "ATRF_2001": "180.00", "MRF_2002": null, "NMRF_2002": null, "ATRF_2002": "348.00", "MRF_2003": null, "NMRF_2003": null, "ATRF_2003": "932.00", "MRF_2004": null, "NMRF_2004": null, "ATRF_2004": "642.00", "MRF_2005": null, "NMRF_2005": null, "ATRF_2005": "1118.00", "MRF_2006": null, "NMRF_2006": null, "ATRF_2006": "661.00", "MRF_2007": null, "NMRF_2007": null, "ATRF_2007": "744.00", "MRF_2008": null, "NMRF_2008": null, "ATRF_2008": "937.00", "MRF_2009": null, "NMRF_2009": null, "ATRF_2009": "326.00", "MRF_2010": "329.00", "NMRF_2010": "Not Availab", "ATRF_2010": "329.00", "AGENCY": "CGWB", "ORIG_FID": "298" }, "geometry": { "type": "Point", "coordinates": [ 76.0758333, 27.5813889 ] } },
{ "type": "Feature", "properties": { "RAINGAUGE": "PHULERA", "DISTRICT": "JAIPUR", "LONGITUDE": "75:14:07.017", "LATITUDE": "26:52:47.323", "COUNT": "20.00", "MRF_1984": "Not Available", "NMRF_1984": "Not Available", "ATRF_1984": "Not Available", "MRF_1985": "Not Available", "NMRF_1985": "Not Available", "ATRF_1985": "Not Available", "MRF_1986": "Not Available", "NMRF_1986": "Not Available", "ATRF_1986": "Not Available", "MRF_1987": "Not Available", "NMRF_1987": "Not Available", "ATRF_1987": "Not Available", "MRF_1988": "Not Available", "NMRF_1988": "Not Available", "ATRF_1988": "Not Available", "MRF_1989": "Not Available", "NMRF_1989": "Not Available", "ATRF_1989": "Not Available", "MRF_1990": "Not Available", "NMRF_1990": "Not Available", "ATRF_1990": "Not Available", "MRF_1991": null, "NMRF_1991": null, "ATRF_1991": "433.00", "MRF_1992": null, "NMRF_1992": null, "ATRF_1992": "519.00", "MRF_1993": null, "NMRF_1993": null, "ATRF_1993": "540.00", "MRF_1994": null, "NMRF_1994": null, "ATRF_1994": "503.70", "MRF_1995": null, "NMRF_1995": null, "ATRF_1995": "758.30", "MRF_1996": null, "NMRF_1996": null, "ATRF_1996": "866.00", "MRF_1997": null, "NMRF_1997": null, "ATRF_1997": "802.00", "MRF_1998": null, "NMRF_1998": null, "ATRF_1998": "609.00", "MRF_1999": null, "NMRF_1999": null, "ATRF_1999": "403.20", "MRF_2000": null, "NMRF_2000": null, "ATRF_2000": "230.70", "MRF_2001": null, "NMRF_2001": null, "ATRF_2001": "454.00", "MRF_2002": null, "NMRF_2002": null, "ATRF_2002": "108.00", "MRF_2003": null, "NMRF_2003": null, "ATRF_2003": "475.10", "MRF_2004": null, "NMRF_2004": null, "ATRF_2004": "518.40", "MRF_2005": null, "NMRF_2005": null, "ATRF_2005": "360.50", "MRF_2006": null, "NMRF_2006": null, "ATRF_2006": "231.70", "MRF_2007": null, "NMRF_2007": null, "ATRF_2007": "340.20", "MRF_2008": null, "NMRF_2008": null, "ATRF_2008": "585.00", "MRF_2009": null, "NMRF_2009": null, "ATRF_2009": "253.50", "MRF_2010": "808.50", "NMRF_2010": "63.50", "ATRF_2010": "872.00", "AGENCY": "CGWB", "ORIG_FID": "300" }, "geometry": { "type": "Point", "coordinates": [ 75.2352825, 26.8798119 ] } },
{ "type": "Feature", "properties": { "RAINGAUGE": "PILI BANGA", "DISTRICT": "HANUMANGARH", "LONGITUDE": "74:04:33.563", "LATITUDE": "29:28:48.404", "COUNT": "9.00", "MRF_1984": "Not Available", "NMRF_1984": "Not Available", "ATRF_1984": "Not Available", "MRF_1985": "Not Available", "NMRF_1985": "Not Available", "ATRF_1985": "Not Available", "MRF_1986": "Not Available", "NMRF_1986": "Not Available", "ATRF_1986": "Not Available", "MRF_1987": "Not Available", "NMRF_1987": "Not Available", "ATRF_1987": "Not Available", "MRF_1988": "Not Available", "NMRF_1988": "Not Available", "ATRF_1988": "Not Available", "MRF_1989": "Not Available", "NMRF_1989": "Not Available", "ATRF_1989": "Not Available", "MRF_1990": "Not Available", "NMRF_1990": "Not Available", "ATRF_1990": "Not Available", "MRF_1991": "Not Available", "NMRF_1991": "Not Available", "ATRF_1991": "Not Available", "MRF_1992": "Not Available", "NMRF_1992": "Not Available", "ATRF_1992": "Not Available", "MRF_1993": "Not Available", "NMRF_1993": "Not Available", "ATRF_1993": "Not Available", "MRF_1994": "Not Available", "NMRF_1994": "Not Available", "ATRF_1994": "Not Available", "MRF_1995": "Not Available", "NMRF_1995": "Not Available", "ATRF_1995": "Not Available", "MRF_1996": "Not Available", "NMRF_1996": "Not Available", "ATRF_1996": "Not Available", "MRF_1997": "Not Available", "NMRF_1997": "Not Available", "ATRF_1997": "Not Available", "MRF_1998": "Not Available", "NMRF_1998": "Not Available", "ATRF_1998": "Not Available", "MRF_1999": "Not Available", "NMRF_1999": "Not Available", "ATRF_1999": "Not Available", "MRF_2000": "Not Available", "NMRF_2000": "Not Available", "ATRF_2000": "Not Available", "MRF_2001": "Not Available", "NMRF_2001": "Not Available", "ATRF_2001": "Not Available", "MRF_2002": null, "NMRF_2002": null, "ATRF_2002": "30.00", "MRF_2003": null, "NMRF_2003": null, "ATRF_2003": "242.00", "MRF_2004": null, "NMRF_2004": null, "ATRF_2004": "153.00", "MRF_2005": null, "NMRF_2005": null, "ATRF_2005": "236.00", "MRF_2006": null, "NMRF_2006": null, "ATRF_2006": "155.00", "MRF_2007": null, "NMRF_2007": null, "ATRF_2007": "340.00", "MRF_2008": null, "NMRF_2008": null, "ATRF_2008": "295.00", "MRF_2009": null, "NMRF_2009": null, "ATRF_2009": "532.00", "MRF_2010": "252.00", "NMRF_2010": "41.00", "ATRF_2010": "293.00", "AGENCY": "CGWB", "ORIG_FID": "301" }, "geometry": { "type": "Point", "coordinates": [ 74.0759897, 29.4801122 ] } },
{ "type": "Feature", "properties": { "RAINGAUGE": "PIPALDA", "DISTRICT": "KOTA", "LONGITUDE": "76:27:41.445", "LATITUDE": "25:33:36.856", "COUNT": "20.00", "MRF_1984": "Not Available", "NMRF_1984": "Not Available", "ATRF_1984": "Not Available", "MRF_1985": "Not Available", "NMRF_1985": "Not Available", "ATRF_1985": "Not Available", "MRF_1986": "Not Available", "NMRF_1986": "Not Available", "ATRF_1986": "Not Available", "MRF_1987": "Not Available", "NMRF_1987": "Not Available", "ATRF_1987": "Not Available", "MRF_1988": "Not Available", "NMRF_1988": "Not Available", "ATRF_1988": "Not Available", "MRF_1989": "Not Available", "NMRF_1989": "Not Available", "ATRF_1989": "Not Available", "MRF_1990": "Not Available", "NMRF_1990": "Not Available", "ATRF_1990": "Not Available", "MRF_1991": null, "NMRF_1991": null, "ATRF_1991": "1020.00", "MRF_1992": null, "NMRF_1992": null, "ATRF_1992": "766.00", "MRF_1993": null, "NMRF_1993": null, "ATRF_1993": "507.00", "MRF_1994": null, "NMRF_1994": null, "ATRF_1994": "966.00", "MRF_1995": null, "NMRF_1995": null, "ATRF_1995": "844.00", "MRF_1996": null, "NMRF_1996": null, "ATRF_1996": "866.00", "MRF_1997": null, "NMRF_1997": null, "ATRF_1997": "926.00", "MRF_1998": null, "NMRF_1998": null, "ATRF_1998": "712.00", "MRF_1999": null, "NMRF_1999": null, "ATRF_1999": "338.00", "MRF_2000": null, "NMRF_2000": null, "ATRF_2000": "459.00", "MRF_2001": null, "NMRF_2001": null, "ATRF_2001": "745.00", "MRF_2002": null, "NMRF_2002": null, "ATRF_2002": "239.00", "MRF_2003": null, "NMRF_2003": null, "ATRF_2003": "714.00", "MRF_2004": null, "NMRF_2004": null, "ATRF_2004": "686.00", "MRF_2005": null, "NMRF_2005": null, "ATRF_2005": "542.00", "MRF_2006": null, "NMRF_2006": null, "ATRF_2006": "574.00", "MRF_2007": null, "NMRF_2007": null, "ATRF_2007": "587.00", "MRF_2008": null, "NMRF_2008": null, "ATRF_2008": "1019.00", "MRF_2009": null, "NMRF_2009": null, "ATRF_2009": "468.30", "MRF_2010": "423.80", "NMRF_2010": "61.00", "ATRF_2010": "484.80", "AGENCY": "CGWB", "ORIG_FID": "302" }, "geometry": { "type": "Point", "coordinates": [ 76.4615125, 25.5602378 ] } },
{ "type": "Feature", "properties": { "RAINGAUGE": "PIPLU", "DISTRICT": "TONK", "LONGITUDE": "75:44:20.000", "LATITUDE": "26:18:00.000", "COUNT": "9.00", "MRF_1984": "Not Available", "NMRF_1984": "Not Available", "ATRF_1984": "Not Available", "MRF_1985": "Not Available", "NMRF_1985": "Not Available", "ATRF_1985": "Not Available", "MRF_1986": "Not Available", "NMRF_1986": "Not Available", "ATRF_1986": "Not Available", "MRF_1987": "Not Available", "NMRF_1987": "Not Available", "ATRF_1987": "Not Available", "MRF_1988": "Not Available", "NMRF_1988": "Not Available", "ATRF_1988": "Not Available", "MRF_1989": "Not Available", "NMRF_1989": "Not Available", "ATRF_1989": "Not Available", "MRF_1990": "Not Available", "NMRF_1990": "Not Available", "ATRF_1990": "Not Available", "MRF_1991": "Not Available", "NMRF_1991": "Not Available", "ATRF_1991": "Not Available", "MRF_1992": "Not Available", "NMRF_1992": "Not Available", "ATRF_1992": "Not Available", "MRF_1993": "Not Available", "NMRF_1993": "Not Available", "ATRF_1993": "Not Available", "MRF_1994": "Not Available", "NMRF_1994": "Not Available", "ATRF_1994": "Not Available", "MRF_1995": "Not Available", "NMRF_1995": "Not Available", "ATRF_1995": "Not Available", "MRF_1996": "Not Available", "NMRF_1996": "Not Available", "ATRF_1996": "Not Available", "MRF_1997": "Not Available", "NMRF_1997": "Not Available", "ATRF_1997": "Not Available", "MRF_1998": "Not Available", "NMRF_1998": "Not Available", "ATRF_1998": "Not Available", "MRF_1999": "Not Available", "NMRF_1999": "Not Available", "ATRF_1999": "Not Available", "MRF_2000": "Not Available", "NMRF_2000": "Not Available", "ATRF_2000": "Not Available", "MRF_2001": "Not Available", "NMRF_2001": "Not Available", "ATRF_2001": "Not Available", "MRF_2002": null, "NMRF_2002": null, "ATRF_2002": "219.00", "MRF_2003": null, "NMRF_2003": null, "ATRF_2003": "585.00", "MRF_2004": null, "NMRF_2004": null, "ATRF_2004": "514.00", "MRF_2005": null, "NMRF_2005": null, "ATRF_2005": "646.00", "MRF_2006": null, "NMRF_2006": null, "ATRF_2006": "494.00", "MRF_2007": null, "NMRF_2007": null, "ATRF_2007": "599.00", "MRF_2008": null, "NMRF_2008": null, "ATRF_2008": "498.00", "MRF_2009": null, "NMRF_2009": null, "ATRF_2009": "675.00", "MRF_2010": "1103.00", "NMRF_2010": "62.00", "ATRF_2010": "1165.00", "AGENCY": "CGWB", "ORIG_FID": "303" }, "geometry": { "type": "Point", "coordinates": [ 75.7388889, 26.3 ] } },
{ "type": "Feature", "properties": { "RAINGAUGE": "PISANGEN", "DISTRICT": "AJMER", "LONGITUDE": "74:23:00.000", "LATITUDE": "26:24:00.000", "COUNT": "19.00", "MRF_1984": "Not Available", "NMRF_1984": "Not Available", "ATRF_1984": "Not Available", "MRF_1985": "Not Available", "NMRF_1985": "Not Available", "ATRF_1985": "Not Available", "MRF_1986": "Not Available", "NMRF_1986": "Not Available", "ATRF_1986": "Not Available", "MRF_1987": "Not Available", "NMRF_1987": "Not Available", "ATRF_1987": "Not Available", "MRF_1988": "Not Available", "NMRF_1988": "Not Available", "ATRF_1988": "Not Available", "MRF_1989": "Not Available", "NMRF_1989": "Not Available", "ATRF_1989": "Not Available", "MRF_1990": "Not Available", "NMRF_1990": "Not Available", "ATRF_1990": "Not Available", "MRF_1991": "Not Available", "NMRF_1991": "Not Available", "ATRF_1991": "Not Available", "MRF_1992": null, "NMRF_1992": null, "ATRF_1992": "256.00", "MRF_1993": null, "NMRF_1993": null, "ATRF_1993": "292.00", "MRF_1994": null, "NMRF_1994": null, "ATRF_1994": "489.00", "MRF_1995": null, "NMRF_1995": null, "ATRF_1995": "690.00", "MRF_1996": null, "NMRF_1996": null, "ATRF_1996": "680.00", "MRF_1997": null, "NMRF_1997": null, "ATRF_1997": "696.00", "MRF_1998": null, "NMRF_1998": null, "ATRF_1998": "466.00", "MRF_1999": null, "NMRF_1999": null, "ATRF_1999": "285.00", "MRF_2000": null, "NMRF_2000": null, "ATRF_2000": "403.00", "MRF_2001": null, "NMRF_2001": null, "ATRF_2001": "629.00", "MRF_2002": null, "NMRF_2002": null, "ATRF_2002": "142.00", "MRF_2003": null, "NMRF_2003": null, "ATRF_2003": "393.00", "MRF_2004": null, "NMRF_2004": null, "ATRF_2004": "306.00", "MRF_2005": null, "NMRF_2005": null, "ATRF_2005": "507.00", "MRF_2006": null, "NMRF_2006": null, "ATRF_2006": "300.50", "MRF_2007": null, "NMRF_2007": null, "ATRF_2007": "393.00", "MRF_2008": null, "NMRF_2008": null, "ATRF_2008": "361.00", "MRF_2009": null, "NMRF_2009": null, "ATRF_2009": "125.00", "MRF_2010": "713.00", "NMRF_2010": "106.00", "ATRF_2010": "819.00", "AGENCY": "CGWB", "ORIG_FID": "304" }, "geometry": { "type": "Point", "coordinates": [ 74.3833333, 26.4 ] } },
{ "type": "Feature", "properties": { "RAINGAUGE": "PUGAL", "DISTRICT": "BIKANER", "LONGITUDE": "72:49:00.000", "LATITUDE": "28:30:45.000", "COUNT": "9.00", "MRF_1984": "Not Available", "NMRF_1984": "Not Available", "ATRF_1984": "Not Available", "MRF_1985": "Not Available", "NMRF_1985": "Not Available", "ATRF_1985": "Not Available", "MRF_1986": "Not Available", "NMRF_1986": "Not Available", "ATRF_1986": "Not Available", "MRF_1987": "Not Available", "NMRF_1987": "Not Available", "ATRF_1987": "Not Available", "MRF_1988": "Not Available", "NMRF_1988": "Not Available", "ATRF_1988": "Not Available", "MRF_1989": "Not Available", "NMRF_1989": "Not Available", "ATRF_1989": "Not Available", "MRF_1990": "Not Available", "NMRF_1990": "Not Available", "ATRF_1990": "Not Available", "MRF_1991": "Not Available", "NMRF_1991": "Not Available", "ATRF_1991": "Not Available", "MRF_1992": "Not Available", "NMRF_1992": "Not Available", "ATRF_1992": "Not Available", "MRF_1993": "Not Available", "NMRF_1993": "Not Available", "ATRF_1993": "Not Available", "MRF_1994": "Not Available", "NMRF_1994": "Not Available", "ATRF_1994": "Not Available", "MRF_1995": "Not Available", "NMRF_1995": "Not Available", "ATRF_1995": "Not Available", "MRF_1996": "Not Available", "NMRF_1996": "Not Available", "ATRF_1996": "Not Available", "MRF_1997": "Not Available", "NMRF_1997": "Not Available", "ATRF_1997": "Not Available", "MRF_1998": "Not Available", "NMRF_1998": "Not Available", "ATRF_1998": "Not Available", "MRF_1999": "Not Available", "NMRF_1999": "Not Available", "ATRF_1999": "Not Available", "MRF_2000": "Not Available", "NMRF_2000": "Not Available", "ATRF_2000": "Not Available", "MRF_2001": "Not Available", "NMRF_2001": "Not Available", "ATRF_2001": "Not Available", "MRF_2002": null, "NMRF_2002": null, "ATRF_2002": "14.00", "MRF_2003": null, "NMRF_2003": null, "ATRF_2003": "121.00", "MRF_2004": null, "NMRF_2004": null, "ATRF_2004": "150.00", "MRF_2005": null, "NMRF_2005": null, "ATRF_2005": "335.00", "MRF_2006": null, "NMRF_2006": null, "ATRF_2006": "153.00", "MRF_2007": null, "NMRF_2007": null, "ATRF_2007": "229.00", "MRF_2008": null, "NMRF_2008": null, "ATRF_2008": "383.00", "MRF_2009": null, "NMRF_2009": null, "ATRF_2009": "139.00", "MRF_2010": "321.00", "NMRF_2010": "19.00", "ATRF_2010": "340.00", "AGENCY": "CGWB", "ORIG_FID": "306" }, "geometry": { "type": "Point", "coordinates": [ 72.8166667, 28.5125 ] } },
{ "type": "Feature", "properties": { "RAINGAUGE": "PUSHKAR", "DISTRICT": "AJMER", "LONGITUDE": "74:33:00.000", "LATITUDE": "26:29:00.000", "COUNT": "20.00", "MRF_1984": "Not Available", "NMRF_1984": "Not Available", "ATRF_1984": "Not Available", "MRF_1985": "Not Available", "NMRF_1985": "Not Available", "ATRF_1985": "Not Available", "MRF_1986": "Not Available", "NMRF_1986": "Not Available", "ATRF_1986": "Not Available", "MRF_1987": "Not Available", "NMRF_1987": "Not Available", "ATRF_1987": "Not Available", "MRF_1988": "Not Available", "NMRF_1988": "Not Available", "ATRF_1988": "Not Available", "MRF_1989": "Not Available", "NMRF_1989": "Not Available", "ATRF_1989": "Not Available", "MRF_1990": "Not Available", "NMRF_1990": "Not Available", "ATRF_1990": "Not Available", "MRF_1991": null, "NMRF_1991": null, "ATRF_1991": "29.00", "MRF_1992": null, "NMRF_1992": null, "ATRF_1992": "225.00", "MRF_1993": null, "NMRF_1993": null, "ATRF_1993": "164.00", "MRF_1994": null, "NMRF_1994": null, "ATRF_1994": "777.00", "MRF_1995": null, "NMRF_1995": null, "ATRF_1995": "379.00", "MRF_1996": null, "NMRF_1996": null, "ATRF_1996": "913.00", "MRF_1997": null, "NMRF_1997": null, "ATRF_1997": "925.00", "MRF_1998": null, "NMRF_1998": null, "ATRF_1998": "395.00", "MRF_1999": null, "NMRF_1999": null, "ATRF_1999": "369.00", "MRF_2000": null, "NMRF_2000": null, "ATRF_2000": "553.00", "MRF_2001": null, "NMRF_2001": null, "ATRF_2001": "647.00", "MRF_2002": null, "NMRF_2002": null, "ATRF_2002": "239.00", "MRF_2003": null, "NMRF_2003": null, "ATRF_2003": "1049.00", "MRF_2004": null, "NMRF_2004": null, "ATRF_2004": "441.00", "MRF_2005": null, "NMRF_2005": null, "ATRF_2005": "664.00", "MRF_2006": null, "NMRF_2006": null, "ATRF_2006": "507.00", "MRF_2007": null, "NMRF_2007": null, "ATRF_2007": "452.50", "MRF_2008": null, "NMRF_2008": null, "ATRF_2008": "704.00", "MRF_2009": null, "NMRF_2009": null, "ATRF_2009": "280.00", "MRF_2010": "1048.00", "NMRF_2010": "119.00", "ATRF_2010": "1167.00", "AGENCY": "CGWB", "ORIG_FID": "307" }, "geometry": { "type": "Point", "coordinates": [ 74.55, 26.4833333 ] } },
{ "type": "Feature", "properties": { "RAINGAUGE": "RAIPUR (B)", "DISTRICT": "BHILWARA", "LONGITUDE": "74:09:11.049", "LATITUDE": "25:24:04.713", "COUNT": "20.00", "MRF_1984": "Not Available", "NMRF_1984": "Not Available", "ATRF_1984": "Not Available", "MRF_1985": "Not Available", "NMRF_1985": "Not Available", "ATRF_1985": "Not Available", "MRF_1986": "Not Available", "NMRF_1986": "Not Available", "ATRF_1986": "Not Available", "MRF_1987": "Not Available", "NMRF_1987": "Not Available", "ATRF_1987": "Not Available", "MRF_1988": "Not Available", "NMRF_1988": "Not Available", "ATRF_1988": "Not Available", "MRF_1989": "Not Available", "NMRF_1989": "Not Available", "ATRF_1989": "Not Available", "MRF_1990": "Not Available", "NMRF_1990": "Not Available", "ATRF_1990": "Not Available", "MRF_1991": null, "NMRF_1991": null, "ATRF_1991": "482.00", "MRF_1992": null, "NMRF_1992": null, "ATRF_1992": "559.30", "MRF_1993": null, "NMRF_1993": null, "ATRF_1993": "415.80", "MRF_1994": null, "NMRF_1994": null, "ATRF_1994": "798.00", "MRF_1995": null, "NMRF_1995": null, "ATRF_1995": "520.90", "MRF_1996": null, "NMRF_1996": null, "ATRF_1996": "831.80", "MRF_1997": null, "NMRF_1997": null, "ATRF_1997": "531.50", "MRF_1998": null, "NMRF_1998": null, "ATRF_1998": "410.20", "MRF_1999": null, "NMRF_1999": null, "ATRF_1999": "460.00", "MRF_2000": null, "NMRF_2000": null, "ATRF_2000": "311.30", "MRF_2001": null, "NMRF_2001": null, "ATRF_2001": "583.80", "MRF_2002": null, "NMRF_2002": null, "ATRF_2002": "291.00", "MRF_2003": null, "NMRF_2003": null, "ATRF_2003": "506.00", "MRF_2004": null, "NMRF_2004": null, "ATRF_2004": "525.20", "MRF_2005": null, "NMRF_2005": null, "ATRF_2005": "712.50", "MRF_2006": null, "NMRF_2006": null, "ATRF_2006": "937.00", "MRF_2007": null, "NMRF_2007": null, "ATRF_2007": "518.00", "MRF_2008": null, "NMRF_2008": null, "ATRF_2008": "382.00", "MRF_2009": null, "NMRF_2009": null, "ATRF_2009": "343.00", "MRF_2010": "420.00", "NMRF_2010": "237.00", "ATRF_2010": "657.00", "AGENCY": "CGWB", "ORIG_FID": "308" }, "geometry": { "type": "Point", "coordinates": [ 74.1530692, 25.4013092 ] } },
{ "type": "Feature", "properties": { "RAINGAUGE": "RAJGARH (CHU)", "DISTRICT": "CHURU", "LONGITUDE": "75:23:12.016", "LATITUDE": "28:38:06.072", "COUNT": "20.00", "MRF_1984": "Not Available", "NMRF_1984": "Not Available", "ATRF_1984": "Not Available", "MRF_1985": "Not Available", "NMRF_1985": "Not Available", "ATRF_1985": "Not Available", "MRF_1986": "Not Available", "NMRF_1986": "Not Available", "ATRF_1986": "Not Available", "MRF_1987": "Not Available", "NMRF_1987": "Not Available", "ATRF_1987": "Not Available", "MRF_1988": "Not Available", "NMRF_1988": "Not Available", "ATRF_1988": "Not Available", "MRF_1989": "Not Available", "NMRF_1989": "Not Available", "ATRF_1989": "Not Available", "MRF_1990": "Not Available", "NMRF_1990": "Not Available", "ATRF_1990": "Not Available", "MRF_1991": null, "NMRF_1991": null, "ATRF_1991": "299.00", "MRF_1992": null, "NMRF_1992": null, "ATRF_1992": "389.00", "MRF_1993": null, "NMRF_1993": null, "ATRF_1993": "324.00", "MRF_1994": null, "NMRF_1994": null, "ATRF_1994": "315.00", "MRF_1995": null, "NMRF_1995": null, "ATRF_1995": "369.00", "MRF_1996": null, "NMRF_1996": null, "ATRF_1996": "358.00", "MRF_1997": null, "NMRF_1997": null, "ATRF_1997": "457.00", "MRF_1998": null, "NMRF_1998": null, "ATRF_1998": "508.00", "MRF_1999": null, "NMRF_1999": null, "ATRF_1999": "121.00", "MRF_2000": null, "NMRF_2000": null, "ATRF_2000": "187.00", "MRF_2001": null, "NMRF_2001": null, "ATRF_2001": "304.00", "MRF_2002": null, "NMRF_2002": null, "ATRF_2002": "210.00", "MRF_2003": null, "NMRF_2003": null, "ATRF_2003": "366.00", "MRF_2004": null, "NMRF_2004": null, "ATRF_2004": "429.00", "MRF_2005": null, "NMRF_2005": null, "ATRF_2005": "437.00", "MRF_2006": null, "NMRF_2006": null, "ATRF_2006": "341.00", "MRF_2007": null, "NMRF_2007": null, "ATRF_2007": "532.00", "MRF_2008": null, "NMRF_2008": null, "ATRF_2008": "648.00", "MRF_2009": null, "NMRF_2009": null, "ATRF_2009": "269.00", "MRF_2010": "487.00", "NMRF_2010": "77.00", "ATRF_2010": "564.00", "AGENCY": "CGWB", "ORIG_FID": "309" }, "geometry": { "type": "Point", "coordinates": [ 75.3866711, 28.63502 ] } },
{ "type": "Feature", "properties": { "RAINGAUGE": "RAMGANJ MANDI", "DISTRICT": "KOTA", "LONGITUDE": "75:56:00.000", "LATITUDE": "24:38:00.000", "COUNT": "20.00", "MRF_1984": "Not Available", "NMRF_1984": "Not Available", "ATRF_1984": "Not Available", "MRF_1985": "Not Available", "NMRF_1985": "Not Available", "ATRF_1985": "Not Available", "MRF_1986": "Not Available", "NMRF_1986": "Not Available", "ATRF_1986": "Not Available", "MRF_1987": "Not Available", "NMRF_1987": "Not Available", "ATRF_1987": "Not Available", "MRF_1988": "Not Available", "NMRF_1988": "Not Available", "ATRF_1988": "Not Available", "MRF_1989": "Not Available", "NMRF_1989": "Not Available", "ATRF_1989": "Not Available", "MRF_1990": "Not Available", "NMRF_1990": "Not Available", "ATRF_1990": "Not Available", "MRF_1991": null, "NMRF_1991": null, "ATRF_1991": "814.50", "MRF_1992": null, "NMRF_1992": null, "ATRF_1992": "796.10", "MRF_1993": null, "NMRF_1993": null, "ATRF_1993": "986.90", "MRF_1994": null, "NMRF_1994": null, "ATRF_1994": "1068.30", "MRF_1995": null, "NMRF_1995": null, "ATRF_1995": "708.20", "MRF_1996": null, "NMRF_1996": null, "ATRF_1996": "1616.40", "MRF_1997": null, "NMRF_1997": null, "ATRF_1997": "1056.00", "MRF_1998": null, "NMRF_1998": null, "ATRF_1998": "583.00", "MRF_1999": null, "NMRF_1999": null, "ATRF_1999": "1161.00", "MRF_2000": null, "NMRF_2000": null, "ATRF_2000": "928.00", "MRF_2001": null, "NMRF_2001": null, "ATRF_2001": "1016.00", "MRF_2002": null, "NMRF_2002": null, "ATRF_2002": "438.40", "MRF_2003": null, "NMRF_2003": null, "ATRF_2003": "685.50", "MRF_2004": null, "NMRF_2004": null, "ATRF_2004": "911.00", "MRF_2005": null, "NMRF_2005": null, "ATRF_2005": "585.00", "MRF_2006": null, "NMRF_2006": null, "ATRF_2006": "1232.00", "MRF_2007": null, "NMRF_2007": null, "ATRF_2007": "892.00", "MRF_2008": null, "NMRF_2008": null, "ATRF_2008": "692.00", "MRF_2009": null, "NMRF_2009": null, "ATRF_2009": "645.00", "MRF_2010": "Not Available", "NMRF_2010": "Not Available", "ATRF_2010": "Not Available", "AGENCY": "CGWB", "ORIG_FID": "310" }, "geometry": { "type": "Point", "coordinates": [ 75.9333333, 24.6333333 ] } },
{ "type": "Feature", "properties": { "RAINGAUGE": "RAMGARH (JS)", "DISTRICT": "JAISALMER", "LONGITUDE": "70:30:00.000", "LATITUDE": "27:23:00.000", "COUNT": "20.00", "MRF_1984": "Not Available", "NMRF_1984": "Not Available", "ATRF_1984": "Not Available", "MRF_1985": "Not Available", "NMRF_1985": "Not Available", "ATRF_1985": "Not Available", "MRF_1986": "Not Available", "NMRF_1986": "Not Available", "ATRF_1986": "Not Available", "MRF_1987": "Not Available", "NMRF_1987": "Not Available", "ATRF_1987": "Not Available", "MRF_1988": "Not Available", "NMRF_1988": "Not Available", "ATRF_1988": "Not Available", "MRF_1989": "Not Available", "NMRF_1989": "Not Available", "ATRF_1989": "Not Available", "MRF_1990": "Not Available", "NMRF_1990": "Not Available", "ATRF_1990": "Not Available", "MRF_1991": null, "NMRF_1991": null, "ATRF_1991": "36.00", "MRF_1992": null, "NMRF_1992": null, "ATRF_1992": "154.00", "MRF_1993": null, "NMRF_1993": null, "ATRF_1993": "154.00", "MRF_1994": null, "NMRF_1994": null, "ATRF_1994": "326.60", "MRF_1995": null, "NMRF_1995": null, "ATRF_1995": "162.20", "MRF_1996": null, "NMRF_1996": null, "ATRF_1996": "116.80", "MRF_1997": null, "NMRF_1997": null, "ATRF_1997": "231.60", "MRF_1998": null, "NMRF_1998": null, "ATRF_1998": "283.00", "MRF_1999": null, "NMRF_1999": null, "ATRF_1999": "182.00", "MRF_2000": null, "NMRF_2000": null, "ATRF_2000": "24.00", "MRF_2001": null, "NMRF_2001": null, "ATRF_2001": "121.00", "MRF_2002": null, "NMRF_2002": null, "ATRF_2002": "9.00", "MRF_2003": null, "NMRF_2003": null, "ATRF_2003": "212.00", "MRF_2004": null, "NMRF_2004": null, "ATRF_2004": "29.00", "MRF_2005": null, "NMRF_2005": null, "ATRF_2005": "57.00", "MRF_2006": null, "NMRF_2006": null, "ATRF_2006": "119.00", "MRF_2007": null, "NMRF_2007": null, "ATRF_2007": "178.00", "MRF_2008": null, "NMRF_2008": null, "ATRF_2008": "139.00", "MRF_2009": null, "NMRF_2009": null, "ATRF_2009": "60.00", "MRF_2010": "382.00", "NMRF_2010": "4.00", "ATRF_2010": "386.00", "AGENCY": "CGWB", "ORIG_FID": "311" }, "geometry": { "type": "Point", "coordinates": [ 70.5, 27.3833333 ] } },
{ "type": "Feature", "properties": { "RAINGAUGE": "RAMGARH (SK)", "DISTRICT": "SIKAR", "LONGITUDE": "75:09:38.206", "LATITUDE": "27:16:02.534", "COUNT": "20.00", "MRF_1984": "Not Available", "NMRF_1984": "Not Available", "ATRF_1984": "Not Available", "MRF_1985": "Not Available", "NMRF_1985": "Not Available", "ATRF_1985": "Not Available", "MRF_1986": "Not Available", "NMRF_1986": "Not Available", "ATRF_1986": "Not Available", "MRF_1987": "Not Available", "NMRF_1987": "Not Available", "ATRF_1987": "Not Available", "MRF_1988": "Not Available", "NMRF_1988": "Not Available", "ATRF_1988": "Not Available", "MRF_1989": "Not Available", "NMRF_1989": "Not Available", "ATRF_1989": "Not Available", "MRF_1990": "Not Available", "NMRF_1990": "Not Available", "ATRF_1990": "Not Available", "MRF_1991": null, "NMRF_1991": null, "ATRF_1991": "159.00", "MRF_1992": null, "NMRF_1992": null, "ATRF_1992": "333.00", "MRF_1993": null, "NMRF_1993": null, "ATRF_1993": "516.00", "MRF_1994": null, "NMRF_1994": null, "ATRF_1994": "400.00", "MRF_1995": null, "NMRF_1995": null, "ATRF_1995": "364.00", "MRF_1996": null, "NMRF_1996": null, "ATRF_1996": "323.00", "MRF_1997": null, "NMRF_1997": null, "ATRF_1997": "494.00", "MRF_1998": null, "NMRF_1998": null, "ATRF_1998": "382.00", "MRF_1999": null, "NMRF_1999": null, "ATRF_1999": "183.00", "MRF_2000": null, "NMRF_2000": null, "ATRF_2000": "312.00", "MRF_2001": null, "NMRF_2001": null, "ATRF_2001": "343.00", "MRF_2002": null, "NMRF_2002": null, "ATRF_2002": "205.00", "MRF_2003": null, "NMRF_2003": null, "ATRF_2003": "282.00", "MRF_2004": null, "NMRF_2004": null, "ATRF_2004": "218.00", "MRF_2005": null, "NMRF_2005": null, "ATRF_2005": "404.00", "MRF_2006": null, "NMRF_2006": null, "ATRF_2006": "248.00", "MRF_2007": null, "NMRF_2007": null, "ATRF_2007": "617.00", "MRF_2008": null, "NMRF_2008": null, "ATRF_2008": "692.00", "MRF_2009": null, "NMRF_2009": null, "ATRF_2009": "105.00", "MRF_2010": "838.00", "NMRF_2010": "112.00", "ATRF_2010": "950.00", "AGENCY": "CGWB", "ORIG_FID": "312" }, "geometry": { "type": "Point", "coordinates": [ 75.1606128, 27.2673706 ] } },
{ "type": "Feature", "properties": { "RAINGAUGE": "RAMSAR", "DISTRICT": "BARMER", "LONGITUDE": "70:52:43.511", "LATITUDE": "25:42:07.301", "COUNT": "9.00", "MRF_1984": "Not Available", "NMRF_1984": "Not Available", "ATRF_1984": "Not Available", "MRF_1985": "Not Available", "NMRF_1985": "Not Available", "ATRF_1985": "Not Available", "MRF_1986": "Not Available", "NMRF_1986": "Not Available", "ATRF_1986": "Not Available", "MRF_1987": "Not Available", "NMRF_1987": "Not Available", "ATRF_1987": "Not Available", "MRF_1988": "Not Available", "NMRF_1988": "Not Available", "ATRF_1988": "Not Available", "MRF_1989": "Not Available", "NMRF_1989": "Not Available", "ATRF_1989": "Not Available", "MRF_1990": "Not Available", "NMRF_1990": "Not Available", "ATRF_1990": "Not Available", "MRF_1991": "Not Available", "NMRF_1991": "Not Available", "ATRF_1991": "Not Available", "MRF_1992": "Not Available", "NMRF_1992": "Not Available", "ATRF_1992": "Not Available", "MRF_1993": "Not Available", "NMRF_1993": "Not Available", "ATRF_1993": "Not Available", "MRF_1994": "Not Available", "NMRF_1994": "Not Available", "ATRF_1994": "Not Available", "MRF_1995": "Not Available", "NMRF_1995": "Not Available", "ATRF_1995": "Not Available", "MRF_1996": "Not Available", "NMRF_1996": "Not Available", "ATRF_1996": "Not Available", "MRF_1997": "Not Available", "NMRF_1997": "Not Available", "ATRF_1997": "Not Available", "MRF_1998": "Not Available", "NMRF_1998": "Not Available", "ATRF_1998": "Not Available", "MRF_1999": "Not Available", "NMRF_1999": "Not Available", "ATRF_1999": "Not Available", "MRF_2000": "Not Available", "NMRF_2000": "Not Available", "ATRF_2000": "Not Available", "MRF_2001": "Not Available", "NMRF_2001": "Not Available", "ATRF_2001": "Not Available", "MRF_2002": null, "NMRF_2002": null, "ATRF_2002": "50.00", "MRF_2003": null, "NMRF_2003": null, "ATRF_2003": "237.00", "MRF_2004": null, "NMRF_2004": null, "ATRF_2004": "118.00", "MRF_2005": null, "NMRF_2005": null, "ATRF_2005": "180.00", "MRF_2006": null, "NMRF_2006": null, "ATRF_2006": "779.00", "MRF_2007": null, "NMRF_2007": null, "ATRF_2007": "306.00", "MRF_2008": null, "NMRF_2008": null, "ATRF_2008": "192.00", "MRF_2009": null, "NMRF_2009": null, "ATRF_2009": "147.00", "MRF_2010": "712.00", "NMRF_2010": "6.00", "ATRF_2010": "718.00", "AGENCY": "CGWB", "ORIG_FID": "313" }, "geometry": { "type": "Point", "coordinates": [ 70.8787531, 25.7020281 ] } },
{ "type": "Feature", "properties": { "RAINGAUGE": "RAWATSAR", "DISTRICT": "HANUMANGARH", "LONGITUDE": "74:25:05.682", "LATITUDE": "29:17:03.925", "COUNT": "9.00", "MRF_1984": "Not Available", "NMRF_1984": "Not Available", "ATRF_1984": "Not Available", "MRF_1985": "Not Available", "NMRF_1985": "Not Available", "ATRF_1985": "Not Available", "MRF_1986": "Not Available", "NMRF_1986": "Not Available", "ATRF_1986": "Not Available", "MRF_1987": "Not Available", "NMRF_1987": "Not Available", "ATRF_1987": "Not Available", "MRF_1988": "Not Available", "NMRF_1988": "Not Available", "ATRF_1988": "Not Available", "MRF_1989": "Not Available", "NMRF_1989": "Not Available", "ATRF_1989": "Not Available", "MRF_1990": "Not Available", "NMRF_1990": "Not Available", "ATRF_1990": "Not Available", "MRF_1991": "Not Available", "NMRF_1991": "Not Available", "ATRF_1991": "Not Available", "MRF_1992": "Not Available", "NMRF_1992": "Not Available", "ATRF_1992": "Not Available", "MRF_1993": "Not Available", "NMRF_1993": "Not Available", "ATRF_1993": "Not Available", "MRF_1994": "Not Available", "NMRF_1994": "Not Available", "ATRF_1994": "Not Available", "MRF_1995": "Not Available", "NMRF_1995": "Not Available", "ATRF_1995": "Not Available", "MRF_1996": "Not Available", "NMRF_1996": "Not Available", "ATRF_1996": "Not Available", "MRF_1997": "Not Available", "NMRF_1997": "Not Available", "ATRF_1997": "Not Available", "MRF_1998": "Not Available", "NMRF_1998": "Not Available", "ATRF_1998": "Not Available", "MRF_1999": "Not Available", "NMRF_1999": "Not Available", "ATRF_1999": "Not Available", "MRF_2000": "Not Available", "NMRF_2000": "Not Available", "ATRF_2000": "Not Available", "MRF_2001": "Not Available", "NMRF_2001": "Not Available", "ATRF_2001": "Not Available", "MRF_2002": null, "NMRF_2002": null, "ATRF_2002": "65.00", "MRF_2003": null, "NMRF_2003": null, "ATRF_2003": "219.00", "MRF_2004": null, "NMRF_2004": null, "ATRF_2004": "136.00", "MRF_2005": null, "NMRF_2005": null, "ATRF_2005": "220.00", "MRF_2006": null, "NMRF_2006": null, "ATRF_2006": "283.00", "MRF_2007": null, "NMRF_2007": null, "ATRF_2007": "476.00", "MRF_2008": null, "NMRF_2008": null, "ATRF_2008": "273.00", "MRF_2009": null, "NMRF_2009": null, "ATRF_2009": "211.00", "MRF_2010": "286.00", "NMRF_2010": "34.00", "ATRF_2010": "320.00", "AGENCY": "CGWB", "ORIG_FID": "314" }, "geometry": { "type": "Point", "coordinates": [ 74.418245, 29.2844236 ] } },
{ "type": "Feature", "properties": { "RAINGAUGE": "SABLA", "DISTRICT": "DUNGARPUR", "LONGITUDE": "74:12:00.000", "LATITUDE": "23:51:00.000", "COUNT": "20.00", "MRF_1984": "Not Available", "NMRF_1984": "Not Available", "ATRF_1984": "Not Available", "MRF_1985": "Not Available", "NMRF_1985": "Not Available", "ATRF_1985": "Not Available", "MRF_1986": "Not Available", "NMRF_1986": "Not Available", "ATRF_1986": "Not Available", "MRF_1987": "Not Available", "NMRF_1987": "Not Available", "ATRF_1987": "Not Available", "MRF_1988": "Not Available", "NMRF_1988": "Not Available", "ATRF_1988": "Not Available", "MRF_1989": "Not Available", "NMRF_1989": "Not Available", "ATRF_1989": "Not Available", "MRF_1990": "Not Available", "NMRF_1990": "Not Available", "ATRF_1990": "Not Available", "MRF_1991": null, "NMRF_1991": null, "ATRF_1991": "663.00", "MRF_1992": null, "NMRF_1992": null, "ATRF_1992": "609.00", "MRF_1993": null, "NMRF_1993": null, "ATRF_1993": "891.00", "MRF_1994": null, "NMRF_1994": null, "ATRF_1994": "1156.00", "MRF_1995": null, "NMRF_1995": null, "ATRF_1995": "440.00", "MRF_1996": null, "NMRF_1996": null, "ATRF_1996": "987.00", "MRF_1997": null, "NMRF_1997": null, "ATRF_1997": "739.00", "MRF_1998": null, "NMRF_1998": null, "ATRF_1998": "592.00", "MRF_1999": null, "NMRF_1999": null, "ATRF_1999": "300.00", "MRF_2000": null, "NMRF_2000": null, "ATRF_2000": "349.00", "MRF_2001": null, "NMRF_2001": null, "ATRF_2001": "523.00", "MRF_2002": null, "NMRF_2002": null, "ATRF_2002": "449.00", "MRF_2003": null, "NMRF_2003": null, "ATRF_2003": "721.00", "MRF_2004": null, "NMRF_2004": null, "ATRF_2004": "841.00", "MRF_2005": null, "NMRF_2005": null, "ATRF_2005": "621.00", "MRF_2006": null, "NMRF_2006": null, "ATRF_2006": "1434.00", "MRF_2007": null, "NMRF_2007": null, "ATRF_2007": "913.00", "MRF_2008": null, "NMRF_2008": null, "ATRF_2008": "561.00", "MRF_2009": null, "NMRF_2009": null, "ATRF_2009": "857.00", "MRF_2010": "583.00", "NMRF_2010": "40.00", "ATRF_2010": "623.00", "AGENCY": "CGWB", "ORIG_FID": "315" }, "geometry": { "type": "Point", "coordinates": [ 74.2, 23.85 ] } },
{ "type": "Feature", "properties": { "RAINGAUGE": "SAMOD", "DISTRICT": "JAIPUR", "LONGITUDE": "75:49:00.000", "LATITUDE": "27:12:00.000", "COUNT": "12.00", "MRF_1984": "Not Available", "NMRF_1984": "Not Available", "ATRF_1984": "Not Available", "MRF_1985": "Not Available", "NMRF_1985": "Not Available", "ATRF_1985": "Not Available", "MRF_1986": "Not Available", "NMRF_1986": "Not Available", "ATRF_1986": "Not Available", "MRF_1987": "Not Available", "NMRF_1987": "Not Available", "ATRF_1987": "Not Available", "MRF_1988": "Not Available", "NMRF_1988": "Not Available", "ATRF_1988": "Not Available", "MRF_1989": "Not Available", "NMRF_1989": "Not Available", "ATRF_1989": "Not Available", "MRF_1990": "Not Available", "NMRF_1990": "Not Available", "ATRF_1990": "Not Available", "MRF_1991": null, "NMRF_1991": null, "ATRF_1991": "389.00", "MRF_1992": null, "NMRF_1992": null, "ATRF_1992": "466.60", "MRF_1993": null, "NMRF_1993": null, "ATRF_1993": "753.00", "MRF_1994": null, "NMRF_1994": null, "ATRF_1994": "545.00", "MRF_1995": null, "NMRF_1995": null, "ATRF_1995": "1124.00", "MRF_1996": null, "NMRF_1996": null, "ATRF_1996": "1343.00", "MRF_1997": null, "NMRF_1997": null, "ATRF_1997": "658.00", "MRF_1998": null, "NMRF_1998": null, "ATRF_1998": "749.00", "MRF_1999": null, "NMRF_1999": null, "ATRF_1999": "402.00", "MRF_2000": "Not Available", "NMRF_2000": "Not Available", "ATRF_2000": "Not Available", "MRF_2001": "Not Available", "NMRF_2001": "Not Available", "ATRF_2001": "Not Available", "MRF_2002": "Not Available", "NMRF_2002": "Not Available", "ATRF_2002": "Not Available", "MRF_2003": "Not Available", "NMRF_2003": "Not Available", "ATRF_2003": "Not Available", "MRF_2004": "Not Available", "NMRF_2004": "Not Available", "ATRF_2004": "Not Available", "MRF_2005": "Not Available", "NMRF_2005": "Not Available", "ATRF_2005": "Not Available", "MRF_2006": "Not Available", "NMRF_2006": "Not Available", "ATRF_2006": "Not Available", "MRF_2007": "Not Available", "NMRF_2007": "Not Available", "ATRF_2007": "Not Available", "MRF_2008": "Not Available", "NMRF_2008": "Not Available", "ATRF_2008": "Not Available", "MRF_2009": "Not Available", "NMRF_2009": "Not Available", "ATRF_2009": "Not Available", "MRF_2010": "Not Available", "NMRF_2010": "Not Available", "ATRF_2010": "Not Available", "AGENCY": "CGWB", "ORIG_FID": "317" }, "geometry": { "type": "Point", "coordinates": [ 75.8166667, 27.2 ] } },
{ "type": "Feature", "properties": { "RAINGAUGE": "SANGARIA", "DISTRICT": "HANUMANGARH", "LONGITUDE": "74:27:00.000", "LATITUDE": "29:50:00.000", "COUNT": "20.00", "MRF_1984": "Not Available", "NMRF_1984": "Not Available", "ATRF_1984": "Not Available", "MRF_1985": "Not Available", "NMRF_1985": "Not Available", "ATRF_1985": "Not Available", "MRF_1986": "Not Available", "NMRF_1986": "Not Available", "ATRF_1986": "Not Available", "MRF_1987": "Not Available", "NMRF_1987": "Not Available", "ATRF_1987": "Not Available", "MRF_1988": "Not Available", "NMRF_1988": "Not Available", "ATRF_1988": "Not Available", "MRF_1989": "Not Available", "NMRF_1989": "Not Available", "ATRF_1989": "Not Available", "MRF_1990": "Not Available", "NMRF_1990": "Not Available", "ATRF_1990": "Not Available", "MRF_1991": null, "NMRF_1991": null, "ATRF_1991": "140.20", "MRF_1992": null, "NMRF_1992": null, "ATRF_1992": "256.80", "MRF_1993": null, "NMRF_1993": null, "ATRF_1993": "228.20", "MRF_1994": null, "NMRF_1994": null, "ATRF_1994": "374.00", "MRF_1995": null, "NMRF_1995": null, "ATRF_1995": "361.00", "MRF_1996": null, "NMRF_1996": null, "ATRF_1996": "343.00", "MRF_1997": null, "NMRF_1997": null, "ATRF_1997": "493.00", "MRF_1998": null, "NMRF_1998": null, "ATRF_1998": "537.00", "MRF_1999": null, "NMRF_1999": null, "ATRF_1999": "203.00", "MRF_2000": null, "NMRF_2000": null, "ATRF_2000": "222.00", "MRF_2001": null, "NMRF_2001": null, "ATRF_2001": "456.00", "MRF_2002": null, "NMRF_2002": null, "ATRF_2002": "90.00", "MRF_2003": null, "NMRF_2003": null, "ATRF_2003": "418.00", "MRF_2004": null, "NMRF_2004": null, "ATRF_2004": "357.00", "MRF_2005": null, "NMRF_2005": null, "ATRF_2005": "218.00", "MRF_2006": null, "NMRF_2006": null, "ATRF_2006": "336.00", "MRF_2007": null, "NMRF_2007": null, "ATRF_2007": "530.00", "MRF_2008": null, "NMRF_2008": null, "ATRF_2008": "580.00", "MRF_2009": null, "NMRF_2009": null, "ATRF_2009": "272.00", "MRF_2010": "417.00", "NMRF_2010": "27.00", "ATRF_2010": "444.00", "AGENCY": "CGWB", "ORIG_FID": "318" }, "geometry": { "type": "Point", "coordinates": [ 74.45, 29.8333333 ] } },
{ "type": "Feature", "properties": { "RAINGAUGE": "SARMATHURA", "DISTRICT": "DHAULPUR", "LONGITUDE": "77:22:00.000", "LATITUDE": "26:31:00.000", "COUNT": "20.00", "MRF_1984": "Not Available", "NMRF_1984": "Not Available", "ATRF_1984": "Not Available", "MRF_1985": "Not Available", "NMRF_1985": "Not Available", "ATRF_1985": "Not Available", "MRF_1986": "Not Available", "NMRF_1986": "Not Available", "ATRF_1986": "Not Available", "MRF_1987": "Not Available", "NMRF_1987": "Not Available", "ATRF_1987": "Not Available", "MRF_1988": "Not Available", "NMRF_1988": "Not Available", "ATRF_1988": "Not Available", "MRF_1989": "Not Available", "NMRF_1989": "Not Available", "ATRF_1989": "Not Available", "MRF_1990": "Not Available", "NMRF_1990": "Not Available", "ATRF_1990": "Not Available", "MRF_1991": null, "NMRF_1991": null, "ATRF_1991": "413.00", "MRF_1992": null, "NMRF_1992": null, "ATRF_1992": "772.00", "MRF_1993": null, "NMRF_1993": null, "ATRF_1993": "463.00", "MRF_1994": null, "NMRF_1994": null, "ATRF_1994": "408.00", "MRF_1995": null, "NMRF_1995": null, "ATRF_1995": "647.00", "MRF_1996": null, "NMRF_1996": null, "ATRF_1996": "675.00", "MRF_1997": null, "NMRF_1997": null, "ATRF_1997": "874.50", "MRF_1998": null, "NMRF_1998": null, "ATRF_1998": "873.00", "MRF_1999": null, "NMRF_1999": null, "ATRF_1999": "170.00", "MRF_2000": null, "NMRF_2000": null, "ATRF_2000": "468.00", "MRF_2001": null, "NMRF_2001": null, "ATRF_2001": "561.00", "MRF_2002": null, "NMRF_2002": null, "ATRF_2002": "212.00", "MRF_2003": null, "NMRF_2003": null, "ATRF_2003": "735.50", "MRF_2004": null, "NMRF_2004": null, "ATRF_2004": "461.00", "MRF_2005": null, "NMRF_2005": null, "ATRF_2005": "418.00", "MRF_2006": null, "NMRF_2006": null, "ATRF_2006": "282.00", "MRF_2007": null, "NMRF_2007": null, "ATRF_2007": "336.00", "MRF_2008": null, "NMRF_2008": null, "ATRF_2008": "900.10", "MRF_2009": null, "NMRF_2009": null, "ATRF_2009": "527.00", "MRF_2010": "585.00", "NMRF_2010": "106.00", "ATRF_2010": "691.00", "AGENCY": "CGWB", "ORIG_FID": "319" }, "geometry": { "type": "Point", "coordinates": [ 77.3666667, 26.5166667 ] } },
{ "type": "Feature", "properties": { "RAINGAUGE": "SARWAR", "DISTRICT": "AJMER", "LONGITUDE": "75:01:00.000", "LATITUDE": "26:04:00.000", "COUNT": "20.00", "MRF_1984": "Not Available", "NMRF_1984": "Not Available", "ATRF_1984": "Not Available", "MRF_1985": "Not Available", "NMRF_1985": "Not Available", "ATRF_1985": "Not Available", "MRF_1986": "Not Available", "NMRF_1986": "Not Available", "ATRF_1986": "Not Available", "MRF_1987": "Not Available", "NMRF_1987": "Not Available", "ATRF_1987": "Not Available", "MRF_1988": "Not Available", "NMRF_1988": "Not Available", "ATRF_1988": "Not Available", "MRF_1989": "Not Available", "NMRF_1989": "Not Available", "ATRF_1989": "Not Available", "MRF_1990": "Not Available", "NMRF_1990": "Not Available", "ATRF_1990": "Not Available", "MRF_1991": null, "NMRF_1991": null, "ATRF_1991": "371.00", "MRF_1992": null, "NMRF_1992": null, "ATRF_1992": "554.00", "MRF_1993": null, "NMRF_1993": null, "ATRF_1993": "478.00", "MRF_1994": null, "NMRF_1994": null, "ATRF_1994": "964.00", "MRF_1995": null, "NMRF_1995": null, "ATRF_1995": "496.00", "MRF_1996": null, "NMRF_1996": null, "ATRF_1996": "843.00", "MRF_1997": null, "NMRF_1997": null, "ATRF_1997": "579.00", "MRF_1998": null, "NMRF_1998": null, "ATRF_1998": "404.00", "MRF_1999": null, "NMRF_1999": null, "ATRF_1999": "454.00", "MRF_2000": null, "NMRF_2000": null, "ATRF_2000": "388.00", "MRF_2001": null, "NMRF_2001": null, "ATRF_2001": "520.00", "MRF_2002": null, "NMRF_2002": null, "ATRF_2002": "258.00", "MRF_2003": null, "NMRF_2003": null, "ATRF_2003": "444.00", "MRF_2004": null, "NMRF_2004": null, "ATRF_2004": "610.00", "MRF_2005": null, "NMRF_2005": null, "ATRF_2005": "471.00", "MRF_2006": null, "NMRF_2006": null, "ATRF_2006": "536.00", "MRF_2007": null, "NMRF_2007": null, "ATRF_2007": "393.00", "MRF_2008": null, "NMRF_2008": null, "ATRF_2008": "786.00", "MRF_2009": null, "NMRF_2009": null, "ATRF_2009": "602.00", "MRF_2010": "596.00", "NMRF_2010": "137.00", "ATRF_2010": "733.00", "AGENCY": "CGWB", "ORIG_FID": "320" }, "geometry": { "type": "Point", "coordinates": [ 75.0166667, 26.0666667 ] } },
{ "type": "Feature", "properties": { "RAINGAUGE": "SAWAR", "DISTRICT": "AJMER", "LONGITUDE": "75:13:00.000", "LATITUDE": "25:45:00.000", "COUNT": "20.00", "MRF_1984": "Not Available", "NMRF_1984": "Not Available", "ATRF_1984": "Not Available", "MRF_1985": "Not Available", "NMRF_1985": "Not Available", "ATRF_1985": "Not Available", "MRF_1986": "Not Available", "NMRF_1986": "Not Available", "ATRF_1986": "Not Available", "MRF_1987": "Not Available", "NMRF_1987": "Not Available", "ATRF_1987": "Not Available", "MRF_1988": "Not Available", "NMRF_1988": "Not Available", "ATRF_1988": "Not Available", "MRF_1989": "Not Available", "NMRF_1989": "Not Available", "ATRF_1989": "Not Available", "MRF_1990": "Not Available", "NMRF_1990": "Not Available", "ATRF_1990": "Not Available", "MRF_1991": null, "NMRF_1991": null, "ATRF_1991": "466.00", "MRF_1992": null, "NMRF_1992": null, "ATRF_1992": "439.00", "MRF_1993": null, "NMRF_1993": null, "ATRF_1993": "590.00", "MRF_1994": null, "NMRF_1994": null, "ATRF_1994": "571.00", "MRF_1995": null, "NMRF_1995": null, "ATRF_1995": "404.00", "MRF_1996": null, "NMRF_1996": null, "ATRF_1996": "770.00", "MRF_1997": null, "NMRF_1997": null, "ATRF_1997": "617.80", "MRF_1998": null, "NMRF_1998": null, "ATRF_1998": "419.00", "MRF_1999": null, "NMRF_1999": null, "ATRF_1999": "548.00", "MRF_2000": null, "NMRF_2000": null, "ATRF_2000": "515.00", "MRF_2001": null, "NMRF_2001": null, "ATRF_2001": "599.00", "MRF_2002": null, "NMRF_2002": null, "ATRF_2002": "172.00", "MRF_2003": null, "NMRF_2003": null, "ATRF_2003": "400.00", "MRF_2004": null, "NMRF_2004": null, "ATRF_2004": "957.50", "MRF_2005": null, "NMRF_2005": null, "ATRF_2005": "426.00", "MRF_2006": null, "NMRF_2006": null, "ATRF_2006": "519.00", "MRF_2007": null, "NMRF_2007": null, "ATRF_2007": "439.00", "MRF_2008": null, "NMRF_2008": null, "ATRF_2008": "1.00", "MRF_2009": null, "NMRF_2009": null, "ATRF_2009": "315.00", "MRF_2010": "431.00", "NMRF_2010": "110.00", "ATRF_2010": "541.00", "AGENCY": "CGWB", "ORIG_FID": "321" }, "geometry": { "type": "Point", "coordinates": [ 75.2166667, 25.75 ] } },
{ "type": "Feature", "properties": { "RAINGAUGE": "SEPAU", "DISTRICT": "DHOLPUR", "LONGITUDE": "77:45:00.000", "LATITUDE": "26:49:00.000", "COUNT": "20.00", "MRF_1984": "Not Available", "NMRF_1984": "Not Available", "ATRF_1984": "Not Available", "MRF_1985": "Not Available", "NMRF_1985": "Not Available", "ATRF_1985": "Not Available", "MRF_1986": "Not Available", "NMRF_1986": "Not Available", "ATRF_1986": "Not Available", "MRF_1987": "Not Available", "NMRF_1987": "Not Available", "ATRF_1987": "Not Available", "MRF_1988": "Not Available", "NMRF_1988": "Not Available", "ATRF_1988": "Not Available", "MRF_1989": "Not Available", "NMRF_1989": "Not Available", "ATRF_1989": "Not Available", "MRF_1990": "Not Available", "NMRF_1990": "Not Available", "ATRF_1990": "Not Available", "MRF_1991": null, "NMRF_1991": null, "ATRF_1991": "323.00", "MRF_1992": null, "NMRF_1992": null, "ATRF_1992": "644.00", "MRF_1993": null, "NMRF_1993": null, "ATRF_1993": "484.00", "MRF_1994": null, "NMRF_1994": null, "ATRF_1994": "467.00", "MRF_1995": null, "NMRF_1995": null, "ATRF_1995": "805.00", "MRF_1996": null, "NMRF_1996": null, "ATRF_1996": "950.00", "MRF_1997": null, "NMRF_1997": null, "ATRF_1997": "668.00", "MRF_1998": null, "NMRF_1998": null, "ATRF_1998": "781.00", "MRF_1999": null, "NMRF_1999": null, "ATRF_1999": "675.00", "MRF_2000": null, "NMRF_2000": null, "ATRF_2000": "451.00", "MRF_2001": null, "NMRF_2001": null, "ATRF_2001": "693.70", "MRF_2002": null, "NMRF_2002": null, "ATRF_2002": "446.00", "MRF_2003": null, "NMRF_2003": null, "ATRF_2003": "552.00", "MRF_2004": null, "NMRF_2004": null, "ATRF_2004": "633.00", "MRF_2005": null, "NMRF_2005": null, "ATRF_2005": "673.00", "MRF_2006": null, "NMRF_2006": null, "ATRF_2006": "384.00", "MRF_2007": null, "NMRF_2007": null, "ATRF_2007": "357.00", "MRF_2008": null, "NMRF_2008": null, "ATRF_2008": "782.00", "MRF_2009": null, "NMRF_2009": null, "ATRF_2009": "413.00", "MRF_2010": "Not Available", "NMRF_2010": "Not Available", "ATRF_2010": "Not Available", "AGENCY": "CGWB", "ORIG_FID": "322" }, "geometry": { "type": "Point", "coordinates": [ 77.75, 26.8166667 ] } },
{ "type": "Feature", "properties": { "RAINGAUGE": "SHAHPURA (J)", "DISTRICT": "JAIPUR", "LONGITUDE": "75:58:21.670", "LATITUDE": "27:24:04.174", "COUNT": "20.00", "MRF_1984": "Not Available", "NMRF_1984": "Not Available", "ATRF_1984": "Not Available", "MRF_1985": "Not Available", "NMRF_1985": "Not Available", "ATRF_1985": "Not Available", "MRF_1986": "Not Available", "NMRF_1986": "Not Available", "ATRF_1986": "Not Available", "MRF_1987": "Not Available", "NMRF_1987": "Not Available", "ATRF_1987": "Not Available", "MRF_1988": "Not Available", "NMRF_1988": "Not Available", "ATRF_1988": "Not Available", "MRF_1989": "Not Available", "NMRF_1989": "Not Available", "ATRF_1989": "Not Available", "MRF_1990": "Not Available", "NMRF_1990": "Not Available", "ATRF_1990": "Not Available", "MRF_1991": null, "NMRF_1991": null, "ATRF_1991": "278.60", "MRF_1992": null, "NMRF_1992": null, "ATRF_1992": "503.20", "MRF_1993": null, "NMRF_1993": null, "ATRF_1993": "650.00", "MRF_1994": null, "NMRF_1994": null, "ATRF_1994": "544.50", "MRF_1995": null, "NMRF_1995": null, "ATRF_1995": "922.00", "MRF_1996": null, "NMRF_1996": null, "ATRF_1996": "897.00", "MRF_1997": null, "NMRF_1997": null, "ATRF_1997": "765.00", "MRF_1998": null, "NMRF_1998": null, "ATRF_1998": "628.00", "MRF_1999": null, "NMRF_1999": null, "ATRF_1999": "506.00", "MRF_2000": null, "NMRF_2000": null, "ATRF_2000": "396.00", "MRF_2001": null, "NMRF_2001": null, "ATRF_2001": "460.00", "MRF_2002": null, "NMRF_2002": null, "ATRF_2002": "281.00", "MRF_2003": null, "NMRF_2003": null, "ATRF_2003": "973.00", "MRF_2004": null, "NMRF_2004": null, "ATRF_2004": "666.00", "MRF_2005": null, "NMRF_2005": null, "ATRF_2005": "855.00", "MRF_2006": null, "NMRF_2006": null, "ATRF_2006": "550.00", "MRF_2007": null, "NMRF_2007": null, "ATRF_2007": "361.30", "MRF_2008": null, "NMRF_2008": null, "ATRF_2008": "943.00", "MRF_2009": null, "NMRF_2009": null, "ATRF_2009": "212.00", "MRF_2010": "875.00", "NMRF_2010": "105.00", "ATRF_2010": "980.00", "AGENCY": "CGWB", "ORIG_FID": "323" }, "geometry": { "type": "Point", "coordinates": [ 75.9726861, 27.4011594 ] } },
{ "type": "Feature", "properties": { "RAINGAUGE": "SHERGARH (B)", "DISTRICT": "BANSWARA", "LONGITUDE": "74:10:00.000", "LATITUDE": "23:20:00.000", "COUNT": "20.00", "MRF_1984": "Not Available", "NMRF_1984": "Not Available", "ATRF_1984": "Not Available", "MRF_1985": "Not Available", "NMRF_1985": "Not Available", "ATRF_1985": "Not Available", "MRF_1986": "Not Available", "NMRF_1986": "Not Available", "ATRF_1986": "Not Available", "MRF_1987": "Not Available", "NMRF_1987": "Not Available", "ATRF_1987": "Not Available", "MRF_1988": "Not Available", "NMRF_1988": "Not Available", "ATRF_1988": "Not Available", "MRF_1989": "Not Available", "NMRF_1989": "Not Available", "ATRF_1989": "Not Available", "MRF_1990": "Not Available", "NMRF_1990": "Not Available", "ATRF_1990": "Not Available", "MRF_1991": null, "NMRF_1991": null, "ATRF_1991": "537.00", "MRF_1992": null, "NMRF_1992": null, "ATRF_1992": "547.00", "MRF_1993": null, "NMRF_1993": null, "ATRF_1993": "657.00", "MRF_1994": null, "NMRF_1994": null, "ATRF_1994": "1868.80", "MRF_1995": null, "NMRF_1995": null, "ATRF_1995": "602.00", "MRF_1996": null, "NMRF_1996": null, "ATRF_1996": "1443.00", "MRF_1997": null, "NMRF_1997": null, "ATRF_1997": "914.00", "MRF_1998": null, "NMRF_1998": null, "ATRF_1998": "1097.00", "MRF_1999": null, "NMRF_1999": null, "ATRF_1999": "223.00", "MRF_2000": null, "NMRF_2000": null, "ATRF_2000": "585.00", "MRF_2001": null, "NMRF_2001": null, "ATRF_2001": "463.00", "MRF_2002": null, "NMRF_2002": null, "ATRF_2002": "502.00", "MRF_2003": null, "NMRF_2003": null, "ATRF_2003": "632.00", "MRF_2004": null, "NMRF_2004": null, "ATRF_2004": "1014.00", "MRF_2005": null, "NMRF_2005": null, "ATRF_2005": "828.00", "MRF_2006": null, "NMRF_2006": null, "ATRF_2006": "1420.00", "MRF_2007": null, "NMRF_2007": null, "ATRF_2007": "1343.00", "MRF_2008": null, "NMRF_2008": null, "ATRF_2008": "645.00", "MRF_2009": null, "NMRF_2009": null, "ATRF_2009": "620.00", "MRF_2010": "Not Available", "NMRF_2010": "Not Available", "ATRF_2010": "Not Available", "AGENCY": "CGWB", "ORIG_FID": "324" }, "geometry": { "type": "Point", "coordinates": [ 74.1666667, 23.3333333 ] } },
{ "type": "Feature", "properties": { "RAINGAUGE": "SHERGARH (JD)", "DISTRICT": "JODHPUR", "LONGITUDE": "72:18:00.000", "LATITUDE": "26:20:00.000", "COUNT": "20.00", "MRF_1984": "Not Available", "NMRF_1984": "Not Available", "ATRF_1984": "Not Available", "MRF_1985": "Not Available", "NMRF_1985": "Not Available", "ATRF_1985": "Not Available", "MRF_1986": "Not Available", "NMRF_1986": "Not Available", "ATRF_1986": "Not Available", "MRF_1987": "Not Available", "NMRF_1987": "Not Available", "ATRF_1987": "Not Available", "MRF_1988": "Not Available", "NMRF_1988": "Not Available", "ATRF_1988": "Not Available", "MRF_1989": "Not Available", "NMRF_1989": "Not Available", "ATRF_1989": "Not Available", "MRF_1990": "Not Available", "NMRF_1990": "Not Available", "ATRF_1990": "Not Available", "MRF_1991": null, "NMRF_1991": null, "ATRF_1991": "204.00", "MRF_1992": null, "NMRF_1992": null, "ATRF_1992": "374.00", "MRF_1993": null, "NMRF_1993": null, "ATRF_1993": "239.60", "MRF_1994": null, "NMRF_1994": null, "ATRF_1994": "293.60", "MRF_1995": null, "NMRF_1995": null, "ATRF_1995": "376.80", "MRF_1996": null, "NMRF_1996": null, "ATRF_1996": "385.00", "MRF_1997": null, "NMRF_1997": null, "ATRF_1997": "323.00", "MRF_1998": null, "NMRF_1998": null, "ATRF_1998": "240.00", "MRF_1999": null, "NMRF_1999": null, "ATRF_1999": "804.00", "MRF_2000": null, "NMRF_2000": null, "ATRF_2000": "231.00", "MRF_2001": null, "NMRF_2001": null, "ATRF_2001": "356.00", "MRF_2002": null, "NMRF_2002": null, "ATRF_2002": "78.80", "MRF_2003": null, "NMRF_2003": null, "ATRF_2003": "346.00", "MRF_2004": null, "NMRF_2004": null, "ATRF_2004": "103.00", "MRF_2005": null, "NMRF_2005": null, "ATRF_2005": "109.00", "MRF_2006": null, "NMRF_2006": null, "ATRF_2006": "221.00", "MRF_2007": null, "NMRF_2007": null, "ATRF_2007": "359.00", "MRF_2008": null, "NMRF_2008": null, "ATRF_2008": "273.00", "MRF_2009": null, "NMRF_2009": null, "ATRF_2009": "56.00", "MRF_2010": "582.50", "NMRF_2010": "94.00", "ATRF_2010": "676.50", "AGENCY": "CGWB", "ORIG_FID": "325" }, "geometry": { "type": "Point", "coordinates": [ 72.3, 26.3333333 ] } },
{ "type": "Feature", "properties": { "RAINGAUGE": "SRI NAGAR", "DISTRICT": "AJMER", "LONGITUDE": "74:47:00.000", "LATITUDE": "26:26:00.000", "COUNT": "20.00", "MRF_1984": "Not Available", "NMRF_1984": "Not Available", "ATRF_1984": "Not Available", "MRF_1985": "Not Available", "NMRF_1985": "Not Available", "ATRF_1985": "Not Available", "MRF_1986": "Not Available", "NMRF_1986": "Not Available", "ATRF_1986": "Not Available", "MRF_1987": "Not Available", "NMRF_1987": "Not Available", "ATRF_1987": "Not Available", "MRF_1988": "Not Available", "NMRF_1988": "Not Available", "ATRF_1988": "Not Available", "MRF_1989": "Not Available", "NMRF_1989": "Not Available", "ATRF_1989": "Not Available", "MRF_1990": "Not Available", "NMRF_1990": "Not Available", "ATRF_1990": "Not Available", "MRF_1991": null, "NMRF_1991": null, "ATRF_1991": "188.00", "MRF_1992": null, "NMRF_1992": null, "ATRF_1992": "525.00", "MRF_1993": null, "NMRF_1993": null, "ATRF_1993": "235.00", "MRF_1994": null, "NMRF_1994": null, "ATRF_1994": "856.00", "MRF_1995": null, "NMRF_1995": null, "ATRF_1995": "513.00", "MRF_1996": null, "NMRF_1996": null, "ATRF_1996": "716.00", "MRF_1997": null, "NMRF_1997": null, "ATRF_1997": "602.00", "MRF_1998": null, "NMRF_1998": null, "ATRF_1998": "553.00", "MRF_1999": null, "NMRF_1999": null, "ATRF_1999": "245.00", "MRF_2000": null, "NMRF_2000": null, "ATRF_2000": "238.00", "MRF_2001": null, "NMRF_2001": null, "ATRF_2001": "248.00", "MRF_2002": null, "NMRF_2002": null, "ATRF_2002": "81.00", "MRF_2003": null, "NMRF_2003": null, "ATRF_2003": "349.00", "MRF_2004": null, "NMRF_2004": null, "ATRF_2004": "215.00", "MRF_2005": null, "NMRF_2005": null, "ATRF_2005": "153.00", "MRF_2006": null, "NMRF_2006": null, "ATRF_2006": "117.00", "MRF_2007": null, "NMRF_2007": null, "ATRF_2007": "301.00", "MRF_2008": null, "NMRF_2008": null, "ATRF_2008": "477.70", "MRF_2009": null, "NMRF_2009": null, "ATRF_2009": "89.00", "MRF_2010": "322.50", "NMRF_2010": "77.00", "ATRF_2010": "399.50", "AGENCY": "CGWB", "ORIG_FID": "327" }, "geometry": { "type": "Point", "coordinates": [ 74.7833333, 26.4333333 ] } },
{ "type": "Feature", "properties": { "RAINGAUGE": "TAPUKRAH", "DISTRICT": "ALWAR", "LONGITUDE": "76:49:00.000", "LATITUDE": "28:07:00.000", "COUNT": "20.00", "MRF_1984": "Not Available", "NMRF_1984": "Not Available", "ATRF_1984": "Not Available", "MRF_1985": "Not Available", "NMRF_1985": "Not Available", "ATRF_1985": "Not Available", "MRF_1986": "Not Available", "NMRF_1986": "Not Available", "ATRF_1986": "Not Available", "MRF_1987": "Not Available", "NMRF_1987": "Not Available", "ATRF_1987": "Not Available", "MRF_1988": "Not Available", "NMRF_1988": "Not Available", "ATRF_1988": "Not Available", "MRF_1989": "Not Available", "NMRF_1989": "Not Available", "ATRF_1989": "Not Available", "MRF_1990": "Not Available", "NMRF_1990": "Not Available", "ATRF_1990": "Not Available", "MRF_1991": null, "NMRF_1991": null, "ATRF_1991": "551.00", "MRF_1992": null, "NMRF_1992": null, "ATRF_1992": "432.00", "MRF_1993": null, "NMRF_1993": null, "ATRF_1993": "658.00", "MRF_1994": null, "NMRF_1994": null, "ATRF_1994": "570.00", "MRF_1995": null, "NMRF_1995": null, "ATRF_1995": "1182.00", "MRF_1996": null, "NMRF_1996": null, "ATRF_1996": "1098.00", "MRF_1997": null, "NMRF_1997": null, "ATRF_1997": "505.00", "MRF_1998": null, "NMRF_1998": null, "ATRF_1998": "526.00", "MRF_1999": null, "NMRF_1999": null, "ATRF_1999": "430.00", "MRF_2000": null, "NMRF_2000": null, "ATRF_2000": "297.00", "MRF_2001": null, "NMRF_2001": null, "ATRF_2001": "313.00", "MRF_2002": null, "NMRF_2002": null, "ATRF_2002": "249.00", "MRF_2003": null, "NMRF_2003": null, "ATRF_2003": "609.00", "MRF_2004": null, "NMRF_2004": null, "ATRF_2004": "276.00", "MRF_2005": null, "NMRF_2005": null, "ATRF_2005": "434.00", "MRF_2006": null, "NMRF_2006": null, "ATRF_2006": "361.00", "MRF_2007": null, "NMRF_2007": null, "ATRF_2007": "470.00", "MRF_2008": null, "NMRF_2008": null, "ATRF_2008": "651.00", "MRF_2009": null, "NMRF_2009": null, "ATRF_2009": "349.00", "MRF_2010": "Not Available", "NMRF_2010": "Not Available", "ATRF_2010": "Not Available", "AGENCY": "CGWB", "ORIG_FID": "328" }, "geometry": { "type": "Point", "coordinates": [ 76.8166667, 28.1166667 ] } },
{ "type": "Feature", "properties": { "RAINGAUGE": "TIBBI", "DISTRICT": "HANUMANGARH", "LONGITUDE": "74:30:30.000", "LATITUDE": "29:34:00.000", "COUNT": "20.00", "MRF_1984": "Not Available", "NMRF_1984": "Not Available", "ATRF_1984": "Not Available", "MRF_1985": "Not Available", "NMRF_1985": "Not Available", "ATRF_1985": "Not Available", "MRF_1986": "Not Available", "NMRF_1986": "Not Available", "ATRF_1986": "Not Available", "MRF_1987": "Not Available", "NMRF_1987": "Not Available", "ATRF_1987": "Not Available", "MRF_1988": "Not Available", "NMRF_1988": "Not Available", "ATRF_1988": "Not Available", "MRF_1989": "Not Available", "NMRF_1989": "Not Available", "ATRF_1989": "Not Available", "MRF_1990": "Not Available", "NMRF_1990": "Not Available", "ATRF_1990": "Not Available", "MRF_1991": null, "NMRF_1991": null, "ATRF_1991": "105.00", "MRF_1992": null, "NMRF_1992": null, "ATRF_1992": "411.00", "MRF_1993": null, "NMRF_1993": null, "ATRF_1993": "291.00", "MRF_1994": null, "NMRF_1994": null, "ATRF_1994": "262.00", "MRF_1995": null, "NMRF_1995": null, "ATRF_1995": "424.00", "MRF_1996": null, "NMRF_1996": null, "ATRF_1996": "454.00", "MRF_1997": null, "NMRF_1997": null, "ATRF_1997": "626.00", "MRF_1998": null, "NMRF_1998": null, "ATRF_1998": "339.00", "MRF_1999": null, "NMRF_1999": null, "ATRF_1999": "301.00", "MRF_2000": null, "NMRF_2000": null, "ATRF_2000": "252.00", "MRF_2001": null, "NMRF_2001": null, "ATRF_2001": "456.00", "MRF_2002": null, "NMRF_2002": null, "ATRF_2002": "150.00", "MRF_2003": null, "NMRF_2003": null, "ATRF_2003": "216.00", "MRF_2004": null, "NMRF_2004": null, "ATRF_2004": "276.00", "MRF_2005": null, "NMRF_2005": null, "ATRF_2005": "305.00", "MRF_2006": null, "NMRF_2006": null, "ATRF_2006": "272.00", "MRF_2007": null, "NMRF_2007": null, "ATRF_2007": "423.00", "MRF_2008": null, "NMRF_2008": null, "ATRF_2008": "236.00", "MRF_2009": null, "NMRF_2009": null, "ATRF_2009": "323.00", "MRF_2010": "316.00", "NMRF_2010": "34.00", "ATRF_2010": "350.00", "AGENCY": "CGWB", "ORIG_FID": "329" }, "geometry": { "type": "Point", "coordinates": [ 74.5083333, 29.5666667 ] } },
{ "type": "Feature", "properties": { "RAINGAUGE": "TODGARH", "DISTRICT": "AJMER", "LONGITUDE": "73:57:37.250", "LATITUDE": "25:41:13.980", "COUNT": "20.00", "MRF_1984": "Not Available", "NMRF_1984": "Not Available", "ATRF_1984": "Not Available", "MRF_1985": "Not Available", "NMRF_1985": "Not Available", "ATRF_1985": "Not Available", "MRF_1986": "Not Available", "NMRF_1986": "Not Available", "ATRF_1986": "Not Available", "MRF_1987": "Not Available", "NMRF_1987": "Not Available", "ATRF_1987": "Not Available", "MRF_1988": "Not Available", "NMRF_1988": "Not Available", "ATRF_1988": "Not Available", "MRF_1989": "Not Available", "NMRF_1989": "Not Available", "ATRF_1989": "Not Available", "MRF_1990": "Not Available", "NMRF_1990": "Not Available", "ATRF_1990": "Not Available", "MRF_1991": null, "NMRF_1991": null, "ATRF_1991": "468.60", "MRF_1992": null, "NMRF_1992": null, "ATRF_1992": "276.00", "MRF_1993": null, "NMRF_1993": null, "ATRF_1993": "245.00", "MRF_1994": null, "NMRF_1994": null, "ATRF_1994": "922.00", "MRF_1995": null, "NMRF_1995": null, "ATRF_1995": "501.00", "MRF_1996": null, "NMRF_1996": null, "ATRF_1996": "653.00", "MRF_1997": null, "NMRF_1997": null, "ATRF_1997": "716.00", "MRF_1998": null, "NMRF_1998": null, "ATRF_1998": "516.40", "MRF_1999": null, "NMRF_1999": null, "ATRF_1999": "550.00", "MRF_2000": null, "NMRF_2000": null, "ATRF_2000": "256.50", "MRF_2001": null, "NMRF_2001": null, "ATRF_2001": "546.00", "MRF_2002": null, "NMRF_2002": null, "ATRF_2002": "239.00", "MRF_2003": null, "NMRF_2003": null, "ATRF_2003": "463.00", "MRF_2004": null, "NMRF_2004": null, "ATRF_2004": "433.00", "MRF_2005": null, "NMRF_2005": null, "ATRF_2005": "689.00", "MRF_2006": null, "NMRF_2006": null, "ATRF_2006": "689.00", "MRF_2007": null, "NMRF_2007": null, "ATRF_2007": "376.00", "MRF_2008": null, "NMRF_2008": null, "ATRF_2008": "187.00", "MRF_2009": null, "NMRF_2009": null, "ATRF_2009": "218.00", "MRF_2010": "490.20", "NMRF_2010": "90.00", "ATRF_2010": "580.20", "AGENCY": "CGWB", "ORIG_FID": "331" }, "geometry": { "type": "Point", "coordinates": [ 73.9603472, 25.6872167 ] } },
{ "type": "Feature", "properties": { "RAINGAUGE": "VENJA", "DISTRICT": "DUNGARPUR", "LONGITUDE": "73:42:44.225", "LATITUDE": "23:41:15.405", "COUNT": "20.00", "MRF_1984": "Not Available", "NMRF_1984": "Not Available", "ATRF_1984": "Not Available", "MRF_1985": "Not Available", "NMRF_1985": "Not Available", "ATRF_1985": "Not Available", "MRF_1986": "Not Available", "NMRF_1986": "Not Available", "ATRF_1986": "Not Available", "MRF_1987": "Not Available", "NMRF_1987": "Not Available", "ATRF_1987": "Not Available", "MRF_1988": "Not Available", "NMRF_1988": "Not Available", "ATRF_1988": "Not Available", "MRF_1989": "Not Available", "NMRF_1989": "Not Available", "ATRF_1989": "Not Available", "MRF_1990": "Not Available", "NMRF_1990": "Not Available", "ATRF_1990": "Not Available", "MRF_1991": null, "NMRF_1991": null, "ATRF_1991": "465.00", "MRF_1992": null, "NMRF_1992": null, "ATRF_1992": "590.00", "MRF_1993": null, "NMRF_1993": null, "ATRF_1993": "528.20", "MRF_1994": null, "NMRF_1994": null, "ATRF_1994": "1038.00", "MRF_1995": null, "NMRF_1995": null, "ATRF_1995": "609.00", "MRF_1996": null, "NMRF_1996": null, "ATRF_1996": "829.00", "MRF_1997": null, "NMRF_1997": null, "ATRF_1997": "721.00", "MRF_1998": null, "NMRF_1998": null, "ATRF_1998": "1037.00", "MRF_1999": null, "NMRF_1999": null, "ATRF_1999": "617.00", "MRF_2000": null, "NMRF_2000": null, "ATRF_2000": "499.00", "MRF_2001": null, "NMRF_2001": null, "ATRF_2001": "603.00", "MRF_2002": null, "NMRF_2002": null, "ATRF_2002": "390.00", "MRF_2003": null, "NMRF_2003": null, "ATRF_2003": "795.00", "MRF_2004": null, "NMRF_2004": null, "ATRF_2004": "688.00", "MRF_2005": null, "NMRF_2005": null, "ATRF_2005": "388.00", "MRF_2006": null, "NMRF_2006": null, "ATRF_2006": "1611.00", "MRF_2007": null, "NMRF_2007": null, "ATRF_2007": "824.00", "MRF_2008": null, "NMRF_2008": null, "ATRF_2008": "657.00", "MRF_2009": null, "NMRF_2009": null, "ATRF_2009": "791.00", "MRF_2010": "571.00", "NMRF_2010": "39.00", "ATRF_2010": "610.00", "AGENCY": "CGWB", "ORIG_FID": "333" }, "geometry": { "type": "Point", "coordinates": [ 73.7122847, 23.6876125 ] } },
{ "type": "Feature", "properties": { "RAINGAUGE": "VIJAYNAGAR", "DISTRICT": "AJMER", "LONGITUDE": "73:31:25.000", "LATITUDE": "29:14:45.000", "COUNT": "9.00", "MRF_1984": "Not Available", "NMRF_1984": "Not Available", "ATRF_1984": "Not Available", "MRF_1985": "Not Available", "NMRF_1985": "Not Available", "ATRF_1985": "Not Available", "MRF_1986": "Not Available", "NMRF_1986": "Not Available", "ATRF_1986": "Not Available", "MRF_1987": "Not Available", "NMRF_1987": "Not Available", "ATRF_1987": "Not Available", "MRF_1988": "Not Available", "NMRF_1988": "Not Available", "ATRF_1988": "Not Available", "MRF_1989": "Not Available", "NMRF_1989": "Not Available", "ATRF_1989": "Not Available", "MRF_1990": "Not Available", "NMRF_1990": "Not Available", "ATRF_1990": "Not Available", "MRF_1991": "Not Available", "NMRF_1991": "Not Available", "ATRF_1991": "Not Available", "MRF_1992": "Not Available", "NMRF_1992": "Not Available", "ATRF_1992": "Not Available", "MRF_1993": "Not Available", "NMRF_1993": "Not Available", "ATRF_1993": "Not Available", "MRF_1994": "Not Available", "NMRF_1994": "Not Available", "ATRF_1994": "Not Available", "MRF_1995": "Not Available", "NMRF_1995": "Not Available", "ATRF_1995": "Not Available", "MRF_1996": "Not Available", "NMRF_1996": "Not Available", "ATRF_1996": "Not Available", "MRF_1997": "Not Available", "NMRF_1997": "Not Available", "ATRF_1997": "Not Available", "MRF_1998": "Not Available", "NMRF_1998": "Not Available", "ATRF_1998": "Not Available", "MRF_1999": "Not Available", "NMRF_1999": "Not Available", "ATRF_1999": "Not Available", "MRF_2000": "Not Available", "NMRF_2000": "Not Available", "ATRF_2000": "Not Available", "MRF_2001": "Not Available", "NMRF_2001": "Not Available", "ATRF_2001": "Not Available", "MRF_2002": null, "NMRF_2002": null, "ATRF_2002": "19.00", "MRF_2003": null, "NMRF_2003": null, "ATRF_2003": "173.00", "MRF_2004": null, "NMRF_2004": null, "ATRF_2004": "103.00", "MRF_2005": null, "NMRF_2005": null, "ATRF_2005": "237.50", "MRF_2006": null, "NMRF_2006": null, "ATRF_2006": "114.60", "MRF_2007": null, "NMRF_2007": null, "ATRF_2007": "257.00", "MRF_2008": null, "NMRF_2008": null, "ATRF_2008": "413.00", "MRF_2009": null, "NMRF_2009": null, "ATRF_2009": "148.00", "MRF_2010": "503.00", "NMRF_2010": "136.00", "ATRF_2010": "639.00", "AGENCY": "CGWB", "ORIG_FID": "334" }, "geometry": { "type": "Point", "coordinates": [ 73.5236111, 29.2458333 ] } },
{ "type": "Feature", "properties": { "RAINGAUGE": "VIRATNAGAR", "DISTRICT": "JAIPUR", "LONGITUDE": "76:11:00.000", "LATITUDE": "27:27:00.000", "COUNT": "20.00", "MRF_1984": "Not Available", "NMRF_1984": "Not Available", "ATRF_1984": "Not Available", "MRF_1985": "Not Available", "NMRF_1985": "Not Available", "ATRF_1985": "Not Available", "MRF_1986": "Not Available", "NMRF_1986": "Not Available", "ATRF_1986": "Not Available", "MRF_1987": "Not Available", "NMRF_1987": "Not Available", "ATRF_1987": "Not Available", "MRF_1988": "Not Available", "NMRF_1988": "Not Available", "ATRF_1988": "Not Available", "MRF_1989": "Not Available", "NMRF_1989": "Not Available", "ATRF_1989": "Not Available", "MRF_1990": "Not Available", "NMRF_1990": "Not Available", "ATRF_1990": "Not Available", "MRF_1991": null, "NMRF_1991": null, "ATRF_1991": "309.00", "MRF_1992": null, "NMRF_1992": null, "ATRF_1992": "826.00", "MRF_1993": null, "NMRF_1993": null, "ATRF_1993": "752.50", "MRF_1994": null, "NMRF_1994": null, "ATRF_1994": "664.00", "MRF_1995": null, "NMRF_1995": null, "ATRF_1995": "955.00", "MRF_1996": null, "NMRF_1996": null, "ATRF_1996": "999.00", "MRF_1997": null, "NMRF_1997": null, "ATRF_1997": "910.40", "MRF_1998": null, "NMRF_1998": null, "ATRF_1998": "774.20", "MRF_1999": null, "NMRF_1999": null, "ATRF_1999": "594.00", "MRF_2000": null, "NMRF_2000": null, "ATRF_2000": "472.00", "MRF_2001": null, "NMRF_2001": null, "ATRF_2001": "628.50", "MRF_2002": null, "NMRF_2002": null, "ATRF_2002": "262.00", "MRF_2003": null, "NMRF_2003": null, "ATRF_2003": "1065.00", "MRF_2004": null, "NMRF_2004": null, "ATRF_2004": "489.50", "MRF_2005": null, "NMRF_2005": null, "ATRF_2005": "976.00", "MRF_2006": null, "NMRF_2006": null, "ATRF_2006": "465.50", "MRF_2007": null, "NMRF_2007": null, "ATRF_2007": "454.00", "MRF_2008": null, "NMRF_2008": null, "ATRF_2008": "969.50", "MRF_2009": null, "NMRF_2009": null, "ATRF_2009": "344.00", "MRF_2010": "Not Available", "NMRF_2010": "Not Available", "ATRF_2010": "Not Available", "AGENCY": "CGWB", "ORIG_FID": "335" }, "geometry": { "type": "Point", "coordinates": [ 76.1833333, 27.45 ] } }
]
}
