{"type":"FeatureCollection","crs":{"type":"name","properties":{"name":"EPSG:4326"}},"features":[
{"type":"Feature","geometry":{"type":"Point","coordinates":[73.76883417,23.02265456]},"properties":{"GmlID":"Reservoir_Station.435","objectid":435,"station_id":"null","station_code":"48dd6482-6463-46c3-89be-19ae950e32f9","station_name":"Panam Reservoir","station_type":"Reservoir","lat":23.02265456,"long":73.76883417,"agency_name":"CWC","agency_id":null,"state_name":"Gujarat","state_code":"GJ","district__name":"Panch Mahals","district__code":"NULL","block__name":"Morwa Hadaf","block__code":"null","basin__name":"Mahi Basin","basin_code":"NULL","sub_basin__name":"Mahi Lower","sub_basin__code":"NULL","created_date":"10/26/2021","remarks":"D01289","remarks1":"null","remarks2":"127.41","remarks3":"0.697","year":"NULL","remarks_":"NULL","remarks__":"NULL","remarks2_":"NULL","remarks3_":"NULL"}},
{"type":"Feature","geometry":{"type":"Point","coordinates":[85.74669073,23.94457917]},"properties":{"GmlID":"Reservoir_Station.436","objectid":436,"station_id":"null","station_code":"d4ba990d-ea8d-4cb8-8821-499099d33709","station_name":"Konar Reservoir","station_type":"Reservoir","lat":23.94457917,"long":85.74669073,"agency_name":"CWC","agency_id":null,"state_name":"Jharkhand","state_code":"JH","district__name":"Bokaro","district__code":"NULL","block__name":"Gumia","block__code":"null","basin__name":"Ganga Basin","basin_code":"NULL","sub_basin__name":"Damodar","sub_basin__code":"NULL","created_date":"10/26/2021","remarks":"D00809","remarks1":"null","remarks2":"425.81","remarks3":"0.176","year":"NULL","remarks_":"NULL","remarks__":"NULL","remarks2_":"NULL","remarks3_":"NULL"}},
{"type":"Feature","geometry":{"type":"Point","coordinates":[75.56271289,24.52716485]},"properties":{"GmlID":"Reservoir_Station.437","objectid":437,"station_id":"null","station_code":"8e5a14a5-3438-421d-aab9-b649be268def","station_name":"Gandhi Sagar","station_type":"Reservoir","lat":24.52716485,"long":75.56271289,"agency_name":"CWC","agency_id":null,"state_name":"Madhya Pradesh","state_code":"MP","district__name":"Nimach","district__code":"NULL","block__name":"Manasa","block__code":"null","basin__name":"Ganga Basin","basin_code":"NULL","sub_basin__name":"Chambal Upper","sub_basin__code":"NULL","created_date":"10/26/2021","remarks":"D01978","remarks1":"null","remarks2":"399.9","remarks3":"6.827","year":"NULL","remarks_":"NULL","remarks__":"NULL","remarks2_":"NULL","remarks3_":"NULL"}},
{"type":"Feature","geometry":{"type":"Point","coordinates":[78.45546181,30.43921006]},"properties":{"GmlID":"Reservoir_Station.438","objectid":438,"station_id":"null","station_code":"9ff04ee5-fde3-4b37-b93c-5ae6683a3d3f","station_name":"Tehri Reservoir","station_type":"Reservoir","lat":30.43921006,"long":78.45546181,"agency_name":"CWC","agency_id":null,"state_name":"Uttarakhand","state_code":"UK","district__name":"Tehri Garhwal","district__code":"NULL","block__name":"Pratap Nagar","block__code":"null","basin__name":"Ganga Basin","basin_code":"NULL","sub_basin__name":"Above Ramganga Confluence","sub_basin__code":"NULL","created_date":"10/26/2021","remarks":"D00742","remarks1":"null","remarks2":"830","remarks3":"2.615","year":"NULL","remarks_":"NULL","remarks__":"NULL","remarks2_":"NULL","remarks3_":"NULL"}},
{"type":"Feature","geometry":{"type":"Point","coordinates":[91.84886953,23.47696886]},"properties":{"GmlID":"Reservoir_Station.439","objectid":439,"station_id":"null","station_code":"b2768c88-6728-4cca-a2b8-243db5f01979","station_name":"Gumti Reservoir","station_type":"Reservoir","lat":23.47696886,"long":91.84886953,"agency_name":"CWC","agency_id":null,"state_name":"Tripura","state_code":"TR","district__name":"Dhalai","district__code":"NULL","block__name":"Dambur Nagar Block","block__code":"null","basin__name":"Barak and Others Basin","basin_code":"NULL","sub_basin__name":"Naoch chara and others","sub_basin__code":"NULL","created_date":"10/26/2021","remarks":"D01449","remarks1":"null","remarks2":"93.55","remarks3":"0.3121","year":"NULL","remarks_":"NULL","remarks__":"NULL","remarks2_":"NULL","remarks3_":"NULL"}},
{"type":"Feature","geometry":{"type":"Point","coordinates":[83.80547031,21.63383268]},"properties":{"GmlID":"Reservoir_Station.440","objectid":440,"station_id":"null","station_code":"f8bc4af5-26e9-420e-a309-6994fad3a86a","station_name":"Hirakud Reservoir","station_type":"Reservoir","lat":21.63383268,"long":83.80547031,"agency_name":"CWC","agency_id":null,"state_name":"Odisha","state_code":"OD","district__name":"Jharsuguda","district__code":"NULL","block__name":"Lakhanpur","block__code":"null","basin__name":"Mahanadi Basin","basin_code":"NULL","sub_basin__name":"Mahanadi Middle","sub_basin__code":"NULL","created_date":"10/26/2021","remarks":"D00145","remarks1":"null","remarks2":"192.02","remarks3":"5.378","year":"NULL","remarks_":"NULL","remarks__":"NULL","remarks2_":"NULL","remarks3_":"NULL"}},
{"type":"Feature","geometry":{"type":"Point","coordinates":[76.65599861,22.19722862]},"properties":{"GmlID":"Reservoir_Station.441","objectid":441,"station_id":"null","station_code":"c18b969c-80a7-4f34-a17e-3660de074aca","station_name":"Indira Sagar","station_type":"Reservoir","lat":22.19722862,"long":76.65599861,"agency_name":"CWC","agency_id":null,"state_name":"Madhya Pradesh","state_code":"MP","district__name":"East Nimar","district__code":"NULL","block__name":"Harsud","block__code":"null","basin__name":"Narmada Basin","basin_code":"NULL","sub_basin__name":"Narmada Middle","sub_basin__code":"NULL","created_date":"10/26/2021","remarks":"D02080","remarks1":"null","remarks2":"262.13","remarks3":"9.745","year":"NULL","remarks_":"NULL","remarks__":"NULL","remarks2_":"NULL","remarks3_":"NULL"}},
{"type":"Feature","geometry":{"type":"Point","coordinates":[86.72104725,22.97855586]},"properties":{"GmlID":"Reservoir_Station.442","objectid":442,"station_id":"null","station_code":"54b6f1bd-8831-439d-8c1b-065ffcea9049","station_name":"Kangsabati Reservoir","station_type":"Reservoir","lat":22.97855586,"long":86.72104725,"agency_name":"CWC","agency_id":null,"state_name":"West Bengal","state_code":"WB","district__name":"Bankura","district__code":"NULL","block__name":"Khatra","block__code":"null","basin__name":"Ganga Basin","basin_code":"NULL","sub_basin__name":"Damodar","sub_basin__code":"NULL","created_date":"10/26/2021","remarks":"D00012","remarks1":"null","remarks2":"134.14","remarks3":"0.914","year":"NULL","remarks_":"NULL","remarks__":"NULL","remarks2_":"NULL","remarks3_":"NULL"}},
{"type":"Feature","geometry":{"type":"Point","coordinates":[86.80262006,23.83173749]},"properties":{"GmlID":"Reservoir_Station.443","objectid":443,"station_id":"null","station_code":"4da05c52-070c-4924-8950-9138bd16f8b5","station_name":"Maithon Reservoir","station_type":"Reservoir","lat":23.83173749,"long":86.80262006,"agency_name":"CWC","agency_id":null,"state_name":"West Bengal","state_code":"WB","district__name":"Paschim Barddhaman","district__code":"NULL","block__name":"Asansol","block__code":"null","basin__name":"Ganga Basin","basin_code":"NULL","sub_basin__name":"Damodar","sub_basin__code":"NULL","created_date":"10/26/2021","remarks":"D00811","remarks1":"null","remarks2":"146.3","remarks3":"0.471","year":"NULL","remarks_":"NULL","remarks__":"NULL","remarks2_":"NULL","remarks3_":"NULL"}},
{"type":"Feature","geometry":{"type":"Point","coordinates":[74.56320292,23.56591534]},"properties":{"GmlID":"Reservoir_Station.444","objectid":444,"station_id":"null","station_code":"a107e8f2-2fa3-4a3c-bb5c-0d9c0ae55667","station_name":"Mahi Bajaj Sagar","station_type":"Reservoir","lat":23.56591534,"long":74.56320292,"agency_name":"CWC","agency_id":null,"state_name":"Rajasthan","state_code":"RJ","district__name":"Banswara","district__code":"NULL","block__name":"Chhoti Sarwan","block__code":"null","basin__name":"Mahi Basin","basin_code":"NULL","sub_basin__name":"Mahi Upper","sub_basin__code":"NULL","created_date":"10/26/2021","remarks":"D00582","remarks1":"null","remarks2":"280.75","remarks3":"1.711","year":"NULL","remarks_":"NULL","remarks__":"NULL","remarks2_":"NULL","remarks3_":"NULL"}},
{"type":"Feature","geometry":{"type":"Point","coordinates":[78.75979721,29.57925961]},"properties":{"GmlID":"Reservoir_Station.445","objectid":445,"station_id":"null","station_code":"49e5303e-45ba-4776-96a2-6baabc8c3b85","station_name":"Ramganga Reservoir","station_type":"Reservoir","lat":29.57925961,"long":78.75979721,"agency_name":"CWC","agency_id":null,"state_name":"Uttarakhand","state_code":"UK","district__name":"Pauri Garhwal","district__code":"NULL","block__name":"Kotdwar","block__code":"null","basin__name":"Ganga Basin","basin_code":"NULL","sub_basin__name":"Ramganga","sub_basin__code":"NULL","created_date":"10/26/2021","remarks":"D00737","remarks1":"null","remarks2":"365.3","remarks3":"2.196","year":"NULL","remarks_":"NULL","remarks__":"NULL","remarks2_":"NULL","remarks3_":"NULL"}},
{"type":"Feature","geometry":{"type":"Point","coordinates":[78.33251496,25.05884303]},"properties":{"GmlID":"Reservoir_Station.446","objectid":446,"station_id":"null","station_code":"f2fefe23-b46d-4140-b27b-3098c9e8eca7","station_name":"Matatila Reservoir","station_type":"Reservoir","lat":25.05884303,"long":78.33251496,"agency_name":"CWC","agency_id":null,"state_name":"Madhya Pradesh","state_code":"MP","district__name":"Shivpuri","district__code":"NULL","block__name":"Khaniyadhana","block__code":"null","basin__name":"Ganga Basin","basin_code":"NULL","sub_basin__name":"Yamuna Lower","sub_basin__code":"NULL","created_date":"10/26/2021","remarks":"D00590","remarks1":"null","remarks2":"308.46","remarks3":"0.707","year":"NULL","remarks_":"NULL","remarks__":"NULL","remarks2_":"NULL","remarks3_":"NULL"}},
{"type":"Feature","geometry":{"type":"Point","coordinates":[82.59091709,18.40098918]},"properties":{"GmlID":"Reservoir_Station.447","objectid":447,"station_id":"null","station_code":"47bbb0cd-f93f-485f-b7b7-13d0fcc14bd4","station_name":"Machkund\\Jalaput Reservoir","station_type":"Reservoir","lat":18.40098918,"long":82.59091709,"agency_name":"CWC","agency_id":null,"state_name":"Odisha","state_code":"OD","district__name":"Koraput","district__code":"NULL","block__name":"Machhakunda","block__code":"null","basin__name":"Godavari Basin","basin_code":"NULL","sub_basin__name":"Godavari Lower","sub_basin__code":"NULL","created_date":"10/26/2021","remarks":"D03603","remarks1":"null","remarks2":"838.16","remarks3":"0.893","year":"NULL","remarks_":"NULL","remarks__":"NULL","remarks2_":"NULL","remarks3_":"NULL"}},
{"type":"Feature","geometry":{"type":"Point","coordinates":[79.23004421,21.71326462]},"properties":{"GmlID":"Reservoir_Station.448","objectid":448,"station_id":"null","station_code":"e3cde2fd-3c0b-40eb-8977-2812ec1ad04b","station_name":"Pench\\Totladoh Reservoir","station_type":"Reservoir","lat":21.71326462,"long":79.23004421,"agency_name":"CWC","agency_id":null,"state_name":"Madhya Pradesh","state_code":"MP","district__name":"Chhindwara","district__code":"NULL","block__name":"Bichhua","block__code":"null","basin__name":"Godavari Basin","basin_code":"NULL","sub_basin__name":"Weinganga","sub_basin__code":"NULL","created_date":"10/26/2021","remarks":"D05107","remarks1":"null","remarks2":"490","remarks3":"1.091","year":"NULL","remarks_":"NULL","remarks__":"NULL","remarks2_":"NULL","remarks3_":"NULL"}},
{"type":"Feature","geometry":{"type":"Point","coordinates":[76.05174080,31.99344125]},"properties":{"GmlID":"Reservoir_Station.449","objectid":449,"station_id":"null","station_code":"a799e30d-3e06-4e9f-8daa-4a971c0f3b85","station_name":"Pong Reservoir","station_type":"Reservoir","lat":31.99344125,"long":76.05174080,"agency_name":"CWC","agency_id":null,"state_name":"Himachal Pradesh","state_code":"HP","district__name":"Kangra","district__code":"NULL","block__name":"Dera Gopipur","block__code":"null","basin__name":"Indus (Up to border) Basin","basin_code":"NULL","sub_basin__name":"Beas","sub_basin__code":"NULL","created_date":"10/26/2021","remarks":"D00579","remarks1":"null","remarks2":"423.67","remarks3":"6.157","year":"NULL","remarks_":"NULL","remarks__":"NULL","remarks2_":"NULL","remarks3_":"NULL"}},
{"type":"Feature","geometry":{"type":"Point","coordinates":[72.91530995,24.02898674]},"properties":{"GmlID":"Reservoir_Station.450","objectid":450,"station_id":"null","station_code":"9fcd4cc2-8fc9-4be0-a3ef-77c1a595896f","station_name":"Sabarmati Reservoir","station_type":"Reservoir","lat":24.02898674,"long":72.91530995,"agency_name":"CWC","agency_id":null,"state_name":"Gujarat","state_code":"GJ","district__name":"Sabar Kantha","district__code":"NULL","block__name":"Khedbrahma","block__code":"null","basin__name":"Sabarmati Basin","basin_code":"NULL","sub_basin__name":"Sabarmati Upper","sub_basin__code":"NULL","created_date":"10/26/2021","remarks":"D01153","remarks1":"null","remarks2":"189.59","remarks3":"0.735","year":"NULL","remarks_":"NULL","remarks__":"NULL","remarks2_":"NULL","remarks3_":"NULL"}},
{"type":"Feature","geometry":{"type":"Point","coordinates":[73.90418486,21.86921399]},"properties":{"GmlID":"Reservoir_Station.451","objectid":451,"station_id":"null","station_code":"9cdd39bd-243c-467e-9abb-34356d4187da","station_name":"Sardar Sarovar","station_type":"Reservoir","lat":21.86921399,"long":73.90418486,"agency_name":"CWC","agency_id":null,"state_name":"Gujarat","state_code":"GJ","district__name":"Narmada","district__code":"NULL","block__name":"Garudeshwar","block__code":"null","basin__name":"Narmada Basin","basin_code":"NULL","sub_basin__name":"Narmada Middle","sub_basin__code":"NULL","created_date":"10/26/2021","remarks":"D03023","remarks1":"null","remarks2":"138.68","remarks3":"5.76","year":"NULL","remarks_":"NULL","remarks__":"NULL","remarks2_":"NULL","remarks3_":"NULL"}},
{"type":"Feature","geometry":{"type":"Point","coordinates":[73.80721399,21.35061945]},"properties":{"GmlID":"Reservoir_Station.452","objectid":452,"station_id":"null","station_code":"17664e78-817e-40d7-a6e1-4fd41560ac04","station_name":"Ukai Reservoir","station_type":"Reservoir","lat":21.35061945,"long":73.80721399,"agency_name":"CWC","agency_id":null,"state_name":"Gujarat","state_code":"GJ","district__name":"Tapi","district__code":"NULL","block__name":"Uchchhal","block__code":"null","basin__name":"Tapi Basin","basin_code":"NULL","sub_basin__name":"Tapi Middle","sub_basin__code":"NULL","created_date":"10/26/2021","remarks":"D01004","remarks1":"null","remarks2":"105.16","remarks3":"6.615","year":"NULL","remarks_":"NULL","remarks__":"NULL","remarks2_":"NULL","remarks3_":"NULL"}},
{"type":"Feature","geometry":{"type":"Point","coordinates":[87.29415256,24.15179111]},"properties":{"GmlID":"Reservoir_Station.453","objectid":453,"station_id":"null","station_code":"c8572bf7-b856-453d-b781-25681d6f265e","station_name":"Mayurakshi\\Masanjor Reservoir","station_type":"Reservoir","lat":24.15179111,"long":87.29415256,"agency_name":"CWC","agency_id":null,"state_name":"Jharkhand","state_code":"JH","district__name":"Dumka","district__code":"NULL","block__name":"Dumka","block__code":"null","basin__name":"Ganga Basin","basin_code":"NULL","sub_basin__name":"Bhagirathi and others (Ganga Lower)","sub_basin__code":"NULL","created_date":"10/26/2021","remarks":"D00009","remarks1":"null","remarks2":"121.31","remarks3":"0.48","year":"NULL","remarks_":"NULL","remarks__":"NULL","remarks2_":"NULL","remarks3_":"NULL"}},
{"type":"Feature","geometry":{"type":"Point","coordinates":[75.87487265,12.49243766]},"properties":{"GmlID":"Reservoir_Station.454","objectid":454,"station_id":"null","station_code":"6c4ae6c1-8ed0-4f27-a70a-a69e0a3ca717","station_name":"Harangi Reservoir","station_type":"Reservoir","lat":12.49243766,"long":75.87487265,"agency_name":"CWC","agency_id":null,"state_name":"Karnataka","state_code":"KA","district__name":"Kodagu","district__code":"NULL","block__name":"Somvarpet","block__code":"null","basin__name":"Cauvery Basin","basin_code":"NULL","sub_basin__name":"Cauvery Upper","sub_basin__code":"NULL","created_date":"10/26/2021","remarks":"D05143","remarks1":"null","remarks2":"871.42","remarks3":"0.22","year":"NULL","remarks_":"NULL","remarks__":"NULL","remarks2_":"NULL","remarks3_":"NULL"}},
{"type":"Feature","geometry":{"type":"Point","coordinates":[73.20770095,23.71012116]},"properties":{"GmlID":"Reservoir_Station.455","objectid":455,"station_id":"null","station_code":"9eeed5a3-016b-493c-b079-1306bdcb299e","station_name":"Hathmati","station_type":"Reservoir","lat":23.71012116,"long":73.20770095,"agency_name":"CWC","agency_id":null,"state_name":"Gujarat","state_code":"GJ","district__name":"Aravalli","district__code":"NULL","block__name":"Bhiloda","block__code":"null","basin__name":"Sabarmati Basin","basin_code":"NULL","sub_basin__name":"Sabarmati Upper","sub_basin__code":"NULL","created_date":"10/26/2021","remarks":"D00640","remarks1":"null","remarks2":"180.74","remarks3":"0.153","year":"NULL","remarks_":"NULL","remarks__":"NULL","remarks2_":"NULL","remarks3_":"NULL"}},
{"type":"Feature","geometry":{"type":"Point","coordinates":[76.00971821,12.82820487]},"properties":{"GmlID":"Reservoir_Station.456","objectid":456,"station_id":"null","station_code":"e8760779-2e62-4779-8a7c-c6fd98de644e","station_name":"Hemavathy Reservoir","station_type":"Reservoir","lat":12.82820487,"long":76.00971821,"agency_name":"CWC","agency_id":null,"state_name":"Karnataka","state_code":"KA","district__name":"Hassan","district__code":"NULL","block__name":"Alur","block__code":"null","basin__name":"Cauvery Basin","basin_code":"NULL","sub_basin__name":"Cauvery Upper","sub_basin__code":"NULL","created_date":"10/26/2021","remarks":"D05153","remarks1":"null","remarks2":"890.63","remarks3":"0.927","year":"NULL","remarks_":"NULL","remarks__":"NULL","remarks2_":"NULL","remarks3_":"NULL"}},
{"type":"Feature","geometry":{"type":"Point","coordinates":[76.74690313,10.24545527]},"properties":{"GmlID":"Reservoir_Station.457","objectid":457,"station_id":"null","station_code":"139958d3-d02f-4b94-a750-3c04a3d39d3f","station_name":"Idamalayar Reservoir","station_type":"Reservoir","lat":10.24545527,"long":76.74690313,"agency_name":"CWC","agency_id":null,"state_name":"Kerala","state_code":"KL","district__name":"Ernakulam","district__code":"NULL","block__name":"Kotamangalam","block__code":"null","basin__name":"West flowing rivers from Tadri to Kanyakumari Basin","basin_code":"NULL","sub_basin__name":"Periyar and others","sub_basin__code":"NULL","created_date":"10/26/2021","remarks":"D03183","remarks1":"null","remarks2":"169","remarks3":"1.018","year":"NULL","remarks_":"NULL","remarks__":"NULL","remarks2_":"NULL","remarks3_":"NULL"}},
{"type":"Feature","geometry":{"type":"Point","coordinates":[76.97474677,9.78847361]},"properties":{"GmlID":"Reservoir_Station.458","objectid":458,"station_id":"null","station_code":"ba90f089-93ff-4986-b106-29203e27253d","station_name":"Idukki Reservoir","station_type":"Reservoir","lat":9.78847361,"long":76.97474677,"agency_name":"CWC","agency_id":null,"state_name":"Kerala","state_code":"KL","district__name":"Idukki","district__code":"NULL","block__name":"Idukki","block__code":"null","basin__name":"West flowing rivers from Tadri to Kanyakumari Basin","basin_code":"NULL","sub_basin__name":"Periyar and others","sub_basin__code":"NULL","created_date":"10/26/2021","remarks":"D03331","remarks1":"null","remarks2":"732.43","remarks3":"1.46","year":"NULL","remarks_":"NULL","remarks__":"NULL","remarks2_":"NULL","remarks3_":"NULL"}},
{"type":"Feature","geometry":{"type":"Point","coordinates":[79.10782049,18.38429509]},"properties":{"GmlID":"Reservoir_Station.459","objectid":459,"station_id":"null","station_code":"840460a6-8129-4c0f-9b79-941249a3024f","station_name":"Lower Manair\\G.V.Sudhakar Rao Reservoir","station_type":"Reservoir","lat":18.38429509,"long":79.10782049,"agency_name":"CWC","agency_id":null,"state_name":"Telangana","state_code":"TS","district__name":"Siddipet","district__code":"NULL","block__name":"Bejjanki","block__code":"null","basin__name":"Godavari Basin","basin_code":"NULL","sub_basin__name":"Pranhita and others","sub_basin__code":"NULL","created_date":"10/26/2021","remarks":"D00677","remarks1":"null","remarks2":"280.42","remarks3":"0.621","year":"NULL","remarks_":"NULL","remarks__":"NULL","remarks2_":"NULL","remarks3_":"NULL"}},
{"type":"Feature","geometry":{"type":"Point","coordinates":[81.52032265,20.56924425]},"properties":{"GmlID":"Reservoir_Station.460","objectid":460,"station_id":"null","station_code":"813ce250-b089-49dd-8be8-c8558185d18e","station_name":"Mahanadi\\Ravishankar Sagar","station_type":"Reservoir","lat":20.56924425,"long":81.52032265,"agency_name":"CWC","agency_id":null,"state_name":"Chhattisgarh","state_code":"CG","district__name":"Dhamtari","district__code":"NULL","block__name":"Dhamtari","block__code":"null","basin__name":"Mahanadi Basin","basin_code":"NULL","sub_basin__name":"Mahanadi Middle","sub_basin__code":"NULL","created_date":"10/26/2021","remarks":"D01118","remarks1":"null","remarks2":"348.7","remarks3":"0.767","year":"NULL","remarks_":"NULL","remarks__":"NULL","remarks2_":"NULL","remarks3_":"NULL"}},
{"type":"Feature","geometry":{"type":"Point","coordinates":[79.21965887,16.52522701]},"properties":{"GmlID":"Reservoir_Station.461","objectid":461,"station_id":"null","station_code":"b9511517-df70-4ae3-ab1f-711273a673ab","station_name":"Nagarjuna Sagar","station_type":"Reservoir","lat":16.52522701,"long":79.21965887,"agency_name":"CWC","agency_id":null,"state_name":"Telangana","state_code":"TS","district__name":"Nalgonda","district__code":"NULL","block__name":"Chandampet","block__code":"null","basin__name":"Krishna Basin","basin_code":"NULL","sub_basin__name":"Krishna Middle","sub_basin__code":"NULL","created_date":"10/26/2021","remarks":"D00690","remarks1":"null","remarks2":"179.83","remarks3":"5.108","year":"NULL","remarks_":"NULL","remarks__":"NULL","remarks2_":"NULL","remarks3_":"NULL"}},
{"type":"Feature","geometry":{"type":"Point","coordinates":[76.80733579,10.38445123]},"properties":{"GmlID":"Reservoir_Station.462","objectid":462,"station_id":"null","station_code":"6372a232-48a5-430e-ae96-fbb9b4db2c65","station_name":"Parambikulam Reservoir","station_type":"Reservoir","lat":10.38445123,"long":76.80733579,"agency_name":"CWC","agency_id":null,"state_name":"Kerala","state_code":"KL","district__name":"Palakkad","district__code":"NULL","block__name":"Chittur","block__code":"null","basin__name":"West flowing rivers from Tadri to Kanyakumari Basin","basin_code":"NULL","sub_basin__name":"Periyar and others","sub_basin__code":"NULL","created_date":"10/26/2021","remarks":"D00874","remarks1":"null","remarks2":"556.26","remarks3":"0.38","year":"NULL","remarks_":"NULL","remarks__":"NULL","remarks2_":"NULL","remarks3_":"NULL"}},
{"type":"Feature","geometry":{"type":"Point","coordinates":[75.54794792,24.79033041]},"properties":{"GmlID":"Reservoir_Station.463","objectid":463,"station_id":"null","station_code":"3c5bd26f-3df2-4e53-b358-21796bc6b877","station_name":"Ranapratap Sagar","station_type":"Reservoir","lat":24.79033041,"long":75.54794792,"agency_name":"CWC","agency_id":null,"state_name":"Rajasthan","state_code":"RJ","district__name":"Chittaurgarh","district__code":"NULL","block__name":"Rawatbhata","block__code":"null","basin__name":"Ganga Basin","basin_code":"NULL","sub_basin__name":"Chambal Upper","sub_basin__code":"NULL","created_date":"10/26/2021","remarks":"D00847","remarks1":"null","remarks2":"352.81","remarks3":"1.436","year":"NULL","remarks_":"NULL","remarks__":"NULL","remarks2_":"NULL","remarks3_":"NULL"}},
{"type":"Feature","geometry":{"type":"Point","coordinates":[84.98933328,21.37482631]},"properties":{"GmlID":"Reservoir_Station.464","objectid":464,"station_id":"null","station_code":"7c9c594e-1fde-4a3a-84ec-f3159f819d41","station_name":"Rengali Reservoir","station_type":"Reservoir","lat":21.37482631,"long":84.98933328,"agency_name":"CWC","agency_id":null,"state_name":"Odisha","state_code":"OD","district__name":"Deogarh","district__code":"NULL","block__name":"Barkot","block__code":"null","basin__name":"Brahmani and Baitarni Basin","basin_code":"NULL","sub_basin__name":"Brahmani","sub_basin__code":"NULL","created_date":"10/26/2021","remarks":"D01154","remarks1":"null","remarks2":"123.5","remarks3":"3.432","year":"NULL","remarks_":"NULL","remarks__":"NULL","remarks2_":"NULL","remarks3_":"NULL"}},
{"type":"Feature","geometry":{"type":"Point","coordinates":[79.18163407,14.46105546]},"properties":{"GmlID":"Reservoir_Station.465","objectid":465,"station_id":"null","station_code":"79558993-b5de-4a6d-8ce8-482c9957a584","station_name":"Somasila Reservoir","station_type":"Reservoir","lat":14.46105546,"long":79.18163407,"agency_name":"CWC","agency_id":null,"state_name":"Andhra Pradesh","state_code":"AP","district__name":"Y S R Kadapa","district__code":"NULL","block__name":"Vontimitta","block__code":"null","basin__name":"Pennar Basin","basin_code":"NULL","sub_basin__name":"Pennar Lower","sub_basin__code":"NULL","created_date":"10/26/2021","remarks":"D00750","remarks1":"null","remarks2":"100.58","remarks3":"1.994","year":"NULL","remarks_":"NULL","remarks__":"NULL","remarks2_":"NULL","remarks3_":"NULL"}},
{"type":"Feature","geometry":{"type":"Point","coordinates":[78.28986913,18.95689759]},"properties":{"GmlID":"Reservoir_Station.466","objectid":466,"station_id":"null","station_code":"ced8ae16-66cd-46c5-9bed-a083a19b7e2a","station_name":"Sriram Sagar","station_type":"Reservoir","lat":18.95689759,"long":78.28986913,"agency_name":"CWC","agency_id":null,"state_name":"Telangana","state_code":"TS","district__name":"Nirmal","district__code":"NULL","block__name":"Nirmal","block__code":"null","basin__name":"Godavari Basin","basin_code":"NULL","sub_basin__name":"Godavari Middle","sub_basin__code":"NULL","created_date":"10/26/2021","remarks":"D00921","remarks1":"null","remarks2":"332.54","remarks3":"2.3","year":"NULL","remarks_":"NULL","remarks__":"NULL","remarks2_":"NULL","remarks3_":"NULL"}},
{"type":"Feature","geometry":{"type":"Point","coordinates":[78.34173056,16.00550820]},"properties":{"GmlID":"Reservoir_Station.467","objectid":467,"station_id":"null","station_code":"91877e98-d46e-470d-9e13-001c742d941f","station_name":"Srisailam Reservoir","station_type":"Reservoir","lat":16.00550820,"long":78.34173056,"agency_name":"CWC","agency_id":null,"state_name":"Andhra Pradesh","state_code":"AP","district__name":"Kurnool","district__code":"NULL","block__name":"Pagidyala","block__code":"null","basin__name":"Krishna Basin","basin_code":"NULL","sub_basin__name":"Krishna Middle","sub_basin__code":"NULL","created_date":"10/26/2021","remarks":"D00557","remarks1":"null","remarks2":"269.75","remarks3":"6.013","year":"NULL","remarks_":"NULL","remarks__":"NULL","remarks2_":"NULL","remarks3_":"NULL"}},
{"type":"Feature","geometry":{"type":"Point","coordinates":[77.99627120,22.50906232]},"properties":{"GmlID":"Reservoir_Station.468","objectid":468,"station_id":"null","station_code":"0ff5ab51-ecfe-48ec-8476-b356205cb42d","station_name":"Tawa Reservoir","station_type":"Reservoir","lat":22.50906232,"long":77.99627120,"agency_name":"CWC","agency_id":null,"state_name":"Madhya Pradesh","state_code":"MP","district__name":"Hoshangabad","district__code":"NULL","block__name":"Sohagpur","block__code":"null","basin__name":"Narmada Basin","basin_code":"NULL","sub_basin__name":"Narmada Upper","sub_basin__code":"NULL","created_date":"10/26/2021","remarks":"D02842","remarks1":"null","remarks2":"355.4","remarks3":"1.944","year":"NULL","remarks_":"NULL","remarks__":"NULL","remarks2_":"NULL","remarks3_":"NULL"}},
{"type":"Feature","geometry":{"type":"Point","coordinates":[85.79171034,23.72685714]},"properties":{"GmlID":"Reservoir_Station.469","objectid":469,"station_id":"null","station_code":"402ef649-333d-4c8f-8d9a-477024219682","station_name":"Tenughat Reservoir","station_type":"Reservoir","lat":23.72685714,"long":85.79171034,"agency_name":"CWC","agency_id":null,"state_name":"Jharkhand","state_code":"JH","district__name":"Bokaro","district__code":"NULL","block__name":"Peterbar","block__code":"null","basin__name":"Ganga Basin","basin_code":"NULL","sub_basin__name":"Damodar","sub_basin__code":"NULL","created_date":"10/26/2021","remarks":"D01415","remarks1":"null","remarks2":"269.14","remarks3":"0.821","year":"NULL","remarks_":"NULL","remarks__":"NULL","remarks2_":"NULL","remarks3_":"NULL"}},
{"type":"Feature","geometry":{"type":"Point","coordinates":[75.76540312,32.48447018]},"properties":{"GmlID":"Reservoir_Station.470","objectid":470,"station_id":"null","station_code":"c35c3c0c-d5c4-4f63-becf-50bf54e3794b","station_name":"Thein\\Ranjit Sagar","station_type":"Reservoir","lat":32.48447018,"long":75.76540312,"agency_name":"CWC","agency_id":null,"state_name":"Jammu & Kashmir","state_code":"JK","district__name":"Kathua","district__code":"NULL","block__name":"Kathua","block__code":"null","basin__name":"Indus (Up to border) Basin","basin_code":"NULL","sub_basin__name":"Ravi","sub_basin__code":"NULL","created_date":"10/26/2021","remarks":"D03535","remarks1":"null","remarks2":"527.91","remarks3":"2.344","year":"NULL","remarks_":"NULL","remarks__":"NULL","remarks2_":"NULL","remarks3_":"NULL"}},
{"type":"Feature","geometry":{"type":"Point","coordinates":[85.43542012,24.33826227]},"properties":{"GmlID":"Reservoir_Station.471","objectid":471,"station_id":"null","station_code":"334d6f6b-b5b4-4ec1-99be-83247bbdc8b1","station_name":"Tilaiya Reservoir","station_type":"Reservoir","lat":24.33826227,"long":85.43542012,"agency_name":"CWC","agency_id":null,"state_name":"Jharkhand","state_code":"JH","district__name":"Kodarma","district__code":"NULL","block__name":"Chandwara","block__code":"null","basin__name":"Ganga Basin","basin_code":"NULL","sub_basin__name":"Damodar","sub_basin__code":"NULL","created_date":"10/26/2021","remarks":"D00814","remarks1":"null","remarks2":"368.81","remarks3":"0.142","year":"NULL","remarks_":"NULL","remarks__":"NULL","remarks2_":"NULL","remarks3_":"NULL"}},
{"type":"Feature","geometry":{"type":"Point","coordinates":[82.67554297,18.73049171]},"properties":{"GmlID":"Reservoir_Station.472","objectid":472,"station_id":"null","station_code":"68b7b066-898c-4453-92a9-2ecb0d15f763","station_name":"Upper Kolab Reservoir","station_type":"Reservoir","lat":18.73049171,"long":82.67554297,"agency_name":"CWC","agency_id":null,"state_name":"Odisha","state_code":"OD","district__name":"Koraput","district__code":"NULL","block__name":"Koraput","block__code":"null","basin__name":"Godavari Basin","basin_code":"NULL","sub_basin__name":"Godavari Lower","sub_basin__code":"NULL","created_date":"10/26/2021","remarks":"D01660","remarks1":"null","remarks2":"858","remarks3":"0.935","year":"NULL","remarks_":"NULL","remarks__":"NULL","remarks2_":"NULL","remarks3_":"NULL"}},
{"type":"Feature","geometry":{"type":"Point","coordinates":[73.54032901,19.82196378]},"properties":{"GmlID":"Reservoir_Station.473","objectid":473,"station_id":"null","station_code":"5d03e4a6-8a17-4f86-9ec3-d6bd274f0381","station_name":"Upper Vaitarana Reservoir","station_type":"Reservoir","lat":19.82196378,"long":73.54032901,"agency_name":"CWC","agency_id":null,"state_name":"Maharashtra","state_code":"MH","district__name":"Nashik","district__code":"NULL","block__name":"Igatpuri","block__code":"null","basin__name":"West flowing rivers from Tapi to Tadri Basin","basin_code":"NULL","sub_basin__name":"Bhatsol and others","sub_basin__code":"NULL","created_date":"10/26/2021","remarks":"D03188","remarks1":"null","remarks2":"603.5","remarks3":"0.331","year":"NULL","remarks_":"NULL","remarks__":"NULL","remarks2_":"NULL","remarks3_":"NULL"}},
{"type":"Feature","geometry":{"type":"Point","coordinates":[76.28672070,11.95500864]},"properties":{"GmlID":"Reservoir_Station.474","objectid":474,"station_id":"null","station_code":"537d7bac-1cb6-4cd8-a86a-80f9ab484fe0","station_name":"Kabini Reservoir","station_type":"Reservoir","lat":11.95500864,"long":76.28672070,"agency_name":"CWC","agency_id":null,"state_name":"Karnataka","state_code":"KA","district__name":"Mysuru","district__code":"NULL","block__name":"Heggadadevanakote","block__code":"null","basin__name":"Cauvery Basin","basin_code":"NULL","sub_basin__name":"Cauvery Middle","sub_basin__code":"NULL","created_date":"10/26/2021","remarks":"D05180","remarks1":"null","remarks2":"696.66","remarks3":"0.444","year":"NULL","remarks_":"NULL","remarks__":"NULL","remarks2_":"NULL","remarks3_":"NULL"}},
{"type":"Feature","geometry":{"type":"Point","coordinates":[76.97459708,10.47266817]},"properties":{"GmlID":"Reservoir_Station.475","objectid":475,"station_id":"null","station_code":"d9f82fc1-e8a2-4e11-b38f-7727de39302a","station_name":"Aliyar Reservoir","station_type":"Reservoir","lat":10.47266817,"long":76.97459708,"agency_name":"CWC","agency_id":null,"state_name":"Tamil Nadu","state_code":"TN","district__name":"Coimbatore","district__code":"NULL","block__name":"Anamalai","block__code":"null","basin__name":"West flowing rivers from Tadri to Kanyakumari Basin","basin_code":"NULL","sub_basin__name":"Varrar and others","sub_basin__code":"NULL","created_date":"10/26/2021","remarks":"D00390","remarks1":"null","remarks2":"320.04","remarks3":"0.095","year":"NULL","remarks_":"NULL","remarks__":"NULL","remarks2_":"NULL","remarks3_":"NULL"}},
{"type":"Feature","geometry":{"type":"Point","coordinates":[77.16754045,9.30465879]},"properties":{"GmlID":"Reservoir_Station.476","objectid":476,"station_id":"null","station_code":"7c1d0a59-fb57-4f80-87a4-b95a993aae74","station_name":"Kakki Reservoir","station_type":"Reservoir","lat":9.30465879,"long":77.16754045,"agency_name":"CWC","agency_id":null,"state_name":"Kerala","state_code":"KL","district__name":"Pattanamthitta","district__code":"NULL","block__name":"Konni","block__code":"null","basin__name":"West flowing rivers from Tadri to Kanyakumari Basin","basin_code":"NULL","sub_basin__name":"Periyar and others","sub_basin__code":"NULL","created_date":"10/26/2021","remarks":"D03369","remarks1":"null","remarks2":"981.46","remarks3":"0.447","year":"NULL","remarks_":"NULL","remarks__":"NULL","remarks2_":"NULL","remarks3_":"NULL"}},
{"type":"Feature","geometry":{"type":"Point","coordinates":[74.62252237,24.16180454]},"properties":{"GmlID":"Reservoir_Station.477","objectid":477,"station_id":"null","station_code":"957283a1-dd3e-42b6-859f-bfd9220f818f","station_name":"Jhakam Reservoir","station_type":"Reservoir","lat":24.16180454,"long":74.62252237,"agency_name":"CWC","agency_id":null,"state_name":"Rajasthan","state_code":"RJ","district__name":"Pratapgarh","district__code":"NULL","block__name":"Pratapgarh","block__code":"null","basin__name":"Mahi Basin","basin_code":"NULL","sub_basin__name":"Mahi Upper","sub_basin__code":"NULL","created_date":"10/26/2021","remarks":"D00426","remarks1":"null","remarks2":"359.5","remarks3":"0.132","year":"NULL","remarks_":"NULL","remarks__":"NULL","remarks2_":"NULL","remarks3_":"NULL"}},
{"type":"Feature","geometry":{"type":"Point","coordinates":[73.89320231,23.34196607]},"properties":{"GmlID":"Reservoir_Station.478","objectid":478,"station_id":"null","station_code":"73d80e06-e8f5-4c2c-90da-4980b7c10138","station_name":"Kadana Reservoir","station_type":"Reservoir","lat":23.34196607,"long":73.89320231,"agency_name":"CWC","agency_id":null,"state_name":"Rajasthan","state_code":"RJ","district__name":"Dungarpur","district__code":"NULL","block__name":"Chikhli","block__code":"null","basin__name":"Mahi Basin","basin_code":"NULL","sub_basin__name":"Mahi Upper","sub_basin__code":"NULL","created_date":"10/26/2021","remarks":"D00901","remarks1":"null","remarks2":"127.7","remarks3":"1.472","year":"NULL","remarks_":"NULL","remarks__":"NULL","remarks2_":"NULL","remarks3_":"NULL"}},
{"type":"Feature","geometry":{"type":"Point","coordinates":[77.12459672,8.92000098]},"properties":{"GmlID":"Reservoir_Station.479","objectid":479,"station_id":"null","station_code":"c2aa359d-df9f-402f-aa9a-1d7fffa95e53","station_name":"Kallada Reservoir","station_type":"Reservoir","lat":8.92000098,"long":77.12459672,"agency_name":"CWC","agency_id":null,"state_name":"Kerala","state_code":"KL","district__name":"Kollam","district__code":"NULL","block__name":"Punalur","block__code":"null","basin__name":"West flowing rivers from Tadri to Kanyakumari Basin","basin_code":"NULL","sub_basin__name":"Periyar and others","sub_basin__code":"NULL","created_date":"10/26/2021","remarks":"D03104","remarks1":"null","remarks2":"115.82","remarks3":"0.507","year":"NULL","remarks_":"NULL","remarks__":"NULL","remarks2_":"NULL","remarks3_":"NULL"}},
{"type":"Feature","geometry":{"type":"Point","coordinates":[74.92879915,14.03563915]},"properties":{"GmlID":"Reservoir_Station.480","objectid":480,"station_id":"null","station_code":"6fbaf2ec-963e-4bdc-ae7a-a68d2c96d288","station_name":"Linganamakki Reservoir","station_type":"Reservoir","lat":14.03563915,"long":74.92879915,"agency_name":"CWC","agency_id":null,"state_name":"Karnataka","state_code":"KA","district__name":"Shivamogga","district__code":"NULL","block__name":"Hosanagara","block__code":"null","basin__name":"West flowing rivers from Tadri to Kanyakumari Basin","basin_code":"NULL","sub_basin__name":"Netravati and others","sub_basin__code":"NULL","created_date":"10/26/2021","remarks":"D05448","remarks1":"null","remarks2":"554.43","remarks3":"4.294","year":"NULL","remarks_":"NULL","remarks__":"NULL","remarks2_":"NULL","remarks3_":"NULL"}},
{"type":"Feature","geometry":{"type":"Point","coordinates":[77.06863102,11.44347832]},"properties":{"GmlID":"Reservoir_Station.481","objectid":481,"station_id":"null","station_code":"fdaac965-b143-4714-b74e-d7d75f6b3572","station_name":"Lower Bhawani \\ Bhavanisagar Reservoir","station_type":"Reservoir","lat":11.44347832,"long":77.06863102,"agency_name":"CWC","agency_id":null,"state_name":"Tamil Nadu","state_code":"TN","district__name":"Erode","district__code":"NULL","block__name":"Satyamangalam","block__code":"null","basin__name":"Cauvery Basin","basin_code":"NULL","sub_basin__name":"Cauvery Middle","sub_basin__code":"NULL","created_date":"10/26/2021","remarks":"D01078","remarks1":"null","remarks2":"278.89","remarks3":"0.792","year":"NULL","remarks_":"NULL","remarks__":"NULL","remarks2_":"NULL","remarks3_":"NULL"}},
{"type":"Feature","geometry":{"type":"Point","coordinates":[75.01899439,15.79144906]},"properties":{"GmlID":"Reservoir_Station.482","objectid":482,"station_id":"null","station_code":"d9c7c475-1cc8-4ad6-8f8e-37c969b99631","station_name":"Malaprabha Reservoir","station_type":"Reservoir","lat":15.79144906,"long":75.01899439,"agency_name":"CWC","agency_id":null,"state_name":"Karnataka","state_code":"KA","district__name":"Belagavi","district__code":"NULL","block__name":"Savadatti","block__code":"null","basin__name":"Krishna Basin","basin_code":"NULL","sub_basin__name":"Krishna Upper","sub_basin__code":"NULL","created_date":"10/26/2021","remarks":"D05454","remarks1":"null","remarks2":"633.83","remarks3":"0.972","year":"NULL","remarks_":"NULL","remarks__":"NULL","remarks2_":"NULL","remarks3_":"NULL"}},
{"type":"Feature","geometry":{"type":"Point","coordinates":[77.80504448,11.88628855]},"properties":{"GmlID":"Reservoir_Station.483","objectid":483,"station_id":"null","station_code":"42b0daea-0aca-4d1a-94c1-4cff310137f9","station_name":"Mettur Reservoir","station_type":"Reservoir","lat":11.88628855,"long":77.80504448,"agency_name":"CWC","agency_id":null,"state_name":"Tamil Nadu","state_code":"TN","district__name":"Salem","district__code":"NULL","block__name":"Mettur","block__code":"null","basin__name":"Cauvery Basin","basin_code":"NULL","sub_basin__name":"Cauvery Middle","sub_basin__code":"NULL","created_date":"10/26/2021","remarks":"D00842","remarks1":"null","remarks2":"240.79","remarks3":"2.647","year":"NULL","remarks_":"NULL","remarks__":"NULL","remarks2_":"NULL","remarks3_":"NULL"}},
{"type":"Feature","geometry":{"type":"Point","coordinates":[76.25396485,16.17832419]},"properties":{"GmlID":"Reservoir_Station.484","objectid":484,"station_id":"null","station_code":"8c59fd47-903a-42f7-908e-79717f5bbd56","station_name":"Narayanapura Reservoir","station_type":"Reservoir","lat":16.17832419,"long":76.25396485,"agency_name":"CWC","agency_id":null,"state_name":"Karnataka","state_code":"KA","district__name":"Vijayapura","district__code":"NULL","block__name":"Muddebihal","block__code":"null","basin__name":"Krishna Basin","basin_code":"NULL","sub_basin__name":"Krishna Upper","sub_basin__code":"NULL","created_date":"10/26/2021","remarks":"D04315","remarks1":"null","remarks2":"492.25","remarks3":"0.863","year":"NULL","remarks_":"NULL","remarks__":"NULL","remarks2_":"NULL","remarks3_":"NULL"}},
{"type":"Feature","geometry":{"type":"Point","coordinates":[86.68314879,23.67358420]},"properties":{"GmlID":"Reservoir_Station.485","objectid":485,"station_id":"null","station_code":"084b7dc2-1e75-4098-91d0-9d5db8d13cd2","station_name":"Panchat Reservoir","station_type":"Reservoir","lat":23.67358420,"long":86.68314879,"agency_name":"CWC","agency_id":null,"state_name":"West Bengal","state_code":"WB","district__name":"Puruliya","district__code":"NULL","block__name":"Raghunathpur","block__code":"null","basin__name":"Ganga Basin","basin_code":"NULL","sub_basin__name":"Damodar","sub_basin__code":"NULL","created_date":"10/26/2021","remarks":"D00812","remarks1":"null","remarks2":"124.97","remarks3":"0.184","year":"NULL","remarks_":"NULL","remarks__":"NULL","remarks2_":"NULL","remarks3_":"NULL"}},
{"type":"Feature","geometry":{"type":"Point","coordinates":[77.19160638,9.53495932]},"properties":{"GmlID":"Reservoir_Station.486","objectid":486,"station_id":"null","station_code":"154ad65b-c88e-4e00-bbf6-3fdc4f5bd68f","station_name":"Periyar Reservoir","station_type":"Reservoir","lat":9.53495932,"long":77.19160638,"agency_name":"CWC","agency_id":null,"state_name":"Kerala","state_code":"KL","district__name":"Idukki","district__code":"NULL","block__name":"Pirmed","block__code":"null","basin__name":"West flowing rivers from Tadri to Kanyakumari Basin","basin_code":"NULL","sub_basin__name":"Periyar and others","sub_basin__code":"NULL","created_date":"10/26/2021","remarks":"D00820","remarks1":"null","remarks2":"867.41","remarks3":"0.173","year":"NULL","remarks_":"NULL","remarks__":"NULL","remarks2_":"NULL","remarks3_":"NULL"}},
{"type":"Feature","geometry":{"type":"Point","coordinates":[86.28440724,21.32763959]},"properties":{"GmlID":"Reservoir_Station.487","objectid":487,"station_id":"null","station_code":"2de0df62-8cb0-40ef-9274-ec2d2a228308","station_name":"Salandi Reservoir","station_type":"Reservoir","lat":21.32763959,"long":86.28440724,"agency_name":"CWC","agency_id":null,"state_name":"Odisha","state_code":"OD","district__name":"Keonjhar (Kendujhar)","district__code":"NULL","block__name":"Hatadihi","block__code":"null","basin__name":"Brahmani and Baitarni Basin","basin_code":"NULL","sub_basin__name":"Baitarni","sub_basin__code":"NULL","created_date":"10/26/2021","remarks":"D02961","remarks1":"null","remarks2":"82.3","remarks3":"0.558","year":"NULL","remarks_":"NULL","remarks__":"NULL","remarks2_":"NULL","remarks3_":"NULL"}},
{"type":"Feature","geometry":{"type":"Point","coordinates":[74.47101416,15.25799570]},"properties":{"GmlID":"Reservoir_Station.488","objectid":488,"station_id":"null","station_code":"0dabd64b-64c4-49b2-8265-2009befd8ca6","station_name":"Supa Reservoir","station_type":"Reservoir","lat":15.25799570,"long":74.47101416,"agency_name":"CWC","agency_id":null,"state_name":"Karnataka","state_code":"KA","district__name":"Uttara Kannada","district__code":"NULL","block__name":"Joida","block__code":"null","basin__name":"West flowing rivers from Tapi to Tadri Basin","basin_code":"NULL","sub_basin__name":"Vasishti and others","sub_basin__code":"NULL","created_date":"10/26/2021","remarks":"D04595","remarks1":"null","remarks2":"564","remarks3":"4.12","year":"NULL","remarks_":"NULL","remarks__":"NULL","remarks2_":"NULL","remarks3_":"NULL"}},
{"type":"Feature","geometry":{"type":"Point","coordinates":[82.82597886,19.23634733]},"properties":{"GmlID":"Reservoir_Station.489","objectid":489,"station_id":"null","station_code":"5c187856-1ab6-4324-9467-14e76ed006b2","station_name":"Upper Indrawati Reservoir","station_type":"Reservoir","lat":19.23634733,"long":82.82597886,"agency_name":"CWC","agency_id":null,"state_name":"Odisha","state_code":"OD","district__name":"Nabarangapur","district__code":"NULL","block__name":"Nabarangapur","block__code":"null","basin__name":"Godavari Basin","basin_code":"NULL","sub_basin__name":"Indravati","sub_basin__code":"NULL","created_date":"10/26/2021","remarks":"D01012","remarks1":"null","remarks2":"642","remarks3":"1.456","year":"NULL","remarks_":"NULL","remarks__":"NULL","remarks2_":"NULL","remarks3_":"NULL"}},
{"type":"Feature","geometry":{"type":"Point","coordinates":[76.01484897,21.09271190]},"properties":{"GmlID":"Reservoir_Station.490","objectid":490,"station_id":"null","station_code":"6703ac3b-1edf-45de-9dfc-759c7f749301","station_name":"Upper Tapi\\Hatnur Reservoir","station_type":"Reservoir","lat":21.09271190,"long":76.01484897,"agency_name":"CWC","agency_id":null,"state_name":"Maharashtra","state_code":"MH","district__name":"Jalgaon","district__code":"NULL","block__name":"Muktainag","block__code":"null","basin__name":"Tapi Basin","basin_code":"NULL","sub_basin__name":"Tapi Upper","sub_basin__code":"NULL","created_date":"10/26/2021","remarks":"D02977","remarks1":"null","remarks2":"214","remarks3":"0.255","year":"NULL","remarks_":"NULL","remarks__":"NULL","remarks2_":"NULL","remarks3_":"NULL"}},
{"type":"Feature","geometry":{"type":"Point","coordinates":[76.43549483,13.84343578]},"properties":{"GmlID":"Reservoir_Station.491","objectid":491,"station_id":"null","station_code":"2ab9aa7f-31d7-45d2-aa22-16587c09f9f6","station_name":"Vanivilasa Sagar","station_type":"Reservoir","lat":13.84343578,"long":76.43549483,"agency_name":"CWC","agency_id":null,"state_name":"Karnataka","state_code":"KA","district__name":"Chitradurga","district__code":"NULL","block__name":"Hosadurga","block__code":"null","basin__name":"Krishna Basin","basin_code":"NULL","sub_basin__name":"Tungabhadra Lower","sub_basin__code":"NULL","created_date":"10/26/2021","remarks":"D05492","remarks1":"null","remarks2":"652.28","remarks3":"0.802","year":"NULL","remarks_":"NULL","remarks__":"NULL","remarks2_":"NULL","remarks3_":"NULL"}},
{"type":"Feature","geometry":{"type":"Point","coordinates":[74.59531002,16.13146866]},"properties":{"GmlID":"Reservoir_Station.492","objectid":492,"station_id":"null","station_code":"24cd523f-5a2b-40e6-b9f0-72b458a2625d","station_name":"GhatPrabha\\Hidkal Reservoir","station_type":"Reservoir","lat":16.13146866,"long":74.59531002,"agency_name":"CWC","agency_id":null,"state_name":"Karnataka","state_code":"KA","district__name":"Belagavi","district__code":"NULL","block__name":"Hukeri","block__code":"null","basin__name":"Krishna Basin","basin_code":"NULL","sub_basin__name":"Krishna Upper","sub_basin__code":"NULL","created_date":"10/26/2021","remarks":"D03140","remarks1":"null","remarks2":"662.95","remarks3":"1.391","year":"NULL","remarks_":"NULL","remarks__":"NULL","remarks2_":"NULL","remarks3_":"NULL"}},
{"type":"Feature","geometry":{"type":"Point","coordinates":[75.73004306,16.34679294]},"properties":{"GmlID":"Reservoir_Station.493","objectid":493,"station_id":"null","station_code":"43dcbbed-f607-46bf-b1cd-9144e56a593a","station_name":"Almatti Reservoir","station_type":"Reservoir","lat":16.34679294,"long":75.73004306,"agency_name":"CWC","agency_id":null,"state_name":"Karnataka","state_code":"KA","district__name":"Bagalkot","district__code":"NULL","block__name":"Bilgi","block__code":"null","basin__name":"Krishna Basin","basin_code":"NULL","sub_basin__name":"Krishna Upper","sub_basin__code":"NULL","created_date":"10/26/2021","remarks":"D04310","remarks1":"null","remarks2":"519.6","remarks3":"3.105","year":"NULL","remarks_":"NULL","remarks__":"NULL","remarks2_":"NULL","remarks3_":"NULL"}},
{"type":"Feature","geometry":{"type":"Point","coordinates":[78.03031691,23.07370541]},"properties":{"GmlID":"Reservoir_Station.494","objectid":494,"station_id":"null","station_code":"fa04e04b-d11e-4211-8b7f-45ddd4ac56d7","station_name":"Barna","station_type":"Reservoir","lat":23.07370541,"long":78.03031691,"agency_name":"CWC","agency_id":null,"state_name":"Madhya Pradesh","state_code":"MP","district__name":"Raisen","district__code":"NULL","block__name":"Bareli","block__code":"null","basin__name":"Narmada Basin","basin_code":"NULL","sub_basin__name":"Narmada Upper","sub_basin__code":"NULL","created_date":"10/26/2021","remarks":"D01691","remarks1":"null","remarks2":"348.55","remarks3":"0.456","year":"NULL","remarks_":"NULL","remarks__":"NULL","remarks2_":"NULL","remarks3_":"NULL"}},
{"type":"Feature","geometry":{"type":"Point","coordinates":[70.80816294,21.81878581]},"properties":{"GmlID":"Reservoir_Station.495","objectid":495,"station_id":"null","station_code":"1e0fa845-437e-476f-bf4c-4c5e92f67c74","station_name":"Bhadar Reservoir","station_type":"Reservoir","lat":21.81878581,"long":70.80816294,"agency_name":"CWC","agency_id":null,"state_name":"Gujarat","state_code":"GJ","district__name":"Rajkot","district__code":"NULL","block__name":"Gondal","block__code":"null","basin__name":"West flowing rivers of Kutch and Saurashtra including Luni Basin","basin_code":"NULL","sub_basin__name":"Bhadar and other west flowing rivers","sub_basin__code":"NULL","created_date":"10/26/2021","remarks":"D00741","remarks1":"null","remarks2":"107.89","remarks3":"0.188","year":"NULL","remarks_":"NULL","remarks__":"NULL","remarks2_":"NULL","remarks3_":"NULL"}},
{"type":"Feature","geometry":{"type":"Point","coordinates":[75.57523868,13.64683326]},"properties":{"GmlID":"Reservoir_Station.496","objectid":496,"station_id":"null","station_code":"767d51c7-7f38-440b-8857-397ec7633c0a","station_name":"Bhadra Reservoir","station_type":"Reservoir","lat":13.64683326,"long":75.57523868,"agency_name":"CWC","agency_id":null,"state_name":"Karnataka","state_code":"KA","district__name":"Chikkamagaluru","district__code":"NULL","block__name":"Narasimharajapura","block__code":"null","basin__name":"Krishna Basin","basin_code":"NULL","sub_basin__name":"Tungabhadra Upper","sub_basin__code":"NULL","created_date":"10/26/2021","remarks":"D04426","remarks1":"null","remarks2":"657.76","remarks3":"1.785","year":"NULL","remarks_":"NULL","remarks__":"NULL","remarks2_":"NULL","remarks3_":"NULL"}},
{"type":"Feature","geometry":{"type":"Point","coordinates":[75.01035630,18.20876823]},"properties":{"GmlID":"Reservoir_Station.497","objectid":497,"station_id":"null","station_code":"8e34cf14-432e-4952-9eb9-d699434d44c8","station_name":"Bhima\\Ujjani Reservoir","station_type":"Reservoir","lat":18.20876823,"long":75.01035630,"agency_name":"CWC","agency_id":null,"state_name":"Maharashtra","state_code":"MH","district__name":"Solapur","district__code":"NULL","block__name":"Karmala","block__code":"null","basin__name":"Krishna Basin","basin_code":"NULL","sub_basin__name":"Bhima Upper","sub_basin__code":"NULL","created_date":"10/26/2021","remarks":"D02963","remarks1":"null","remarks2":"496.83","remarks3":"1.517","year":"NULL","remarks_":"NULL","remarks__":"NULL","remarks2_":"NULL","remarks3_":"NULL"}},
{"type":"Feature","geometry":{"type":"Point","coordinates":[73.11188340,20.18421909]},"properties":{"GmlID":"Reservoir_Station.498","objectid":498,"station_id":"null","station_code":"5f82e872-371d-48b8-ba2b-c47588be37d6","station_name":"Damanganga Reservoir","station_type":"Reservoir","lat":20.18421909,"long":73.11188340,"agency_name":"CWC","agency_id":null,"state_name":"Gujarat","state_code":"GJ","district__name":"Valsad","district__code":"NULL","block__name":"Kaparada","block__code":"null","basin__name":"West flowing rivers from Tapi to Tadri Basin","basin_code":"NULL","sub_basin__name":"Bhatsol and others","sub_basin__code":"NULL","created_date":"10/26/2021","remarks":"D01177","remarks1":"null","remarks2":"79.86","remarks3":"0.502","year":"NULL","remarks_":"NULL","remarks__":"NULL","remarks2_":"NULL","remarks3_":"NULL"}},
{"type":"Feature","geometry":{"type":"Point","coordinates":[72.38876378,24.33018862]},"properties":{"GmlID":"Reservoir_Station.499","objectid":499,"station_id":"null","station_code":"ed19536d-5ba8-4a9c-883a-d5b6a0a4d936","station_name":"Dantiwada Reservoir","station_type":"Reservoir","lat":24.33018862,"long":72.38876378,"agency_name":"CWC","agency_id":null,"state_name":"Gujarat","state_code":"GJ","district__name":"Banas Kantha","district__code":"NULL","block__name":"Dantiwada","block__code":"null","basin__name":"West flowing rivers of Kutch and Saurashtra including Luni Basin","basin_code":"NULL","sub_basin__name":"Saraswati","sub_basin__code":"NULL","created_date":"10/26/2021","remarks":"D00706","remarks1":"null","remarks2":"184.1","remarks3":"0.399","year":"NULL","remarks_":"NULL","remarks__":"NULL","remarks2_":"NULL","remarks3_":"NULL"}},
{"type":"Feature","geometry":{"type":"Point","coordinates":[74.70576516,14.25619412]},"properties":{"GmlID":"Reservoir_Station.500","objectid":500,"station_id":"null","station_code":"785be682-cc37-4b86-a986-ec7483d00a20","station_name":"Gerusoppa Reservoir","station_type":"Reservoir","lat":14.25619412,"long":74.70576516,"agency_name":"CWC","agency_id":null,"state_name":"Karnataka","state_code":"KA","district__name":"Uttara Kannada","district__code":"NULL","block__name":"Honavar","block__code":"null","basin__name":"West flowing rivers from Tadri to Kanyakumari Basin","basin_code":"NULL","sub_basin__name":"Netravati and others","sub_basin__code":"NULL","created_date":"10/26/2021","remarks":"D05450","remarks1":"null","remarks2":"55","remarks3":"0.13","year":"NULL","remarks_":"NULL","remarks__":"NULL","remarks2_":"NULL","remarks3_":"NULL"}},
{"type":"Feature","geometry":{"type":"Point","coordinates":[76.90271502,10.32047051]},"properties":{"GmlID":"Reservoir_Station.501","objectid":501,"station_id":"null","station_code":"90b0e6d9-6ee5-496c-b4e3-53025d20c54d","station_name":"Sholayar Reservoir","station_type":"Reservoir","lat":10.32047051,"long":76.90271502,"agency_name":"CWC","agency_id":null,"state_name":"Tamil Nadu","state_code":"TN","district__name":"Coimbatore","district__code":"NULL","block__name":"Valparai","block__code":"null","basin__name":"West flowing rivers from Tadri to Kanyakumari Basin","basin_code":"NULL","sub_basin__name":"Periyar and others","sub_basin__code":"NULL","created_date":"10/26/2021","remarks":"D00314","remarks1":"null","remarks2":"1002.79","remarks3":"0.143","year":"NULL","remarks_":"NULL","remarks__":"NULL","remarks2_":"NULL","remarks3_":"NULL"}},
{"type":"Feature","geometry":{"type":"Point","coordinates":[73.88506045,22.45124369]},"properties":{"GmlID":"Reservoir_Station.502","objectid":502,"station_id":"null","station_code":"6a7e2d1d-c35c-416d-87f0-20f67fcbdba8","station_name":"Sukhi Tank","station_type":"Reservoir","lat":22.45124369,"long":73.88506045,"agency_name":"CWC","agency_id":null,"state_name":"Gujarat","state_code":"GJ","district__name":"Chhota Udepur","district__code":"NULL","block__name":"Jetpur-Pavi","block__code":"null","basin__name":"Narmada Basin","basin_code":"NULL","sub_basin__name":"Narmada Lower","sub_basin__code":"NULL","created_date":"10/26/2021","remarks":"D01230","remarks1":"null","remarks2":"147.82","remarks3":"0.167","year":"NULL","remarks_":"NULL","remarks__":"NULL","remarks2_":"NULL","remarks3_":"NULL"}},
{"type":"Feature","geometry":{"type":"Point","coordinates":[81.09238214,24.11161168]},"properties":{"GmlID":"Reservoir_Station.503","objectid":503,"station_id":"null","station_code":"7efcba71-5dd0-49e0-8672-41f5fe400d53","station_name":"Ban Sagar","station_type":"Reservoir","lat":24.11161168,"long":81.09238214,"agency_name":"CWC","agency_id":null,"state_name":"Madhya Pradesh","state_code":"MP","district__name":"Shahdol","district__code":"NULL","block__name":"Beohari","block__code":"null","basin__name":"Ganga Basin","basin_code":"NULL","sub_basin__name":"Sone","sub_basin__code":"NULL","created_date":"10/26/2021","remarks":"D01648","remarks1":"null","remarks2":"341.64","remarks3":"5.166","year":"NULL","remarks_":"NULL","remarks__":"NULL","remarks2_":"NULL","remarks3_":"NULL"}},
{"type":"Feature","geometry":{"type":"Point","coordinates":[82.83391400,24.13655100]},"properties":{"GmlID":"Reservoir_Station.504","objectid":504,"station_id":"null","station_code":"37cbee8d-4c8b-4996-a66d-a27b78cd0418","station_name":"RIHAND RESERVOIR","station_type":"Reservoir","lat":24.13655100,"long":82.83391400,"agency_name":"CWC","agency_id":null,"state_name":"Uttar Pradesh","state_code":"UP","district__name":"Sonbhadra","district__code":"NULL","block__name":"Dudhi","block__code":"null","basin__name":"Ganga Basin","basin_code":"NULL","sub_basin__name":"Sone","sub_basin__code":"NULL","created_date":"10/26/2021","remarks":"D00726","remarks1":"null","remarks2":"268.22","remarks3":"5.649","year":"NULL","remarks_":"NULL","remarks__":"NULL","remarks2_":"NULL","remarks3_":"NULL"}},
{"type":"Feature","geometry":{"type":"Point","coordinates":[73.40940570,18.53609040]},"properties":{"GmlID":"Reservoir_Station.505","objectid":505,"station_id":"null","station_code":"1f5c1e22-9ae8-4e32-8f75-4a772031181e","station_name":"Mulshi Dam","station_type":"Reservoir","lat":18.53609040,"long":73.40940570,"agency_name":"CWC","agency_id":null,"state_name":"Maharashtra","state_code":"MH","district__name":"Pune","district__code":"NULL","block__name":"Mulshi-Paud","block__code":"null","basin__name":"Krishna Basin","basin_code":"NULL","sub_basin__name":"Bhima Upper","sub_basin__code":"NULL","created_date":"10/26/2021","remarks":"D03170","remarks1":"null","remarks2":"607.1","remarks3":"0.572","year":"NULL","remarks_":"NULL","remarks__":"NULL","remarks2_":"NULL","remarks3_":"NULL"}},
{"type":"Feature","geometry":{"type":"Point","coordinates":[73.97231364,16.31720783]},"properties":{"GmlID":"Reservoir_Station.506","objectid":506,"station_id":"null","station_code":"02cd8bff-2481-4b02-a307-dc7b6e1ef34e","station_name":"Dudhganga","station_type":"Reservoir","lat":16.31720783,"long":73.97231364,"agency_name":"CWC","agency_id":null,"state_name":"Maharashtra","state_code":"MH","district__name":"Kolhapur","district__code":"NULL","block__name":"Radhanagari","block__code":"null","basin__name":"Krishna Basin","basin_code":"NULL","sub_basin__name":"Krishna Upper","sub_basin__code":"NULL","created_date":"10/26/2021","remarks":"D02984","remarks1":"null","remarks2":"646","remarks3":"0.664","year":"NULL","remarks_":"NULL","remarks__":"NULL","remarks2_":"NULL","remarks3_":"NULL"}},
{"type":"Feature","geometry":{"type":"Point","coordinates":[80.03685961,22.83846247]},"properties":{"GmlID":"Reservoir_Station.507","objectid":507,"station_id":"null","station_code":"acfb0e36-f44f-4a42-aa55-75b32f94ff7d","station_name":"Bargi\\Rani Avanti Bai Sagar","station_type":"Reservoir","lat":22.83846247,"long":80.03685961,"agency_name":"CWC","agency_id":null,"state_name":"Madhya Pradesh","state_code":"MP","district__name":"Mandla","district__code":"NULL","block__name":"Niwas","block__code":"null","basin__name":"Narmada Basin","basin_code":"NULL","sub_basin__name":"Narmada Upper","sub_basin__code":"NULL","created_date":"10/26/2021","remarks":"D02694","remarks1":"null","remarks2":"422.76","remarks3":"3.18","year":"NULL","remarks_":"NULL","remarks__":"NULL","remarks2_":"NULL","remarks3_":"NULL"}},
{"type":"Feature","geometry":{"type":"Point","coordinates":[82.93119890,25.02674090]},"properties":{"GmlID":"Reservoir_Station.508","objectid":508,"station_id":"null","station_code":"05f0c545-2919-4695-9f8d-672505cd3d71","station_name":"Jirgo Dam","station_type":"Reservoir","lat":25.02674090,"long":82.93119890,"agency_name":"CWC","agency_id":null,"state_name":"Uttar Pradesh","state_code":"UP","district__name":"Mirzapur","district__code":"NULL","block__name":"Chunar","block__code":"null","basin__name":"Ganga Basin","basin_code":"NULL","sub_basin__name":"Upstream of Gomti confluece to Muzaffarnagar","sub_basin__code":"NULL","created_date":"10/26/2021","remarks":"D00436","remarks1":"null","remarks2":"98.2","remarks3":"0.147","year":"NULL","remarks_":"NULL","remarks__":"NULL","remarks2_":"NULL","remarks3_":"NULL"}},
{"type":"Feature","geometry":{"type":"Point","coordinates":[76.48916788,12.46102452]},"properties":{"GmlID":"Reservoir_Station.509","objectid":509,"station_id":"null","station_code":"801a7d3c-492e-4cbf-a2c9-cbf19d8781b0","station_name":"Krishnaraja Sagar","station_type":"Reservoir","lat":12.46102452,"long":76.48916788,"agency_name":"CWC","agency_id":null,"state_name":"Karnataka","state_code":"KA","district__name":"Mysuru","district__code":"NULL","block__name":"Krishnaraja Nagar","block__code":"null","basin__name":"Cauvery Basin","basin_code":"NULL","sub_basin__name":"Cauvery Upper","sub_basin__code":"NULL","created_date":"10/26/2021","remarks":"D05445","remarks1":"null","remarks2":"752.5","remarks3":"1.163","year":"NULL","remarks_":"NULL","remarks__":"NULL","remarks2_":"NULL","remarks3_":"NULL"}},
{"type":"Feature","geometry":{"type":"Point","coordinates":[85.28698400,20.58898286]},"properties":{"GmlID":"Reservoir_Station.510","objectid":510,"station_id":"null","station_code":"89012b29-cdb8-40aa-b74d-0d212de26068","station_name":"Sapua","station_type":"Reservoir","lat":20.58898286,"long":85.28698400,"agency_name":"CWC","agency_id":null,"state_name":"Odisha","state_code":"OD","district__name":"Dhenkanal","district__code":"NULL","block__name":"Hindool","block__code":"null","basin__name":"Mahanadi Basin","basin_code":"NULL","sub_basin__name":"Mahanadi Lower","sub_basin__code":"NULL","created_date":"10/26/2021","remarks":"D05994","remarks1":"null","remarks2":"168.5","remarks3":"0.006","year":"NULL","remarks_":"NULL","remarks__":"NULL","remarks2_":"NULL","remarks3_":"NULL"}},
{"type":"Feature","geometry":{"type":"Point","coordinates":[76.86891700,31.38305600]},"properties":{"GmlID":"Reservoir_Station.511","objectid":511,"station_id":"null","station_code":"2eb8dfa6-d87d-4ece-82c9-cc7c7b0fd4ca","station_name":"Kol Dam","station_type":"Reservoir","lat":31.38305600,"long":76.86891700,"agency_name":"CWC","agency_id":null,"state_name":"Himachal Pradesh","state_code":"HP","district__name":"Mandi","district__code":"NULL","block__name":"Sundar Nagar","block__code":"null","basin__name":"Indus (Up to border) Basin","basin_code":"NULL","sub_basin__name":"Sutlaj Upper","sub_basin__code":"NULL","created_date":"10/26/2021","remarks":"D01016","remarks1":"null","remarks2":"642","remarks3":"0.089","year":"NULL","remarks_":"NULL","remarks__":"NULL","remarks2_":"NULL","remarks3_":"NULL"}},
{"type":"Feature","geometry":{"type":"Point","coordinates":[71.74916361,21.43521754]},"properties":{"GmlID":"Reservoir_Station.512","objectid":512,"station_id":"null","station_code":"11422d30-bdd6-4ce8-beb4-bf892431305c","station_name":"Shetrunji Reservoir","station_type":"Reservoir","lat":21.43521754,"long":71.74916361,"agency_name":"CWC","agency_id":null,"state_name":"Gujarat","state_code":"GJ","district__name":"Bhavnagar","district__code":"NULL","block__name":"Palitana","block__code":"null","basin__name":"West flowing rivers of Kutch and Saurashtra including Luni Basin","basin_code":"NULL","sub_basin__name":"Shetranjuli and other east flowing rivers","sub_basin__code":"NULL","created_date":"10/26/2021","remarks":"D00613","remarks1":"null","remarks2":"55.53","remarks3":"0.3","year":"NULL","remarks_":"NULL","remarks__":"NULL","remarks2_":"NULL","remarks3_":"NULL"}},
{"type":"Feature","geometry":{"type":"Point","coordinates":[73.87201100,17.75884900]},"properties":{"GmlID":"Reservoir_Station.513","objectid":513,"station_id":"null","station_code":"59f99d01-0581-4012-9bc3-2ca280c5441f","station_name":"Kanher Dam","station_type":"Reservoir","lat":17.75884900,"long":73.87201100,"agency_name":"CWC","agency_id":null,"state_name":"Maharashtra","state_code":"MH","district__name":"Satara","district__code":"NULL","block__name":"Jaoli","block__code":"null","basin__name":"Krishna Basin","basin_code":"NULL","sub_basin__name":"Krishna Upper","sub_basin__code":"NULL","created_date":"10/26/2021","remarks":"D02962","remarks1":"null","remarks2":"690.78","remarks3":"0.272","year":"NULL","remarks_":"NULL","remarks__":"NULL","remarks2_":"NULL","remarks3_":"NULL"}},
{"type":"Feature","geometry":{"type":"Point","coordinates":[82.20423569,18.22494359]},"properties":{"GmlID":"Reservoir_Station.514","objectid":514,"station_id":"null","station_code":"65661d32-c054-45d8-982b-518f0ac50354","station_name":"Balimela Reservoir","station_type":"Reservoir","lat":18.22494359,"long":82.20423569,"agency_name":"CWC","agency_id":null,"state_name":"Odisha","state_code":"OD","district__name":"Malkangiri","district__code":"NULL","block__name":"Malkangiri","block__code":"null","basin__name":"Godavari Basin","basin_code":"NULL","sub_basin__name":"Godavari Lower","sub_basin__code":"NULL","created_date":"10/26/2021","remarks":"D05864","remarks1":"null","remarks2":"462.08","remarks3":"2.676","year":"NULL","remarks_":"NULL","remarks__":"NULL","remarks2_":"NULL","remarks3_":"NULL"}},
{"type":"Feature","geometry":{"type":"Point","coordinates":[75.04906420,13.67663170]},"properties":{"GmlID":"Reservoir_Station.515","objectid":515,"station_id":"null","station_code":"cfdabc32-1b88-405c-b0b6-a11aaebc38c4","station_name":"Mani Dam","station_type":"Reservoir","lat":13.67663170,"long":75.04906420,"agency_name":"CWC","agency_id":null,"state_name":"Karnataka","state_code":"KA","district__name":"Shivamogga","district__code":"NULL","block__name":"Hosanagara","block__code":"null","basin__name":"West flowing rivers from Tadri to Kanyakumari Basin","basin_code":"NULL","sub_basin__name":"Netravati and others","sub_basin__code":"NULL","created_date":"10/26/2021","remarks":"D05460","remarks1":"null","remarks2":"594.36","remarks3":"0.884","year":"NULL","remarks_":"NULL","remarks__":"NULL","remarks2_":"NULL","remarks3_":"NULL"}},
{"type":"Feature","geometry":{"type":"Point","coordinates":[77.56976664,10.05277902]},"properties":{"GmlID":"Reservoir_Station.516","objectid":516,"station_id":"null","station_code":"2d0d668e-faa6-44d9-a0c1-e886a50e8d7d","station_name":"Vagai Reservoir","station_type":"Reservoir","lat":10.05277902,"long":77.56976664,"agency_name":"CWC","agency_id":null,"state_name":"Tamil Nadu","state_code":"TN","district__name":"Teni","district__code":"NULL","block__name":"Andipatti","block__code":"null","basin__name":"East flowing rivers between Pennar and Kanyakumari Basin","basin_code":"NULL","sub_basin__name":"Pamba and others","sub_basin__code":"NULL","created_date":"10/26/2021","remarks":"D00824","remarks1":"null","remarks2":"279.2","remarks3":"0.172","year":"NULL","remarks_":"NULL","remarks__":"NULL","remarks2_":"NULL","remarks3_":"NULL"}},
{"type":"Feature","geometry":{"type":"Point","coordinates":[76.53720479,31.38855077]},"properties":{"GmlID":"Reservoir_Station.517","objectid":517,"station_id":"null","station_code":"a40caaab-2692-49f5-aab0-1ac0d38ae8c7","station_name":"Gobind Sagar-Bhakra Reservoir","station_type":"Reservoir","lat":31.38855077,"long":76.53720479,"agency_name":"CWC","agency_id":null,"state_name":"Himachal Pradesh","state_code":"HP","district__name":"Bilaspur","district__code":"NULL","block__name":"Jhanduta","block__code":"null","basin__name":"Indus (Up to border) Basin","basin_code":"NULL","sub_basin__name":"Sutlaj Upper","sub_basin__code":"NULL","created_date":"10/26/2021","remarks":"D00993","remarks1":"null","remarks2":"512.06","remarks3":"6.229","year":"NULL","remarks_":"NULL","remarks__":"NULL","remarks2_":"NULL","remarks3_":"NULL"}},
{"type":"Feature","geometry":{"type":"Point","coordinates":[73.44134616,19.53243081]},"properties":{"GmlID":"Reservoir_Station.518","objectid":518,"station_id":"null","station_code":"22a189d6-6222-4b6e-9b31-0792397be6cc","station_name":"Bhatsa","station_type":"Reservoir","lat":19.53243081,"long":73.44134616,"agency_name":"CWC","agency_id":null,"state_name":"Maharashtra","state_code":"MH","district__name":"Thane","district__code":"NULL","block__name":"Shahapur","block__code":"null","basin__name":"West flowing rivers from Tapi to Tadri Basin","basin_code":"NULL","sub_basin__name":"Bhatsol and others","sub_basin__code":"NULL","created_date":"10/26/2021","remarks":"D02993","remarks1":"null","remarks2":"142.07","remarks3":"0.942","year":"NULL","remarks_":"NULL","remarks__":"NULL","remarks2_":"NULL","remarks3_":"NULL"}},
{"type":"Feature","geometry":{"type":"Point","coordinates":[74.54011693,19.32221516]},"properties":{"GmlID":"Reservoir_Station.519","objectid":519,"station_id":"null","station_code":"0d16d8bb-b218-4071-8038-583686627b49","station_name":"Mula Reservoir","station_type":"Reservoir","lat":19.32221516,"long":74.54011693,"agency_name":"CWC","agency_id":null,"state_name":"Maharashtra","state_code":"MH","district__name":"Ahamadnagar","district__code":"NULL","block__name":"Rahuri","block__code":"null","basin__name":"Godavari Basin","basin_code":"NULL","sub_basin__name":"Godavari Upper","sub_basin__code":"NULL","created_date":"10/26/2021","remarks":"D01043","remarks1":"null","remarks2":"552.3","remarks3":"0.609","year":"NULL","remarks_":"NULL","remarks__":"NULL","remarks2_":"NULL","remarks3_":"NULL"}},
{"type":"Feature","geometry":{"type":"Point","coordinates":[78.08561676,21.31909859]},"properties":{"GmlID":"Reservoir_Station.520","objectid":520,"station_id":"null","station_code":"8242c1d6-b04b-4620-93ba-a5f03d378fbd","station_name":"Upper Wardha Reservoir","station_type":"Reservoir","lat":21.31909859,"long":78.08561676,"agency_name":"CWC","agency_id":null,"state_name":"Maharashtra","state_code":"MH","district__name":"Wardha","district__code":"NULL","block__name":"Ashti","block__code":"null","basin__name":"Godavari Basin","basin_code":"NULL","sub_basin__name":"Wardha","sub_basin__code":"NULL","created_date":"10/26/2021","remarks":"D02982","remarks1":"null","remarks2":"342.5","remarks3":"0.564","year":"NULL","remarks_":"NULL","remarks__":"NULL","remarks2_":"NULL","remarks3_":"NULL"}},
{"type":"Feature","geometry":{"type":"Point","coordinates":[70.40304333,22.38438192]},"properties":{"GmlID":"Reservoir_Station.521","objectid":521,"station_id":"null","station_code":"da9341a0-bbe5-4edb-93b4-4e3bc3fa6813","station_name":"Und I","station_type":"Reservoir","lat":22.38438192,"long":70.40304333,"agency_name":"CWC","agency_id":null,"state_name":"Gujarat","state_code":"GJ","district__name":"Jamnagar","district__code":"NULL","block__name":"Jamnagar","block__code":"null","basin__name":"West flowing rivers of Kutch and Saurashtra including Luni Basin","basin_code":"NULL","sub_basin__name":"Drainage of Rann","sub_basin__code":"NULL","created_date":"10/26/2021","remarks":"D02487","remarks1":"null","remarks2":"98","remarks3":"0.066","year":"NULL","remarks_":"NULL","remarks__":"NULL","remarks2_":"NULL","remarks3_":"NULL"}},
{"type":"Feature","geometry":{"type":"Point","coordinates":[71.14656594,22.87800273]},"properties":{"GmlID":"Reservoir_Station.522","objectid":522,"station_id":"null","station_code":"79cb10b5-b9c4-46de-bbcc-f23ced4fbada","station_name":"Brahmani-I","station_type":"Reservoir","lat":22.87800273,"long":71.14656594,"agency_name":"CWC","agency_id":null,"state_name":"Gujarat","state_code":"GJ","district__name":"Morbi","district__code":"NULL","block__name":"Halvad","block__code":"null","basin__name":"West flowing rivers of Kutch and Saurashtra including Luni Basin","basin_code":"NULL","sub_basin__name":"Saraswati","sub_basin__code":"NULL","created_date":"10/26/2021","remarks":"D01421","remarks1":"null","remarks2":"64.62","remarks3":"0.071","year":"NULL","remarks_":"NULL","remarks__":"NULL","remarks2_":"NULL","remarks3_":"NULL"}},
{"type":"Feature","geometry":{"type":"Point","coordinates":[80.01838610,28.78111090]},"properties":{"GmlID":"Reservoir_Station.523","objectid":523,"station_id":"null","station_code":"76417e35-fbf3-426c-b3d1-7e419d1cee08","station_name":"Sharda Sagar","station_type":"Reservoir","lat":28.78111090,"long":80.01838610,"agency_name":"CWC","agency_id":null,"state_name":"Uttarakhand","state_code":"UK","district__name":"Udham Singh Nagar","district__code":"NULL","block__name":"Khatima","block__code":"null","basin__name":"Ganga Basin","basin_code":"NULL","sub_basin__name":"Ramganga","sub_basin__code":"NULL","created_date":"10/26/2021","remarks":"D00746","remarks1":"null","remarks2":"190.5","remarks3":"0.33","year":"NULL","remarks_":"NULL","remarks__":"NULL","remarks2_":"NULL","remarks3_":"NULL"}},
{"type":"Feature","geometry":{"type":"Point","coordinates":[76.27456493,15.21986396]},"properties":{"GmlID":"Reservoir_Station.524","objectid":524,"station_id":"null","station_code":"346b65d4-60a9-41fe-a800-cf12ea2fa045","station_name":"Tungabhadra Reservoir","station_type":"Reservoir","lat":15.21986396,"long":76.27456493,"agency_name":"CWC","agency_id":null,"state_name":"Karnataka","state_code":"KA","district__name":"Koppal","district__code":"NULL","block__name":"Koppal","block__code":"null","basin__name":"Krishna Basin","basin_code":"NULL","sub_basin__name":"Tungabhadra Upper","sub_basin__code":"NULL","created_date":"10/26/2021","remarks":"D05483","remarks1":"null","remarks2":"497.74","remarks3":"3.276","year":"NULL","remarks_":"NULL","remarks__":"NULL","remarks2_":"NULL","remarks3_":"NULL"}},
{"type":"Feature","geometry":{"type":"Point","coordinates":[73.73248902,18.41485640]},"properties":{"GmlID":"Reservoir_Station.525","objectid":525,"station_id":"null","station_code":"fe7db049-b6a6-4872-b017-6f946bb3a02b","station_name":"Khadakwasla Reservoir","station_type":"Reservoir","lat":18.41485640,"long":73.73248902,"agency_name":"CWC","agency_id":null,"state_name":"Maharashtra","state_code":"MH","district__name":"Pune","district__code":"NULL","block__name":"Haveli","block__code":"null","basin__name":"Krishna Basin","basin_code":"NULL","sub_basin__name":"Bhima Upper","sub_basin__code":"NULL","created_date":"10/26/2021","remarks":"D02946","remarks1":"null","remarks2":"582.47","remarks3":"0.06","year":"NULL","remarks_":"NULL","remarks__":"NULL","remarks2_":"NULL","remarks3_":"NULL"}},
{"type":"Feature","geometry":{"type":"Point","coordinates":[73.78542940,17.97878716]},"properties":{"GmlID":"Reservoir_Station.526","objectid":526,"station_id":"null","station_code":"c6a7bab3-800f-46d2-87b2-97e7eddbf1f9","station_name":"Dhom","station_type":"Reservoir","lat":17.97878716,"long":73.78542940,"agency_name":"CWC","agency_id":null,"state_name":"Maharashtra","state_code":"MH","district__name":"Satara","district__code":"NULL","block__name":"Wai","block__code":"null","basin__name":"Krishna Basin","basin_code":"NULL","sub_basin__name":"Krishna Upper","sub_basin__code":"NULL","created_date":"10/26/2021","remarks":"D02958","remarks1":"null","remarks2":"747.7","remarks3":"0.331","year":"NULL","remarks_":"NULL","remarks__":"NULL","remarks2_":"NULL","remarks3_":"NULL"}},
{"type":"Feature","geometry":{"type":"Point","coordinates":[74.68355397,20.49190037]},"properties":{"GmlID":"Reservoir_Station.527","objectid":527,"station_id":"null","station_code":"490a43ef-465c-4287-b266-f2a5ea9dabe5","station_name":"Girna Reservoir","station_type":"Reservoir","lat":20.49190037,"long":74.68355397,"agency_name":"CWC","agency_id":null,"state_name":"Maharashtra","state_code":"MH","district__name":"Nashik","district__code":"NULL","block__name":"Nandgaon","block__code":"null","basin__name":"Tapi Basin","basin_code":"NULL","sub_basin__name":"Tapi Middle","sub_basin__code":"NULL","created_date":"10/26/2021","remarks":"D01026","remarks1":"null","remarks2":"398.07","remarks3":"0.524","year":"NULL","remarks_":"NULL","remarks__":"NULL","remarks2_":"NULL","remarks3_":"NULL"}},
{"type":"Feature","geometry":{"type":"Point","coordinates":[76.21613645,22.25012070]},"properties":{"GmlID":"Reservoir_Station.528","objectid":528,"station_id":"null","station_code":"59f78ddb-f6c4-4d7d-adc9-cbbfcbdbd637","station_name":"Omkareshwar","station_type":"Reservoir","lat":22.25012070,"long":76.21613645,"agency_name":"CWC","agency_id":null,"state_name":"Madhya Pradesh","state_code":"MP","district__name":"East Nimar","district__code":"NULL","block__name":"Khandwa","block__code":"null","basin__name":"Narmada Basin","basin_code":"NULL","sub_basin__name":"Narmada Middle","sub_basin__code":"NULL","created_date":"10/26/2021","remarks":"D02564","remarks1":"null","remarks2":"196.6","remarks3":"0.299","year":"NULL","remarks_":"NULL","remarks__":"NULL","remarks2_":"NULL","remarks3_":"NULL"}},
{"type":"Feature","geometry":{"type":"Point","coordinates":[73.48485370,18.90483560]},"properties":{"GmlID":"Reservoir_Station.529","objectid":529,"station_id":"null","station_code":"82585142-9df0-4c34-b433-4862ff0dbdcb","station_name":"Thokarwadi","station_type":"Reservoir","lat":18.90483560,"long":73.48485370,"agency_name":"CWC","agency_id":null,"state_name":"Maharashtra","state_code":"MH","district__name":"Pune","district__code":"NULL","block__name":"Mawal","block__code":"null","basin__name":"Krishna Basin","basin_code":"NULL","sub_basin__name":"Bhima Upper","sub_basin__code":"NULL","created_date":"10/26/2021","remarks":"D05128","remarks1":"null","remarks2":"667.14","remarks3":"0.353","year":"NULL","remarks_":"NULL","remarks__":"NULL","remarks2_":"NULL","remarks3_":"NULL"}},
{"type":"Feature","geometry":{"type":"Point","coordinates":[77.91490390,17.75752850]},"properties":{"GmlID":"Reservoir_Station.530","objectid":530,"station_id":"null","station_code":"e01cd8cb-e7e7-49ea-8ac6-4b48b7792f60","station_name":"Singur","station_type":"Reservoir","lat":17.75752850,"long":77.91490390,"agency_name":"CWC","agency_id":null,"state_name":"Telangana","state_code":"TS","district__name":"Sangareddy","district__code":"NULL","block__name":"Munpalle","block__code":"null","basin__name":"Godavari Basin","basin_code":"NULL","sub_basin__name":"Manjra","sub_basin__code":"NULL","created_date":"10/26/2021","remarks":"D00747","remarks1":"null","remarks2":"523.6","remarks3":"0.822","year":"NULL","remarks_":"NULL","remarks__":"NULL","remarks2_":"NULL","remarks3_":"NULL"}},
{"type":"Feature","geometry":{"type":"Point","coordinates":[79.60332911,22.35381177]},"properties":{"GmlID":"Reservoir_Station.531","objectid":531,"station_id":"null","station_code":"7fc76ca7-d60e-4fae-9d8c-94664cf8c182","station_name":"Sanjay Sarovar (Upper Wainganga)","station_type":"Reservoir","lat":22.35381177,"long":79.60332911,"agency_name":"CWC","agency_id":null,"state_name":"Madhya Pradesh","state_code":"MP","district__name":"Seoni","district__code":"NULL","block__name":"Lakhnadon","block__code":"null","basin__name":"Godavari Basin","basin_code":"NULL","sub_basin__name":"Weinganga","sub_basin__code":"NULL","created_date":"10/26/2021","remarks":"D02925","remarks1":"null","remarks2":"519.38","remarks3":"0.508","year":"NULL","remarks_":"NULL","remarks__":"NULL","remarks2_":"NULL","remarks3_":"NULL"}},
{"type":"Feature","geometry":{"type":"Point","coordinates":[73.74860196,17.59996426]},"properties":{"GmlID":"Reservoir_Station.532","objectid":532,"station_id":"null","station_code":"0eabb5c0-18d5-4ab2-bd95-e5fbf5889cc8","station_name":"Koyana/Shivaji Sagar","station_type":"Reservoir","lat":17.59996426,"long":73.74860196,"agency_name":"CWC","agency_id":null,"state_name":"Maharashtra","state_code":"MH","district__name":"Satara","district__code":"NULL","block__name":"Jaoli","block__code":"null","basin__name":"Krishna Basin","basin_code":"NULL","sub_basin__name":"Krishna Upper","sub_basin__code":"NULL","created_date":"10/26/2021","remarks":"D05104","remarks1":"null","remarks2":"657.9","remarks3":"2.652","year":"NULL","remarks_":"NULL","remarks__":"NULL","remarks2_":"NULL","remarks3_":"NULL"}},
{"type":"Feature","geometry":{"type":"Point","coordinates":[78.32726250,18.89890050]},"properties":{"GmlID":"Reservoir_Station.533","objectid":533,"station_id":"null","station_code":"afcc94be-2b52-400f-83cd-5507a403f40d","station_name":"Nizam sagar","station_type":"Reservoir","lat":18.89890050,"long":78.32726250,"agency_name":"CWC","agency_id":null,"state_name":"Telangana","state_code":"TS","district__name":"Nizamabad","district__code":"NULL","block__name":"Balkonda","block__code":"null","basin__name":"Godavari Basin","basin_code":"NULL","sub_basin__name":"Godavari Middle","sub_basin__code":"NULL","created_date":"10/26/2021","remarks":"D00694","remarks1":"null","remarks2":"428.24","remarks3":"0.482","year":"NULL","remarks_":"NULL","remarks__":"NULL","remarks2_":"NULL","remarks3_":"NULL"}},
{"type":"Feature","geometry":{"type":"Point","coordinates":[94.29556638,26.22664352]},"properties":{"GmlID":"Reservoir_Station.534","objectid":534,"station_id":"null","station_code":"e6676eab-ee1d-45b0-a3d4-6ffd6199c700","station_name":"Doyang Hep","station_type":"Reservoir","lat":26.22664352,"long":94.29556638,"agency_name":"CWC","agency_id":null,"state_name":"Nagaland","state_code":"NL","district__name":"Wokha","district__code":"NULL","block__name":"Wokha","block__code":"null","basin__name":"Brahamaputra Basin","basin_code":"NULL","sub_basin__name":"Brahmaputra Upper","sub_basin__code":"NULL","created_date":"10/26/2021","remarks":"D01456","remarks1":"null","remarks2":"333","remarks3":"0.5351","year":"NULL","remarks_":"NULL","remarks__":"NULL","remarks2_":"NULL","remarks3_":"NULL"}},
{"type":"Feature","geometry":{"type":"Point","coordinates":[76.71374568,19.75202254]},"properties":{"GmlID":"Reservoir_Station.535","objectid":535,"station_id":"null","station_code":"66e187cb-1b81-49d1-8d38-e86c9fa7542f","station_name":"Yeldari Reservoir","station_type":"Reservoir","lat":19.75202254,"long":76.71374568,"agency_name":"CWC","agency_id":null,"state_name":"Maharashtra","state_code":"MH","district__name":"Parbhani","district__code":"NULL","block__name":"Jintur","block__code":"null","basin__name":"Godavari Basin","basin_code":"NULL","sub_basin__name":"Godavari Middle","sub_basin__code":"NULL","created_date":"10/26/2021","remarks":"D03211","remarks1":"null","remarks2":"461.77","remarks3":"0.809","year":"NULL","remarks_":"NULL","remarks__":"NULL","remarks2_":"NULL","remarks3_":"NULL"}},
{"type":"Feature","geometry":{"type":"Point","coordinates":[75.24566805,19.52917218]},"properties":{"GmlID":"Reservoir_Station.536","objectid":536,"station_id":"null","station_code":"54cd90f3-64aa-4996-ae25-40ecf21cd38e","station_name":"Jayakwadi\\Nath Sagar","station_type":"Reservoir","lat":19.52917218,"long":75.24566805,"agency_name":"CWC","agency_id":null,"state_name":"Maharashtra","state_code":"MH","district__name":"Ahamadnagar","district__code":"NULL","block__name":"Shevgaon","block__code":"null","basin__name":"Godavari Basin","basin_code":"NULL","sub_basin__name":"Godavari Upper","sub_basin__code":"NULL","created_date":"10/26/2021","remarks":"D02995","remarks1":"null","remarks2":"463.91","remarks3":"2.171","year":"NULL","remarks_":"NULL","remarks__":"NULL","remarks2_":"NULL","remarks3_":"NULL"}},
{"type":"Feature","geometry":{"type":"Point","coordinates":[82.62489835,22.71839958]},"properties":{"GmlID":"Reservoir_Station.537","objectid":537,"station_id":"null","station_code":"8ecf06e4-2ee1-41e0-aded-1dcea429435a","station_name":"Minimata Bangoi\\Hasdeo Reservoir","station_type":"Reservoir","lat":22.71839958,"long":82.62489835,"agency_name":"CWC","agency_id":null,"state_name":"Chhattisgarh","state_code":"CG","district__name":"Korba","district__code":"NULL","block__name":"Pondi Uproda","block__code":"null","basin__name":"Mahanadi Basin","basin_code":"NULL","sub_basin__name":"Mahanadi Middle","sub_basin__code":"NULL","created_date":"10/26/2021","remarks":"D01063","remarks1":"null","remarks2":"359.66","remarks3":"3.046","year":"NULL","remarks_":"NULL","remarks__":"NULL","remarks2_":"NULL","remarks3_":"NULL"}},
{"type":"Feature","geometry":{"type":"Point","coordinates":[70.95697488,22.44546947]},"properties":{"GmlID":"Reservoir_Station.538","objectid":538,"station_id":"null","station_code":"79f40c8f-c8c2-4999-bcf8-b9088ea84d5e","station_name":"Machhu I","station_type":"Reservoir","lat":22.44546947,"long":70.95697488,"agency_name":"CWC","agency_id":null,"state_name":"Gujarat","state_code":"GJ","district__name":"Morbi","district__code":"NULL","block__name":"Wankaner","block__code":"null","basin__name":"West flowing rivers of Kutch and Saurashtra including Luni Basin","basin_code":"NULL","sub_basin__name":"Saraswati","sub_basin__code":"NULL","created_date":"10/26/2021","remarks":"D01471","remarks1":"null","remarks2":"135.33","remarks3":"0.071","year":"NULL","remarks_":"NULL","remarks__":"NULL","remarks2_":"NULL","remarks3_":"NULL"}},
{"type":"Feature","geometry":{"type":"Point","coordinates":[70.88602111,22.74131643]},"properties":{"GmlID":"Reservoir_Station.539","objectid":539,"station_id":"null","station_code":"dff96947-c27c-43eb-b9f7-83d776282ba6","station_name":"Machhu II","station_type":"Reservoir","lat":22.74131643,"long":70.88602111,"agency_name":"CWC","agency_id":null,"state_name":"Gujarat","state_code":"GJ","district__name":"Morbi","district__code":"NULL","block__name":"Morbi","block__code":"null","basin__name":"West flowing rivers of Kutch and Saurashtra including Luni Basin","basin_code":"NULL","sub_basin__name":"Saraswati","sub_basin__code":"NULL","created_date":"10/26/2021","remarks":"D01498","remarks1":"null","remarks2":"57.3","remarks3":"0.091","year":"NULL","remarks_":"NULL","remarks__":"NULL","remarks2_":"NULL","remarks3_":"NULL"}},
{"type":"Feature","geometry":{"type":"Point","coordinates":[73.69000174,18.09545067]},"properties":{"GmlID":"Reservoir_Station.540","objectid":540,"station_id":"null","station_code":"4dcd767d-0d10-4da8-8c86-6ce29f1423ef","station_name":"Niradevghar","station_type":"Reservoir","lat":18.09545067,"long":73.69000174,"agency_name":"CWC","agency_id":null,"state_name":"Maharashtra","state_code":"MH","district__name":"Pune","district__code":"NULL","block__name":"Bhor","block__code":"null","basin__name":"Krishna Basin","basin_code":"NULL","sub_basin__name":"Bhima Upper","sub_basin__code":"NULL","created_date":"10/26/2021","remarks":"D03016","remarks1":"null","remarks2":"667.1","remarks3":"0.332","year":"NULL","remarks_":"NULL","remarks__":"NULL","remarks2_":"NULL","remarks3_":"NULL"}},
{"type":"Feature","geometry":{"type":"Point","coordinates":[73.77891971,18.19950638]},"properties":{"GmlID":"Reservoir_Station.541","objectid":541,"station_id":"null","station_code":"f4e53399-5928-4a56-8b64-6f0668195341","station_name":"Bhatghar","station_type":"Reservoir","lat":18.19950638,"long":73.77891971,"agency_name":"CWC","agency_id":null,"state_name":"Maharashtra","state_code":"MH","district__name":"Pune","district__code":"NULL","block__name":"Bhor","block__code":"null","basin__name":"Krishna Basin","basin_code":"NULL","sub_basin__name":"Bhima Upper","sub_basin__code":"NULL","created_date":"10/26/2021","remarks":"D03192","remarks1":"null","remarks2":"623.28","remarks3":"0.673","year":"NULL","remarks_":"NULL","remarks__":"NULL","remarks2_":"NULL","remarks3_":"NULL"}},
{"type":"Feature","geometry":{"type":"Point","coordinates":[76.68945355,10.84764410]},"properties":{"GmlID":"Reservoir_Station.542","objectid":542,"station_id":"null","station_code":"49781b86-fe6c-4e92-962f-11de114e36df","station_name":"Malampuzha","station_type":"Reservoir","lat":10.84764410,"long":76.68945355,"agency_name":"CWC","agency_id":null,"state_name":"Kerala","state_code":"KL","district__name":"Palakkad","district__code":"NULL","block__name":"Palakkad","block__code":"null","basin__name":"West flowing rivers from Tadri to Kanyakumari Basin","basin_code":"NULL","sub_basin__name":"Varrar and others","sub_basin__code":"NULL","created_date":"10/26/2021","remarks":"D00412","remarks1":"null","remarks2":"115.06","remarks3":"0.224","year":"NULL","remarks_":"NULL","remarks__":"NULL","remarks2_":"NULL","remarks3_":"NULL"}},
{"type":"Feature","geometry":{"type":"Point","coordinates":[86.91702200,24.67805740]},"properties":{"GmlID":"Reservoir_Station.543","objectid":543,"station_id":"null","station_code":"358d7422-e9a0-45a9-9493-9a37cc49709e","station_name":"CHANDAN DAM","station_type":"Reservoir","lat":24.67805740,"long":86.91702200,"agency_name":"CWC","agency_id":null,"state_name":"Bihar","state_code":"BR","district__name":"Banka","district__code":"NULL","block__name":"Bausi","block__code":"null","basin__name":"Ganga Basin","basin_code":"NULL","sub_basin__name":"Gandak and others","sub_basin__code":"NULL","created_date":"9/26/2023","remarks":"D00813","remarks1":"null","remarks2":"152.39","remarks3":"0.136","year":"NULL","remarks_":"NULL","remarks__":"NULL","remarks2_":"NULL","remarks3_":"NULL"}},
{"type":"Feature","geometry":{"type":"Point","coordinates":[77.70416670,16.33750000]},"properties":{"GmlID":"Reservoir_Station.544","objectid":544,"station_id":"null","station_code":"452d592f-b29e-4fdb-8ff6-ddc69013f06d","station_name":"PRIYADARSHINI JURALA","station_type":"Reservoir","lat":16.33750000,"long":77.70416670,"agency_name":"CWC","agency_id":null,"state_name":"Telangana","state_code":"TS","district__name":"Jogulamba Gadwal","district__code":"NULL","block__name":"Dharur","block__code":"null","basin__name":"Krishna Basin","basin_code":"NULL","sub_basin__name":"Krishna Middle","sub_basin__code":"NULL","created_date":"9/26/2023","remarks":"D00611","remarks1":"null","remarks2":"318.52","remarks3":"0.168","year":"NULL","remarks_":"NULL","remarks__":"NULL","remarks2_":"NULL","remarks3_":"NULL"}},
{"type":"Feature","geometry":{"type":"Point","coordinates":[73.53228855,21.77573622]},"properties":{"GmlID":"Reservoir_Station.545","objectid":545,"station_id":"null","station_code":"06ce3894-8562-47fe-ad51-9b87950ee211","station_name":"Karjan Reservoir","station_type":"Reservoir","lat":21.77573622,"long":73.53228855,"agency_name":"CWC","agency_id":null,"state_name":"Gujarat","state_code":"GJ","district__name":"Narmada","district__code":"NULL","block__name":"Dediyapada","block__code":"null","basin__name":"Narmada Basin","basin_code":"NULL","sub_basin__name":"Narmada Lower","sub_basin__code":"NULL","created_date":"10/26/2021","remarks":"D01195","remarks1":"null","remarks2":"115.25","remarks3":"0.523","year":"NULL","remarks_":"NULL","remarks__":"NULL","remarks2_":"NULL","remarks3_":"NULL"}},
{"type":"Feature","geometry":{"type":"Point","coordinates":[74.78887060,15.13221840]},"properties":{"GmlID":"Reservoir_Station.546","objectid":546,"station_id":"null","station_code":"c78ef44d-761b-441d-8c2d-93222cbed110","station_name":"Tattihalla","station_type":"Reservoir","lat":15.13221840,"long":74.78887060,"agency_name":"CWC","agency_id":null,"state_name":"Karnataka","state_code":"KA","district__name":"Uttara Kannada","district__code":"NULL","block__name":"Haliyal","block__code":"null","basin__name":"West flowing rivers from Tapi to Tadri Basin","basin_code":"NULL","sub_basin__name":"Vasishti and others","sub_basin__code":"NULL","created_date":"10/26/2021","remarks":"D04599","remarks1":"null","remarks2":"468.3","remarks3":"0.249","year":"NULL","remarks_":"NULL","remarks__":"NULL","remarks2_":"NULL","remarks3_":"NULL"}},
{"type":"Feature","geometry":{"type":"Point","coordinates":[82.05144060,17.30370292]},"properties":{"GmlID":"Reservoir_Station.547","objectid":547,"station_id":"null","station_code":"e1d2c195-d6ad-4f2c-b86d-63c9a59e1dcc","station_name":"Yeleru","station_type":"Reservoir","lat":17.30370292,"long":82.05144060,"agency_name":"CWC","agency_id":null,"state_name":"Andhra Pradesh","state_code":"AP","district__name":"East Godavari","district__code":"NULL","block__name":"Gangavaram","block__code":"null","basin__name":"East flowing rivers between Mahanadi and Pennar Basin","basin_code":"NULL","sub_basin__name":"Nagvati and other","sub_basin__code":"NULL","created_date":"10/26/2021","remarks":"D01830","remarks1":"null","remarks2":"86.56","remarks3":"0.508","year":"NULL","remarks_":"NULL","remarks__":"NULL","remarks2_":"NULL","remarks3_":"NULL"}},
{"type":"Feature","geometry":{"type":"Point","coordinates":[73.89101773,17.67007656]},"properties":{"GmlID":"Reservoir_Station.548","objectid":548,"station_id":"null","station_code":"fe1e8fb0-d108-42e0-8b97-4c388e691bac","station_name":"Urmodi","station_type":"Reservoir","lat":17.67007656,"long":73.89101773,"agency_name":"CWC","agency_id":null,"state_name":"Maharashtra","state_code":"MH","district__name":"Satara","district__code":"NULL","block__name":"Sat\u003cRa","block__code":"null","basin__name":"Krishna Basin","basin_code":"NULL","sub_basin__name":"Krishna Upper","sub_basin__code":"NULL","created_date":"10/26/2021","remarks":"D03020","remarks1":"null","remarks2":"696","remarks3":"0.273","year":"NULL","remarks_":"NULL","remarks__":"NULL","remarks2_":"NULL","remarks3_":"NULL"}},
{"type":"Feature","geometry":{"type":"Point","coordinates":[73.73667121,19.53360841]},"properties":{"GmlID":"Reservoir_Station.549","objectid":549,"station_id":"null","station_code":"febf1114-dd97-40e5-9167-35440d9fbace","station_name":"Bhandardara","station_type":"Reservoir","lat":19.53360841,"long":73.73667121,"agency_name":"CWC","agency_id":null,"state_name":"Maharashtra","state_code":"MH","district__name":"Ahamadnagar","district__code":"NULL","block__name":"Akole","block__code":"null","basin__name":"Godavari Basin","basin_code":"NULL","sub_basin__name":"Godavari Upper","sub_basin__code":"NULL","created_date":"10/26/2021","remarks":"D03191","remarks1":"null","remarks2":"744.91","remarks3":"0.304","year":"NULL","remarks_":"NULL","remarks__":"NULL","remarks2_":"NULL","remarks3_":"NULL"}},
{"type":"Feature","geometry":{"type":"Point","coordinates":[75.45385400,25.92466020]},"properties":{"GmlID":"Reservoir_Station.550","objectid":550,"station_id":"null","station_code":"43798589-111e-4ecf-bac5-0d84d3ff832c","station_name":"Bisalpur","station_type":"Reservoir","lat":25.92466020,"long":75.45385400,"agency_name":"CWC","agency_id":null,"state_name":"Rajasthan","state_code":"RJ","district__name":"Tonk","district__code":"NULL","block__name":"Devli","block__code":"null","basin__name":"Ganga Basin","basin_code":"NULL","sub_basin__name":"Banas","sub_basin__code":"NULL","created_date":"10/26/2021","remarks":"D00087","remarks1":"null","remarks2":"315.5","remarks3":"1.076","year":"NULL","remarks_":"NULL","remarks__":"NULL","remarks2_":"NULL","remarks3_":"NULL"}},
{"type":"Feature","geometry":{"type":"Point","coordinates":[81.77413430,20.30626350]},"properties":{"GmlID":"Reservoir_Station.551","objectid":551,"station_id":"null","station_code":"9e4e3360-ebb6-494a-bb95-23b71bf90bc4","station_name":"Dudhawa","station_type":"Reservoir","lat":20.30626350,"long":81.77413430,"agency_name":"CWC","agency_id":null,"state_name":"Chhattisgarh","state_code":"CG","district__name":"Dhamtari","district__code":"NULL","block__name":"Nagari","block__code":"null","basin__name":"Mahanadi Basin","basin_code":"NULL","sub_basin__name":"Mahanadi Middle","sub_basin__code":"NULL","created_date":"10/26/2021","remarks":"D01347","remarks1":"null","remarks2":"425.1","remarks3":"0.284","year":"NULL","remarks_":"NULL","remarks__":"NULL","remarks2_":"NULL","remarks3_":"NULL"}},
{"type":"Feature","geometry":{"type":"Point","coordinates":[77.37657599,19.77413873]},"properties":{"GmlID":"Reservoir_Station.552","objectid":552,"station_id":"null","station_code":"48943160-0bec-4a46-9f2a-4c5ff2b9b6b4","station_name":"Isapur Reservoir","station_type":"Reservoir","lat":19.77413873,"long":77.37657599,"agency_name":"CWC","agency_id":null,"state_name":"Maharashtra","state_code":"MH","district__name":"Hingoli","district__code":"NULL","block__name":"Hingoli","block__code":"null","basin__name":"Godavari Basin","basin_code":"NULL","sub_basin__name":"Wardha","sub_basin__code":"NULL","created_date":"10/26/2021","remarks":"D02978","remarks1":"null","remarks2":"441","remarks3":"0.965","year":"NULL","remarks_":"NULL","remarks__":"NULL","remarks2_":"NULL","remarks3_":"NULL"}},
{"type":"Feature","geometry":{"type":"Point","coordinates":[77.29432532,22.95433708]},"properties":{"GmlID":"Reservoir_Station.553","objectid":553,"station_id":"null","station_code":"1b3d0b23-2966-4933-86c1-81baf064cf58","station_name":"Kolar","station_type":"Reservoir","lat":22.95433708,"long":77.29432532,"agency_name":"CWC","agency_id":null,"state_name":"Madhya Pradesh","state_code":"MP","district__name":"Sehore","district__code":"NULL","block__name":"Ichhawar","block__code":"null","basin__name":"Narmada Basin","basin_code":"NULL","sub_basin__name":"Narmada Middle","sub_basin__code":"NULL","created_date":"10/26/2021","remarks":"D02333","remarks1":"null","remarks2":"462.2","remarks3":"0.27","year":"NULL","remarks_":"NULL","remarks__":"NULL","remarks2_":"NULL","remarks3_":"NULL"}},
{"type":"Feature","geometry":{"type":"Point","coordinates":[73.77241196,19.24842931]},"properties":{"GmlID":"Reservoir_Station.554","objectid":554,"station_id":"null","station_code":"8e8ed3c7-60da-4d9a-84ab-55de7ca8cde3","station_name":"Manikdoh","station_type":"Reservoir","lat":19.24842931,"long":73.77241196,"agency_name":"CWC","agency_id":null,"state_name":"Maharashtra","state_code":"MH","district__name":"Pune","district__code":"NULL","block__name":"Junnar","block__code":"null","basin__name":"Krishna Basin","basin_code":"NULL","sub_basin__name":"Bhima Upper","sub_basin__code":"NULL","created_date":"10/26/2021","remarks":"D02965","remarks1":"null","remarks2":"711.25","remarks3":"0.288","year":"NULL","remarks_":"NULL","remarks__":"NULL","remarks2_":"NULL","remarks3_":"NULL"}},
{"type":"Feature","geometry":{"type":"Point","coordinates":[73.45504616,23.32979836]},"properties":{"GmlID":"Reservoir_Station.555","objectid":555,"station_id":"null","station_code":"4c5f7cc2-e64a-473c-8cdc-16304ba02911","station_name":"Watrak","station_type":"Reservoir","lat":23.32979836,"long":73.45504616,"agency_name":"CWC","agency_id":null,"state_name":"Gujarat","state_code":"GJ","district__name":"Aravalli","district__code":"NULL","block__name":"Malpur","block__code":"null","basin__name":"Sabarmati Basin","basin_code":"NULL","sub_basin__name":"Sabarmati Upper","sub_basin__code":"NULL","created_date":"10/26/2021","remarks":"D01170","remarks1":"null","remarks2":"136.25","remarks3":"0.154","year":"NULL","remarks_":"NULL","remarks__":"NULL","remarks2_":"NULL","remarks3_":"NULL"}},
{"type":"Feature","geometry":{"type":"Point","coordinates":[73.74186110,19.09680560]},"properties":{"GmlID":"Reservoir_Station.556","objectid":556,"station_id":"null","station_code":"6e6e2f8f-36d4-491a-acda-1aceae86a86a","station_name":"DIMBHE DAM","station_type":"Reservoir","lat":19.09680560,"long":73.74186110,"agency_name":"CWC","agency_id":null,"state_name":"Maharashtra","state_code":"MA","district__name":"Pune","district__code":"NULL","block__name":"Ambegaon","block__code":"null","basin__name":"Krishna Basin","basin_code":"NULL","sub_basin__name":"Bhima Upper","sub_basin__code":"NULL","created_date":"9/26/2023","remarks":"D02966","remarks1":"null","remarks2":"719.15","remarks3":"0.354","year":"NULL","remarks_":"NULL","remarks__":"NULL","remarks2_":"NULL","remarks3_":"NULL"}},
{"type":"Feature","geometry":{"type":"Point","coordinates":[74.09861110,18.11805560]},"properties":{"GmlID":"Reservoir_Station.557","objectid":557,"station_id":"null","station_code":"959e8d0c-e8b6-4e88-82b4-cb3e4f426c99","station_name":"VEER DAM","station_type":"Reservoir","lat":18.11805560,"long":74.09861110,"agency_name":"CWC","agency_id":null,"state_name":"Maharashtra","state_code":"MA","district__name":"Satara","district__code":"NULL","block__name":"Khandala","block__code":"null","basin__name":"Krishna Basin","basin_code":"NULL","sub_basin__name":"Bhima Upper","sub_basin__code":"NULL","created_date":"9/26/2023","remarks":"D00978","remarks1":"null","remarks2":"579.85","remarks3":"0.266","year":"NULL","remarks_":"NULL","remarks__":"NULL","remarks2_":"NULL","remarks3_":"NULL"}},
{"type":"Feature","geometry":{"type":"Point","coordinates":[73.33611110,19.18944440]},"properties":{"GmlID":"Reservoir_Station.558","objectid":558,"station_id":"null","station_code":"dd2916b1-edf9-4705-be1e-561514e23f52","station_name":"BARVI DAM","station_type":"Reservoir","lat":19.18944440,"long":73.33611110,"agency_name":"CWC","agency_id":null,"state_name":"Maharashtra","state_code":"MA","district__name":"Thane ","district__code":"NULL","block__name":"Ambarnath","block__code":"null","basin__name":"West flowing rivers from Tapi to Tadri Basin","basin_code":"NULL","sub_basin__name":"Bhatsol and others","sub_basin__code":"NULL","created_date":"9/26/2023","remarks":"D05109","remarks1":"null","remarks2":"72.6","remarks3":"0.339","year":"NULL","remarks_":"NULL","remarks__":"NULL","remarks2_":"NULL","remarks3_":"NULL"}},
{"type":"Feature","geometry":{"type":"Point","coordinates":[79.61666670,14.33333330]},"properties":{"GmlID":"Reservoir_Station.559","objectid":559,"station_id":"null","station_code":"0814a5a6-9294-494c-9224-e664a3b75d1d","station_name":"KANDALERU","station_type":"Reservoir","lat":14.33333330,"long":79.61666670,"agency_name":"CWC","agency_id":null,"state_name":"Andhra Pradesh","state_code":"AP","district__name":"SPSR Nellore","district__code":"NULL","block__name":"Rapur","block__code":"null","basin__name":"East flowing rivers between Pennar and Kanyakumari Basin","basin_code":"NULL","sub_basin__name":"Palar and other","sub_basin__code":"NULL","created_date":"9/26/2023","remarks":"D05565","remarks1":"null","remarks2":"85","remarks3":"1.792","year":"NULL","remarks_":"NULL","remarks__":"NULL","remarks2_":"NULL","remarks3_":"NULL"}},
{"type":"Feature","geometry":{"type":"Point","coordinates":[81.79416670,17.93472220]},"properties":{"GmlID":"Reservoir_Station.560","objectid":560,"station_id":"null","station_code":"9278b3f7-10a4-4a6c-aa3c-27f61cf783c5","station_name":"DONKARAYI","station_type":"Reservoir","lat":17.93472220,"long":81.79416670,"agency_name":"CWC","agency_id":null,"state_name":"Andhra Pradesh","state_code":"AP","district__name":"East Godavari","district__code":"NULL","block__name":"Y. Ramavaram","block__code":"null","basin__name":"Godavari Basin","basin_code":"NULL","sub_basin__name":"Godavari Lower","sub_basin__code":"NULL","created_date":"9/26/2023","remarks":"D03456","remarks1":"null","remarks2":"316.08","remarks3":"0.376","year":"NULL","remarks_":"NULL","remarks__":"NULL","remarks2_":"NULL","remarks3_":"NULL"}},
{"type":"Feature","geometry":{"type":"Point","coordinates":[85.55000000,23.43333330]},"properties":{"GmlID":"Reservoir_Station.561","objectid":561,"station_id":"null","station_code":"2d3c5a86-0309-4ba6-809a-5af7994ea8f3","station_name":"GETALSUD","station_type":"Reservoir","lat":23.43333330,"long":85.55000000,"agency_name":"CWC","agency_id":null,"state_name":"Jharkhand","state_code":"JH","district__name":"Ranchi","district__code":"NULL","block__name":"Angara","block__code":"null","basin__name":"Subernarekha","basin_code":"NULL","sub_basin__name":"Subarnarekha","sub_basin__code":"NULL","created_date":"9/26/2023","remarks":"D03906","remarks1":"null","remarks2":"590.06","remarks3":"0.218","year":"NULL","remarks_":"NULL","remarks__":"NULL","remarks2_":"NULL","remarks3_":"NULL"}},
{"type":"Feature","geometry":{"type":"Point","coordinates":[78.21086000,24.75256200]},"properties":{"GmlID":"Reservoir_Station.562","objectid":562,"station_id":"null","station_code":"523f5873-4e46-4014-878a-154cb9e0aece","station_name":"RAJGHAT DAM","station_type":"Reservoir","lat":24.75256200,"long":78.21086000,"agency_name":"CWC","agency_id":null,"state_name":"Madhya Pradesh","state_code":"MP","district__name":"\tAshoknagar","district__code":"NULL","block__name":"Chanderi","block__code":"null","basin__name":"Ganga Basin","basin_code":"NULL","sub_basin__name":"Yamuna Lower","sub_basin__code":"NULL","created_date":"9/26/2023","remarks":"D02674","remarks1":"null","remarks2":"370.89","remarks3":"1.945","year":"NULL","remarks_":"NULL","remarks__":"NULL","remarks2_":"NULL","remarks3_":"NULL"}},
{"type":"Feature","geometry":{"type":"Point","coordinates":[77.85277780,25.55555560]},"properties":{"GmlID":"Reservoir_Station.563","objectid":563,"station_id":"null","station_code":"58e082e4-39ed-4edb-afb5-bdfa70adb4d5","station_name":"ATAL SAGAR(MADIKHEDA)","station_type":"Reservoir","lat":25.55555560,"long":77.85277780,"agency_name":"CWC","agency_id":null,"state_name":"Madhya Pradesh","state_code":"MP","district__name":"Shivpuri ","district__code":"NULL","block__name":"Shivpuri","block__code":"null","basin__name":"Ganga Basin","basin_code":"NULL","sub_basin__name":"Yamuna Lower","sub_basin__code":"NULL","created_date":"9/26/2023","remarks":"D02453","remarks1":"null","remarks2":"346.25","remarks3":"0.835","year":"NULL","remarks_":"NULL","remarks__":"NULL","remarks2_":"NULL","remarks3_":"NULL"}},
{"type":"Feature","geometry":{"type":"Point","coordinates":[81.21800000,20.73000000]},"properties":{"GmlID":"Reservoir_Station.564","objectid":564,"station_id":"null","station_code":"a1f94290-bce0-4fcc-9b7b-822d35b8a850","station_name":"TANDULA","station_type":"Reservoir","lat":20.73000000,"long":81.21800000,"agency_name":"CWC","agency_id":null,"state_name":"Chhattisgarh","state_code":"CG","district__name":"Balod","district__code":"NULL","block__name":"Sanjaribalod","block__code":"null","basin__name":"Mahanadi Basin","basin_code":"NULL","sub_basin__name":"Mahanadi Upper","sub_basin__code":"NULL","created_date":"9/26/2023","remarks":"D01144","remarks1":"null","remarks2":"332.2","remarks3":"0.312","year":"NULL","remarks_":"NULL","remarks__":"NULL","remarks2_":"NULL","remarks3_":"NULL"}},
{"type":"Feature","geometry":{"type":"Point","coordinates":[73.05555560,19.92083330]},"properties":{"GmlID":"Reservoir_Station.565","objectid":565,"station_id":"null","station_code":"06864eb5-eddf-4e20-8d94-39cc1324834f","station_name":"SURYA","station_type":"Reservoir","lat":19.92083330,"long":73.05555560,"agency_name":"CWC","agency_id":null,"state_name":"Maharashtra","state_code":"MA","district__name":"Palghar","district__code":"NULL","block__name":"Dodamarg","block__code":"null","basin__name":"West flowing rivers from Tapi to Tadri Basin","basin_code":"NULL","sub_basin__name":"Bhatsol and others","sub_basin__code":"NULL","created_date":"9/26/2023","remarks":"D02997","remarks1":"null","remarks2":"118.6","remarks3":"0.276","year":"NULL","remarks_":"NULL","remarks__":"NULL","remarks2_":"NULL","remarks3_":"NULL"}},
{"type":"Feature","geometry":{"type":"Point","coordinates":[74.09166670,15.75833330]},"properties":{"GmlID":"Reservoir_Station.566","objectid":566,"station_id":"null","station_code":"ae3cca0c-b271-4670-9a8c-8cf0b97dd987","station_name":"TILLARI","station_type":"Reservoir","lat":15.75833330,"long":74.09166670,"agency_name":"CWC","agency_id":null,"state_name":"Maharashtra","state_code":"MA","district__name":"Sindhudurg","district__code":"NULL","block__name":"Ambegaon","block__code":"null","basin__name":"West flowing rivers from Tapi to Tadri Basin","basin_code":"NULL","sub_basin__name":"Vasishti and others","sub_basin__code":"NULL","created_date":"9/26/2023","remarks":"D03000","remarks1":"null","remarks2":"113.2","remarks3":"0.447","year":"NULL","remarks_":"NULL","remarks__":"NULL","remarks2_":"NULL","remarks3_":"NULL"}},
{"type":"Feature","geometry":{"type":"Point","coordinates":[73.78750000,18.26111110]},"properties":{"GmlID":"Reservoir_Station.567","objectid":567,"station_id":"null","station_code":"46fc348a-c1e9-4e8f-a2b9-960dd937775d","station_name":"CHASKAMAN","station_type":"Reservoir","lat":18.26111110,"long":73.78750000,"agency_name":"CWC","agency_id":null,"state_name":"Maharashtra","state_code":"MA","district__name":"Pune","district__code":"NULL","block__name":"Velhe","block__code":"null","basin__name":"Krishna Basin","basin_code":"NULL","sub_basin__name":"Bhima Upper","sub_basin__code":"NULL","created_date":"9/26/2023","remarks":"D02987","remarks1":"null","remarks2":"649.53","remarks3":"0.125","year":"NULL","remarks_":"NULL","remarks__":"NULL","remarks2_":"NULL","remarks3_":"NULL"}},
{"type":"Feature","geometry":{"type":"Point","coordinates":[73.58333330,18.36666670]},"properties":{"GmlID":"Reservoir_Station.568","objectid":568,"station_id":"null","station_code":"893c3040-755b-4338-a5b5-1820456f4fe5","station_name":"PANSHET(TANAJISAGAR)","station_type":"Reservoir","lat":18.36666670,"long":73.58333330,"agency_name":"CWC","agency_id":null,"state_name":"Maharashtra","state_code":"MA","district__name":"Pune","district__code":"NULL","block__name":"Velhe","block__code":"null","basin__name":"Krishna Basin","basin_code":"NULL","sub_basin__name":"Bhima Upper","sub_basin__code":"NULL","created_date":"9/26/2023","remarks":"D02952","remarks1":"null","remarks2":"636.27","remarks3":"0.312","year":"NULL","remarks_":"NULL","remarks__":"NULL","remarks2_":"NULL","remarks3_":"NULL"}},
{"type":"Feature","geometry":{"type":"Point","coordinates":[73.75000000,19.80000000]},"properties":{"GmlID":"Reservoir_Station.569","objectid":569,"station_id":"null","station_code":"14597ead-dd82-4c24-9923-95eaec0ff86e","station_name":"DARNA DAM","station_type":"Reservoir","lat":19.80000000,"long":73.75000000,"agency_name":"CWC","agency_id":null,"state_name":"Maharashtra","state_code":"MA","district__name":"Nashik","district__code":"NULL","block__name":"Igatpuri","block__code":"null","basin__name":"Godavari Basin","basin_code":"NULL","sub_basin__name":"Godavari Upper","sub_basin__code":"NULL","created_date":"9/26/2023","remarks":"D00972","remarks1":"null","remarks2":"571.5","remarks3":"0.202","year":"NULL","remarks_":"NULL","remarks__":"NULL","remarks2_":"NULL","remarks3_":"NULL"}},
{"type":"Feature","geometry":{"type":"Point","coordinates":[73.68811300,18.84605500]},"properties":{"GmlID":"Reservoir_Station.570","objectid":570,"station_id":"null","station_code":"4b06d227-dd67-45b1-bd91-4d4f18bc2f41","station_name":"BHAMA ASKHED","station_type":"Reservoir","lat":18.84605500,"long":73.68811300,"agency_name":"CWC","agency_id":null,"state_name":"Maharashtra","state_code":"MA","district__name":"Pune","district__code":"NULL","block__name":"Khed","block__code":"null","basin__name":"Krishna Basin","basin_code":"NULL","sub_basin__name":"Bhima Upper","sub_basin__code":"NULL","created_date":"9/26/2023","remarks":"D03019","remarks1":"null","remarks2":"671.5","remarks3":"0.217","year":"NULL","remarks_":"NULL","remarks__":"NULL","remarks2_":"NULL","remarks3_":"NULL"}},
{"type":"Feature","geometry":{"type":"Point","coordinates":[84.03333330,21.03333330]},"properties":{"GmlID":"Reservoir_Station.571","objectid":571,"station_id":"null","station_code":"527d42cd-25ba-4d6e-94e2-e60046f70aaa","station_name":"HARIHARJHOR","station_type":"Reservoir","lat":21.03333330,"long":84.03333330,"agency_name":"CWC","agency_id":null,"state_name":"Odisha","state_code":"OD","district__name":"Sonepur","district__code":"NULL","block__name":"Biramaharajpur","block__code":"null","basin__name":"Mahanadi Basin","basin_code":"NULL","sub_basin__name":"Mahanadi Lower","sub_basin__code":"NULL","created_date":"9/26/2023","remarks":"D02928","remarks1":"null","remarks2":"147.5","remarks3":"0.059","year":"NULL","remarks_":"NULL","remarks__":"NULL","remarks2_":"NULL","remarks3_":"NULL"}},
{"type":"Feature","geometry":{"type":"Point","coordinates":[84.66666670,22.26666670]},"properties":{"GmlID":"Reservoir_Station.572","objectid":572,"station_id":"null","station_code":"85e016df-a984-408c-8042-a05ad17768d9","station_name":"MANDIRA DAM","station_type":"Reservoir","lat":22.26666670,"long":84.66666670,"agency_name":"CWC","agency_id":null,"state_name":"Odisha","state_code":"OD","district__name":"Sundargarh","district__code":"NULL","block__name":"Kuanrmunda","block__code":"null","basin__name":"Brahmani and Baitarni Basin","basin_code":"NULL","sub_basin__name":"Brahmani","sub_basin__code":"NULL","created_date":"9/26/2023","remarks":"D05956","remarks1":"null","remarks2":"210.31","remarks3":"0.309","year":"NULL","remarks_":"NULL","remarks__":"NULL","remarks2_":"NULL","remarks3_":"NULL"}},
{"type":"Feature","geometry":{"type":"Point","coordinates":[73.16111110,25.11111110]},"properties":{"GmlID":"Reservoir_Station.573","objectid":573,"station_id":"null","station_code":"1312e741-ab9e-4e79-b5f0-a763001b7e7d","station_name":"JAWAI DAM","station_type":"Reservoir","lat":25.11111110,"long":73.16111110,"agency_name":"CWC","agency_id":null,"state_name":"Rajasthan","state_code":"RJ","district__name":"Pali","district__code":"NULL","block__name":"Sumerpur","block__code":"null","basin__name":"West flowing rivers of Kutch and Saurashtra including Luni Basin","basin_code":"NULL","sub_basin__name":"Luni Upper","sub_basin__code":"NULL","created_date":"9/26/2023","remarks":"D00468","remarks1":"null","remarks2":"313.4","remarks3":"0.193","year":"NULL","remarks_":"NULL","remarks__":"NULL","remarks2_":"NULL","remarks3_":"NULL"}},
{"type":"Feature","geometry":{"type":"Point","coordinates":[73.95277780,24.24166670]},"properties":{"GmlID":"Reservoir_Station.574","objectid":574,"station_id":"null","station_code":"221bf6a4-eaa0-4007-b436-f75c5e1080a3","station_name":"JAISAMAND","station_type":"Reservoir","lat":24.24166670,"long":73.95277780,"agency_name":"CWC","agency_id":null,"state_name":"Rajasthan","state_code":"RJ","district__name":"Udaipur","district__code":"NULL","block__name":"Sarada","block__code":"null","basin__name":"Mahi Basin","basin_code":"NULL","sub_basin__name":"Mahi Upper","sub_basin__code":"NULL","created_date":"9/26/2023","remarks":"D00407","remarks1":"null","remarks2":"295.54","remarks3":"0.296","year":"NULL","remarks_":"NULL","remarks__":"NULL","remarks2_":"NULL","remarks3_":"NULL"}},
{"type":"Feature","geometry":{"type":"Point","coordinates":[78.85027780,12.18361110]},"properties":{"GmlID":"Reservoir_Station.575","objectid":575,"station_id":"null","station_code":"dbced45c-afa1-4922-9c4f-4eac153e7ed7","station_name":"SATHANUR","station_type":"Reservoir","lat":12.18361110,"long":78.85027780,"agency_name":"CWC","agency_id":null,"state_name":"Tamil Nadu","state_code":"TN","district__name":"Tiruvannamalai","district__code":"NULL","block__name":"Not Under any CD Block","block__code":"null","basin__name":"East flowing rivers between Pennar and Kanyakumari Basin","basin_code":"NULL","sub_basin__name":"Ponnaiyar and other","sub_basin__code":"NULL","created_date":"9/26/2023","remarks":"D01057","remarks1":"null","remarks2":"222.2","remarks3":"0.207","year":"NULL","remarks_":"NULL","remarks__":"NULL","remarks2_":"NULL","remarks3_":"NULL"}},
{"type":"Feature","geometry":{"type":"Point","coordinates":[82.49388890,24.82694440]},"properties":{"GmlID":"Reservoir_Station.576","objectid":576,"station_id":"null","station_code":"5c279baa-94c7-4aaf-9de0-563c72b13f35","station_name":"SIRSI","station_type":"Reservoir","lat":24.82694440,"long":82.49388890,"agency_name":"CWC","agency_id":null,"state_name":"Uttar Pradesh","state_code":"UP","district__name":"Mirzapur","district__code":"NULL","block__name":"Marihan","block__code":"null","basin__name":"Ganga Basin","basin_code":"NULL","sub_basin__name":"Tons","sub_basin__code":"NULL","created_date":"9/26/2023","remarks":"D00754","remarks1":"null","remarks2":"217.93","remarks3":"0.19","year":"NULL","remarks_":"NULL","remarks__":"NULL","remarks2_":"NULL","remarks3_":"NULL"}},
{"type":"Feature","geometry":{"type":"Point","coordinates":[79.70833330,25.60000000]},"properties":{"GmlID":"Reservoir_Station.577","objectid":577,"station_id":"null","station_code":"ca8c2e7e-d87a-45b3-a9a3-314bd4e54a4e","station_name":"MAUDAHA","station_type":"Reservoir","lat":25.60000000,"long":79.70833330,"agency_name":"CWC","agency_id":null,"state_name":"Uttar Pradesh","state_code":"UP","district__name":"Hamirpur","district__code":"NULL","block__name":"Gohand","block__code":"null","basin__name":"Ganga Basin","basin_code":"NULL","sub_basin__name":"Yamuna Lower","sub_basin__code":"NULL","created_date":"9/26/2023","remarks":"D00127","remarks1":"null","remarks2":"147.8","remarks3":"0.179","year":"NULL","remarks_":"NULL","remarks__":"NULL","remarks2_":"NULL","remarks3_":"NULL"}},
{"type":"Feature","geometry":{"type":"Point","coordinates":[79.86597000,24.69691000]},"properties":{"GmlID":"Reservoir_Station.578","objectid":578,"station_id":"null","station_code":"04a383c5-663e-4e9b-8362-2196cd5df665","station_name":"RANGAWAN","station_type":"Reservoir","lat":24.69691000,"long":79.86597000,"agency_name":"CWC","agency_id":null,"state_name":"Uttar Pradesh","state_code":"UP","district__name":"Chhatarpur","district__code":"NULL","block__name":"Rajnagar","block__code":"null","basin__name":"Ganga Basin","basin_code":"NULL","sub_basin__name":"Yamuna Lower","sub_basin__code":"NULL","created_date":"9/26/2023","remarks":"D00722","remarks1":"null","remarks2":"233.17","remarks3":"0.155","year":"NULL","remarks_":"NULL","remarks__":"NULL","remarks2_":"NULL","remarks3_":"NULL"}},
{"type":"Feature","geometry":{"type":"Point","coordinates":[82.39972220,24.85333330]},"properties":{"GmlID":"Reservoir_Station.579","objectid":579,"station_id":"null","station_code":"e7d35e4d-36cf-4c57-8e0f-1c8e5acf7598","station_name":"MEJA","station_type":"Reservoir","lat":24.85333330,"long":82.39972220,"agency_name":"CWC","agency_id":null,"state_name":"Uttar Pradesh","state_code":"UP","district__name":"Mirzapur","district__code":"NULL","block__name":"Marihan","block__code":"null","basin__name":"Ganga Basin","basin_code":"NULL","sub_basin__name":"Tons","sub_basin__code":"NULL","created_date":"9/26/2023","remarks":"D01169","remarks1":"null","remarks2":"178","remarks3":"0.299","year":"NULL","remarks_":"NULL","remarks__":"NULL","remarks2_":"NULL","remarks3_":"NULL"}},
{"type":"Feature","geometry":{"type":"Point","coordinates":[79.84166670,28.95555560]},"properties":{"GmlID":"Reservoir_Station.580","objectid":580,"station_id":"null","station_code":"06de06dd-776b-43c7-a3bf-cff2362b0547","station_name":"NANAK SAGAR","station_type":"Reservoir","lat":28.95555560,"long":79.84166670,"agency_name":"CWC","agency_id":null,"state_name":"Uttarakhand","state_code":"UK","district__name":"Udam Singh Nagar","district__code":"NULL","block__name":"Forest CD Block Udham Singh Nagar","block__code":"null","basin__name":"Ganga Basin","basin_code":"NULL","sub_basin__name":"Ramganga","sub_basin__code":"NULL","created_date":"9/26/2023","remarks":"D00734","remarks1":"null","remarks2":"215.19","remarks3":"0.176","year":"NULL","remarks_":"NULL","remarks__":"NULL","remarks2_":"NULL","remarks3_":"NULL"}},
{"type":"Feature","geometry":{"type":"Point","coordinates":[78.78333333,19.11666667]},"properties":{"GmlID":"Reservoir_Station.581","objectid":581,"station_id":"null","station_code":"3c4133f6-1844-4c01-8154-b1b2ded8d2b7","station_name":"KADDAM (K.N.R.)","station_type":"Reservoir","lat":19.11666667,"long":78.78333333,"agency_name":"CWC","agency_id":null,"state_name":"Telangana","state_code":"TG","district__name":"Adilabad","district__code":"NULL","block__name":"null","block__code":"null","basin__name":"Godavari Basin","basin_code":"NULL","sub_basin__name":"Godavari Lower","sub_basin__code":"NULL","created_date":"4/29/2024","remarks":"D00647","remarks1":"null","remarks2":"213.36","remarks3":"0.137","year":"NULL","remarks_":"NULL","remarks__":"NULL","remarks2_":"NULL","remarks3_":"NULL"}},
{"type":"Feature","geometry":{"type":"Point","coordinates":[92.63290300,25.52842400]},"properties":{"GmlID":"Reservoir_Station.582","objectid":582,"station_id":"null","station_code":"640c738f-217c-49a5-be11-a9090e883cbb","station_name":"KHANDONG","station_type":"Reservoir","lat":25.52842400,"long":92.63290300,"agency_name":"CWC","agency_id":null,"state_name":"Assam","state_code":"ASM","district__name":"Dima Hasao","district__code":"NULL","block__name":"null","block__code":"null","basin__name":"Brahmaputra Basin","basin_code":"NULL","sub_basin__name":"Kopili River","sub_basin__code":"NULL","created_date":"4/29/2024","remarks":"D00003","remarks1":"null","remarks2":"725","remarks3":"0.18","year":"NULL","remarks_":"NULL","remarks__":"NULL","remarks2_":"NULL","remarks3_":"NULL"}},
{"type":"Feature","geometry":{"type":"Point","coordinates":[79.51972222,17.23333333]},"properties":{"GmlID":"Reservoir_Station.583","objectid":583,"station_id":"null","station_code":"88a56b84-2f81-4434-a7c5-e898c74af294","station_name":"MUSI PROJECT","station_type":"Reservoir","lat":17.23333333,"long":79.51972222,"agency_name":"CWC","agency_id":null,"state_name":"Telangana","state_code":"TG","district__name":"Nalgonda\u00A0","district__code":"NULL","block__name":"null","block__code":"null","basin__name":"Krishna Basin","basin_code":"NULL","sub_basin__name":"Krishna Lower","sub_basin__code":"NULL","created_date":"4/29/2024","remarks":"D02193","remarks1":"null","remarks2":"196.6","remarks3":"0.123","year":"NULL","remarks_":"NULL","remarks__":"NULL","remarks2_":"NULL","remarks3_":"NULL"}},
{"type":"Feature","geometry":{"type":"Point","coordinates":[92.71274000,25.52855600]},"properties":{"GmlID":"Reservoir_Station.584","objectid":584,"station_id":"null","station_code":"059dc736-4210-47da-91c2-9f5846d4aa33","station_name":"UMRONG","station_type":"Reservoir","lat":25.52855600,"long":92.71274000,"agency_name":"CWC","agency_id":null,"state_name":"Assam","state_code":"ASM","district__name":"Dima Hasao","district__code":"NULL","block__name":"null","block__code":"null","basin__name":"Brahmaputra Basin","basin_code":"NULL","sub_basin__name":"Umrong River","sub_basin__code":"NULL","created_date":"4/29/2024","remarks":"D00002","remarks1":"null","remarks2":"609.6","remarks3":"0.159","year":"NULL","remarks_":"NULL","remarks__":"NULL","remarks2_":"NULL","remarks3_":"NULL"}},
{"type":"Feature","geometry":{"type":"Point","coordinates":[70.88168600,22.04618600]},"properties":{"GmlID":"Reservoir_Station.585","objectid":585,"station_id":"null","station_code":"d4f89692-c3aa-424b-9ac5-bf3532de1521","station_name":"Gondali","station_type":"Reservoir","lat":22.04618600,"long":70.88168600,"agency_name":"Gujarat","agency_id":null,"state_name":"Gujarat","state_code":"GJ","district__name":"Rajkot","district__code":"NULL","block__name":"Kotada Sangani","block__code":"NULL","basin__name":"West flowing rivers of Kutch and Saurashtra including Luni Basin","basin_code":"NULL","sub_basin__name":"Bhadar and other west flowing rivers","sub_basin__code":"NULL","created_date":"10/26/2021 12:00:08 AM","remarks":"173","remarks1":"NULL","remarks2":"45.8","remarks3":"0.01011","year":"NULL","remarks_":"NULL","remarks__":"NULL","remarks2_":"NULL","remarks3_":"NULL"}},
{"type":"Feature","geometry":{"type":"Point","coordinates":[71.89470300,21.29209300]},"properties":{"GmlID":"Reservoir_Station.586","objectid":586,"station_id":"null","station_code":"2de450d4-a188-4ff5-b08a-8f69fe6b863c","station_name":"Bagad","station_type":"Reservoir","lat":21.29209300,"long":71.89470300,"agency_name":"Gujarat","agency_id":null,"state_name":"Gujarat","state_code":"GJ","district__name":"Bhavnagar","district__code":"NULL","block__name":"Mahuva","block__code":"NULL","basin__name":"West flowing rivers of Kutch and Saurashtra including Luni Basin","basin_code":"NULL","sub_basin__name":"Shetranjuli and other east flowing rivers","sub_basin__code":"NULL","created_date":"10/26/2021 12:00:08 AM","remarks":"90","remarks1":"NULL","remarks2":"60.41","remarks3":"0.01118","year":"NULL","remarks_":"NULL","remarks__":"NULL","remarks2_":"NULL","remarks3_":"NULL"}},
{"type":"Feature","geometry":{"type":"Point","coordinates":[70.27740100,22.24302700]},"properties":{"GmlID":"Reservoir_Station.587","objectid":587,"station_id":"null","station_code":"8a7d9758-d6b3-44a3-8c2e-1a4dbca16d84","station_name":"Fulzar-I","station_type":"Reservoir","lat":22.24302700,"long":70.27740100,"agency_name":"Gujarat","agency_id":null,"state_name":"Gujarat","state_code":"GJ","district__name":"Jamnagar","district__code":"NULL","block__name":"Jam Jodhpur","block__code":"NULL","basin__name":"West flowing rivers of Kutch and Saurashtra including Luni Basin","basin_code":"NULL","sub_basin__name":"Bhadar and other west flowing rivers","sub_basin__code":"NULL","created_date":"10/26/2021 12:00:08 AM","remarks":"98","remarks1":"NULL","remarks2":"24.69","remarks3":"0.01136","year":"NULL","remarks_":"NULL","remarks__":"NULL","remarks2_":"NULL","remarks3_":"NULL"}},
{"type":"Feature","geometry":{"type":"Point","coordinates":[70.07650000,21.92920900]},"properties":{"GmlID":"Reservoir_Station.588","objectid":588,"station_id":"null","station_code":"c4eba30c-7615-4fae-8796-e9d3ba29083f","station_name":"Fulzar (KB)","station_type":"Reservoir","lat":21.92920900,"long":70.07650000,"agency_name":"Gujarat","agency_id":null,"state_name":"Gujarat","state_code":"GJ","district__name":"Jamnagar","district__code":"NULL","block__name":"Jam Jodhpur","block__code":"NULL","basin__name":"West flowing rivers of Kutch and Saurashtra including Luni Basin","basin_code":"NULL","sub_basin__name":"Bhadar and other west flowing rivers","sub_basin__code":"NULL","created_date":"10/26/2021 12:00:08 AM","remarks":"110","remarks1":"NULL","remarks2":"95.85","remarks3":"0.01803","year":"NULL","remarks_":"NULL","remarks__":"NULL","remarks2_":"NULL","remarks3_":"NULL"}},
{"type":"Feature","geometry":{"type":"Point","coordinates":[71.39670000,22.05130000]},"properties":{"GmlID":"Reservoir_Station.589","objectid":589,"station_id":"null","station_code":"262c52e8-ffaf-49f7-bfe9-38436a1c5b00","station_name":"Ghelo - S","station_type":"Reservoir","lat":22.05130000,"long":71.39670000,"agency_name":"Gujarat","agency_id":null,"state_name":"Gujarat","state_code":"GJ","district__name":"Rajkot","district__code":"NULL","block__name":"Vinchhiya","block__code":"NULL","basin__name":"West flowing rivers of Kutch and Saurashtra including Luni Basin","basin_code":"NULL","sub_basin__name":"Shetranjuli and other east flowing rivers","sub_basin__code":"NULL","created_date":"10/26/2021 12:00:08 AM","remarks":"174","remarks1":"NULL","remarks2":"135.1","remarks3":"0.00606","year":"NULL","remarks_":"NULL","remarks__":"NULL","remarks2_":"NULL","remarks3_":"NULL"}},
{"type":"Feature","geometry":{"type":"Point","coordinates":[68.65940000,23.67140000]},"properties":{"GmlID":"Reservoir_Station.590","objectid":590,"station_id":"null","station_code":"2aac6bea-52de-432e-823f-61b54209d250","station_name":"Godhatad","station_type":"Reservoir","lat":23.67140000,"long":68.65940000,"agency_name":"Gujarat","agency_id":null,"state_name":"Gujarat","state_code":"GJ","district__name":"Kachchh","district__code":"NULL","block__name":"Lakhpat","block__code":"NULL","basin__name":"West flowing rivers of Kutch and Saurashtra including Luni Basin","basin_code":"NULL","sub_basin__name":"Drainage of Rann","sub_basin__code":"NULL","created_date":"10/26/2021 12:00:08 AM","remarks":"46","remarks1":"NULL","remarks2":"23","remarks3":"0.01399","year":"NULL","remarks_":"NULL","remarks__":"NULL","remarks2_":"NULL","remarks3_":"NULL"}},
{"type":"Feature","geometry":{"type":"Point","coordinates":[71.50750000,22.24150000]},"properties":{"GmlID":"Reservoir_Station.591","objectid":591,"station_id":"null","station_code":"9c2f917c-4bbf-490f-becf-fc60a3bb6d7a","station_name":"Goma","station_type":"Reservoir","lat":22.24150000,"long":71.50750000,"agency_name":"Gujarat","agency_id":null,"state_name":"Gujarat","state_code":"GJ","district__name":"Botad","district__code":"NULL","block__name":"Botad","block__code":"NULL","basin__name":"Sabarmati Basin","basin_code":"NULL","sub_basin__name":"Sabarmati Lower","sub_basin__code":"NULL","created_date":"10/26/2021 12:00:08 AM","remarks":"89","remarks1":"NULL","remarks2":"126.5","remarks3":"0.01575","year":"NULL","remarks_":"NULL","remarks__":"NULL","remarks2_":"NULL","remarks3_":"NULL"}},
{"type":"Feature","geometry":{"type":"Point","coordinates":[70.60316500,22.28827500]},"properties":{"GmlID":"Reservoir_Station.592","objectid":592,"station_id":"null","station_code":"99ec47cc-4872-4687-a9cb-2982b42f0a97","station_name":"Dondi","station_type":"Reservoir","lat":22.28827500,"long":70.60316500,"agency_name":"Gujarat","agency_id":null,"state_name":"Gujarat","state_code":"GJ","district__name":"Rajkot","district__code":"NULL","block__name":"Paddhari","block__code":"NULL","basin__name":"West flowing rivers of Kutch and Saurashtra including Luni Basin","basin_code":"NULL","sub_basin__name":"Drainage of Rann","sub_basin__code":"NULL","created_date":"10/26/2021 12:00:08 AM","remarks":"170","remarks1":"NULL","remarks2":"103.72","remarks3":"0.0038","year":"NULL","remarks_":"NULL","remarks__":"NULL","remarks2_":"NULL","remarks3_":"NULL"}},
{"type":"Feature","geometry":{"type":"Point","coordinates":[71.42220000,22.95550000]},"properties":{"GmlID":"Reservoir_Station.593","objectid":593,"station_id":"null","station_code":"c30fb501-b1de-4e85-a6ff-140c1d0da185","station_name":"Falku","station_type":"Reservoir","lat":22.95550000,"long":71.42220000,"agency_name":"Gujarat","agency_id":null,"state_name":"Gujarat","state_code":"GJ","district__name":"Surendranagar","district__code":"NULL","block__name":"Dhrangadhra","block__code":"NULL","basin__name":"West flowing rivers of Kutch and Saurashtra including Luni Basin","basin_code":"NULL","sub_basin__name":"Saraswati","sub_basin__code":"NULL","created_date":"10/26/2021 12:00:08 AM","remarks":"185","remarks1":"NULL","remarks2":"107","remarks3":"0.01302","year":"NULL","remarks_":"NULL","remarks__":"NULL","remarks2_":"NULL","remarks3_":"NULL"}},
{"type":"Feature","geometry":{"type":"Point","coordinates":[73.75194400,21.53555600]},"properties":{"GmlID":"Reservoir_Station.594","objectid":594,"station_id":"null","station_code":"523c111e-341f-481d-a6f4-7e4d3a78f45c","station_name":"Chopadvav","station_type":"Reservoir","lat":21.53555600,"long":73.75194400,"agency_name":"Gujarat","agency_id":null,"state_name":"Gujarat","state_code":"GJ","district__name":"Narmada","district__code":"NULL","block__name":"Sagbara","block__code":"NULL","basin__name":"Tapi Basin","basin_code":"NULL","sub_basin__name":"Tapi Middle","sub_basin__code":"NULL","created_date":"10/26/2021 12:00:08 AM","remarks":"8","remarks1":"NULL","remarks2":"187.4","remarks3":"0.01205","year":"NULL","remarks_":"NULL","remarks__":"NULL","remarks2_":"NULL","remarks3_":"NULL"}},
{"type":"Feature","geometry":{"type":"Point","coordinates":[70.75460000,22.63880000]},"properties":{"GmlID":"Reservoir_Station.595","objectid":595,"station_id":"null","station_code":"75fb5a95-88da-4209-89f7-e218ad48840a","station_name":"Demi - I","station_type":"Reservoir","lat":22.63880000,"long":70.75460000,"agency_name":"Gujarat","agency_id":null,"state_name":"Gujarat","state_code":"GJ","district__name":"Morbi","district__code":"NULL","block__name":"Tankara","block__code":"NULL","basin__name":"West flowing rivers of Kutch and Saurashtra including Luni Basin","basin_code":"NULL","sub_basin__name":"Drainage of Rann","sub_basin__code":"NULL","created_date":"10/26/2021 12:00:08 AM","remarks":"172","remarks1":"NULL","remarks2":"60.35","remarks3":"0.02217","year":"NULL","remarks_":"NULL","remarks__":"NULL","remarks2_":"NULL","remarks3_":"NULL"}},
{"type":"Feature","geometry":{"type":"Point","coordinates":[70.60920000,22.74240000]},"properties":{"GmlID":"Reservoir_Station.596","objectid":596,"station_id":"null","station_code":"de6aa03d-8ef7-4334-9726-a86d0984c43d","station_name":"Demi - III","station_type":"Reservoir","lat":22.74240000,"long":70.60920000,"agency_name":"Gujarat","agency_id":null,"state_name":"Gujarat","state_code":"GJ","district__name":"Morbi","district__code":"NULL","block__name":"Morbi","block__code":"NULL","basin__name":"West flowing rivers of Kutch and Saurashtra including Luni Basin","basin_code":"NULL","sub_basin__name":"Drainage of Rann","sub_basin__code":"NULL","created_date":"10/26/2021 12:00:08 AM","remarks":"112","remarks1":"NULL","remarks2":"25.6","remarks3":"0.0096","year":"NULL","remarks_":"NULL","remarks__":"NULL","remarks2_":"NULL","remarks3_":"NULL"}},
{"type":"Feature","geometry":{"type":"Point","coordinates":[73.55500000,22.38222100]},"properties":{"GmlID":"Reservoir_Station.597","objectid":597,"station_id":"null","station_code":"d329147a-2358-4dee-992d-42bebf42c3f3","station_name":"Deo","station_type":"Reservoir","lat":22.38222100,"long":73.55500000,"agency_name":"Gujarat","agency_id":null,"state_name":"Gujarat","state_code":"GJ","district__name":"Panch Mahals","district__code":"NULL","block__name":"Halol","block__code":"NULL","basin__name":"Mahi Basin","basin_code":"NULL","sub_basin__name":"Mahi Lower","sub_basin__code":"NULL","created_date":"10/26/2021 12:00:08 AM","remarks":"15","remarks1":"NULL","remarks2":"89.65","remarks3":"0.06795","year":"NULL","remarks_":"NULL","remarks__":"NULL","remarks2_":"NULL","remarks3_":"NULL"}},
{"type":"Feature","geometry":{"type":"Point","coordinates":[72.85390000,24.00440000]},"properties":{"GmlID":"Reservoir_Station.598","objectid":598,"station_id":"null","station_code":"8072761b-d264-4b05-aae2-7a318125d162","station_name":"Dharoi","station_type":"Reservoir","lat":24.00440000,"long":72.85390000,"agency_name":"Gujarat","agency_id":null,"state_name":"Gujarat","state_code":"GJ","district__name":"Mahesana","district__code":"NULL","block__name":"Satlasana","block__code":"NULL","basin__name":"Sabarmati Basin","basin_code":"NULL","sub_basin__name":"Sabarmati Upper","sub_basin__code":"NULL","created_date":"10/26/2021 12:00:08 AM","remarks":"13","remarks1":"NULL","remarks2":"189.59","remarks3":"0.81314","year":"NULL","remarks_":"NULL","remarks__":"NULL","remarks2_":"NULL","remarks3_":"NULL"}},
{"type":"Feature","geometry":{"type":"Point","coordinates":[70.99060000,22.02860000]},"properties":{"GmlID":"Reservoir_Station.599","objectid":599,"station_id":"null","station_code":"57f7ebfe-e2a5-4391-87f9-cf1682fb9849","station_name":"Karmal","station_type":"Reservoir","lat":22.02860000,"long":70.99060000,"agency_name":"Gujarat","agency_id":null,"state_name":"Gujarat","state_code":"GJ","district__name":"Rajkot","district__code":"NULL","block__name":"Gondal","block__code":"NULL","basin__name":"West flowing rivers of Kutch and Saurashtra including Luni Basin","basin_code":"NULL","sub_basin__name":"Bhadar and other west flowing rivers","sub_basin__code":"NULL","created_date":"10/26/2021 12:00:08 AM","remarks":"155","remarks1":"NULL","remarks2":"169","remarks3":"0.0127","year":"NULL","remarks_":"NULL","remarks__":"NULL","remarks2_":"NULL","remarks3_":"NULL"}},
{"type":"Feature","geometry":{"type":"Point","coordinates":[71.11210000,21.94360000]},"properties":{"GmlID":"Reservoir_Station.600","objectid":600,"station_id":"null","station_code":"1b2ae685-32c8-4645-b282-e728a7c5074e","station_name":"Karnuki","station_type":"Reservoir","lat":21.94360000,"long":71.11210000,"agency_name":"Gujarat","agency_id":null,"state_name":"Gujarat","state_code":"GJ","district__name":"Rajkot","district__code":"NULL","block__name":"Jasdan","block__code":"NULL","basin__name":"West flowing rivers of Kutch and Saurashtra including Luni Basin","basin_code":"NULL","sub_basin__name":"Bhadar and other west flowing rivers","sub_basin__code":"NULL","created_date":"10/26/2021 12:00:08 AM","remarks":"157","remarks1":"NULL","remarks2":"164.5","remarks3":"0.00854","year":"NULL","remarks_":"NULL","remarks__":"NULL","remarks2_":"NULL","remarks3_":"NULL"}},
{"type":"Feature","geometry":{"type":"Point","coordinates":[70.69900000,22.03963000]},"properties":{"GmlID":"Reservoir_Station.601","objectid":601,"station_id":"null","station_code":"16849739-2be7-4285-9562-a1a84b6de6bc","station_name":"Kabir-Sarovar","station_type":"Reservoir","lat":22.03963000,"long":70.69900000,"agency_name":"Gujarat","agency_id":null,"state_name":"Gujarat","state_code":"GJ","district__name":"Rajkot","district__code":"NULL","block__name":"Gondal","block__code":"NULL","basin__name":"West flowing rivers of Kutch and Saurashtra including Luni Basin","basin_code":"NULL","sub_basin__name":"Bhadar and other west flowing rivers","sub_basin__code":"NULL","created_date":"10/26/2021 12:00:08 AM","remarks":"179","remarks1":"NULL","remarks2":"32.45","remarks3":"0.00649","year":"NULL","remarks_":"NULL","remarks__":"NULL","remarks2_":"NULL","remarks3_":"NULL"}},
{"type":"Feature","geometry":{"type":"Point","coordinates":[72.19850000,21.47056000]},"properties":{"GmlID":"Reservoir_Station.602","objectid":602,"station_id":"null","station_code":"504b6198-05b9-4d0d-9617-bebb29e7a206","station_name":"Jaspara-Mandva","station_type":"Reservoir","lat":21.47056000,"long":72.19850000,"agency_name":"Gujarat","agency_id":null,"state_name":"Gujarat","state_code":"GJ","district__name":"Bhavnagar","district__code":"NULL","block__name":"Talaja","block__code":"NULL","basin__name":"West flowing rivers of Kutch and Saurashtra including Luni Basin","basin_code":"NULL","sub_basin__name":"Shetranjuli and other east flowing rivers","sub_basin__code":"NULL","created_date":"10/26/2021 12:00:08 AM","remarks":"196","remarks1":"NULL","remarks2":"40.25","remarks3":"0.00372","year":"NULL","remarks_":"NULL","remarks__":"NULL","remarks2_":"NULL","remarks3_":"NULL"}},
{"type":"Feature","geometry":{"type":"Point","coordinates":[73.01130000,23.31110000]},"properties":{"GmlID":"Reservoir_Station.603","objectid":603,"station_id":"null","station_code":"edb0c161-4634-4b4c-b8c9-add880c218eb","station_name":"Javanpura","station_type":"Reservoir","lat":23.31110000,"long":73.01130000,"agency_name":"Gujarat","agency_id":null,"state_name":"Gujarat","state_code":"GJ","district__name":"Sabar Kantha","district__code":"NULL","block__name":"Talod","block__code":"NULL","basin__name":"Sabarmati Basin","basin_code":"NULL","sub_basin__name":"Sabarmati Upper","sub_basin__code":"NULL","created_date":"10/26/2021 12:00:08 AM","remarks":"32","remarks1":"NULL","remarks2":"91","remarks3":"0.0025","year":"NULL","remarks_":"NULL","remarks__":"NULL","remarks2_":"NULL","remarks3_":"NULL"}},
{"type":"Feature","geometry":{"type":"Point","coordinates":[73.38777800,20.71222200]},"properties":{"GmlID":"Reservoir_Station.604","objectid":604,"station_id":"null","station_code":"9d1a1c6a-177f-4e41-87fc-868c13b95561","station_name":"Jhuj","station_type":"Reservoir","lat":20.71222200,"long":73.38777800,"agency_name":"Gujarat","agency_id":null,"state_name":"Gujarat","state_code":"GJ","district__name":"Navsari","district__code":"NULL","block__name":"Bansda","block__code":"NULL","basin__name":"West flowing rivers from Tapi to Tadri Basin","basin_code":"NULL","sub_basin__name":"Bhatsol and others","sub_basin__code":"NULL","created_date":"10/26/2021 12:00:08 AM","remarks":"43","remarks1":"NULL","remarks2":"167.5","remarks3":"0.02865","year":"NULL","remarks_":"NULL","remarks__":"NULL","remarks2_":"NULL","remarks3_":"NULL"}},
{"type":"Feature","geometry":{"type":"Point","coordinates":[69.85299200,22.06916500]},"properties":{"GmlID":"Reservoir_Station.605","objectid":605,"station_id":"null","station_code":"f14f2cb3-e496-4278-94c5-d07145cca3e6","station_name":"Kabarka","station_type":"Reservoir","lat":22.06916500,"long":69.85299200,"agency_name":"Gujarat","agency_id":null,"state_name":"Gujarat","state_code":"GJ","district__name":"Devbhumi Dwarka","district__code":"NULL","block__name":"Bhanvad","block__code":"NULL","basin__name":"West flowing rivers of Kutch and Saurashtra including Luni Basin","basin_code":"NULL","sub_basin__name":"Bhadar and other west flowing rivers","sub_basin__code":"NULL","created_date":"10/26/2021 12:00:08 AM","remarks":"123","remarks1":"NULL","remarks2":"96.85","remarks3":"0.0043","year":"NULL","remarks_":"NULL","remarks__":"NULL","remarks2_":"NULL","remarks3_":"NULL"}},
{"type":"Feature","geometry":{"type":"Point","coordinates":[69.59976100,23.37207300]},"properties":{"GmlID":"Reservoir_Station.606","objectid":606,"station_id":"null","station_code":"f0e2e5af-3238-43ee-b3f6-a50b89bdd22c","station_name":"Kaila","station_type":"Reservoir","lat":23.37207300,"long":69.59976100,"agency_name":"Gujarat","agency_id":null,"state_name":"Gujarat","state_code":"GJ","district__name":"Kachchh","district__code":"NULL","block__name":"Bhuj","block__code":"NULL","basin__name":"West flowing rivers of Kutch and Saurashtra including Luni Basin","basin_code":"NULL","sub_basin__name":"Luni Lower","sub_basin__code":"NULL","created_date":"10/26/2021 12:00:08 AM","remarks":"54","remarks1":"NULL","remarks2":"79.26","remarks3":"0.00895","year":"NULL","remarks_":"NULL","remarks__":"NULL","remarks2_":"NULL","remarks3_":"NULL"}},
{"type":"Feature","geometry":{"type":"Point","coordinates":[69.89746400,23.38097000]},"properties":{"GmlID":"Reservoir_Station.607","objectid":607,"station_id":"null","station_code":"a9e043bd-dede-4b02-b4c3-763cc4a0d3ba","station_name":"Kaswati","station_type":"Reservoir","lat":23.38097000,"long":69.89746400,"agency_name":"Gujarat","agency_id":null,"state_name":"Gujarat","state_code":"GJ","district__name":"Kachchh","district__code":"NULL","block__name":"Bhuj","block__code":"NULL","basin__name":"West flowing rivers of Kutch and Saurashtra including Luni Basin","basin_code":"NULL","sub_basin__name":"Luni Lower","sub_basin__code":"NULL","created_date":"10/26/2021 12:00:08 AM","remarks":"56","remarks1":"NULL","remarks2":"51.2","remarks3":"0.0082","year":"NULL","remarks_":"NULL","remarks__":"NULL","remarks2_":"NULL","remarks3_":"NULL"}},
{"type":"Feature","geometry":{"type":"Point","coordinates":[73.27722200,20.70222200]},"properties":{"GmlID":"Reservoir_Station.608","objectid":608,"station_id":"null","station_code":"a3f3b10d-e67a-47c8-9cf5-49a5c4aeb994","station_name":"Kelia","station_type":"Reservoir","lat":20.70222200,"long":73.27722200,"agency_name":"Gujarat","agency_id":null,"state_name":"Gujarat","state_code":"GJ","district__name":"Navsari","district__code":"NULL","block__name":"Bansda","block__code":"NULL","basin__name":"West flowing rivers from Tapi to Tadri Basin","basin_code":"NULL","sub_basin__name":"Bhatsol and others","sub_basin__code":"NULL","created_date":"10/26/2021 12:00:08 AM","remarks":"44","remarks1":"NULL","remarks2":"113.4","remarks3":"0.01998","year":"NULL","remarks_":"NULL","remarks__":"NULL","remarks2_":"NULL","remarks3_":"NULL"}},
{"type":"Feature","geometry":{"type":"Point","coordinates":[73.10036000,24.08894600]},"properties":{"GmlID":"Reservoir_Station.609","objectid":609,"station_id":"null","station_code":"38ed5ab5-e5b1-4b0a-8bc8-30d46eaa853c","station_name":"Khedva","station_type":"Reservoir","lat":24.08894600,"long":73.10036000,"agency_name":"Gujarat","agency_id":null,"state_name":"Gujarat","state_code":"GJ","district__name":"Sabar Kantha","district__code":"NULL","block__name":"Khedbrahma","block__code":"NULL","basin__name":"Sabarmati Basin","basin_code":"NULL","sub_basin__name":"Sabarmati Upper","sub_basin__code":"NULL","created_date":"10/26/2021 12:00:08 AM","remarks":"197","remarks1":"NULL","remarks2":"259.7","remarks3":"0.00763","year":"NULL","remarks_":"NULL","remarks__":"NULL","remarks2_":"NULL","remarks3_":"NULL"}},
{"type":"Feature","geometry":{"type":"Point","coordinates":[73.35250000,21.32750000]},"properties":{"GmlID":"Reservoir_Station.610","objectid":610,"station_id":"null","station_code":"201b93df-9b49-421c-9eef-0add1c42a073","station_name":"Lakhigam","station_type":"Reservoir","lat":21.32750000,"long":73.35250000,"agency_name":"Gujarat","agency_id":null,"state_name":"Gujarat","state_code":"GJ","district__name":"Surat","district__code":"NULL","block__name":"Mandvi","block__code":"NULL","basin__name":"Tapi Basin","basin_code":"NULL","sub_basin__name":"Tapi Lower","sub_basin__code":"NULL","created_date":"10/26/2021 12:00:08 AM","remarks":"39","remarks1":"NULL","remarks2":"74.1","remarks3":"0.00489","year":"NULL","remarks_":"NULL","remarks__":"NULL","remarks2_":"NULL","remarks3_":"NULL"}},
{"type":"Feature","geometry":{"type":"Point","coordinates":[71.45720000,22.46220000]},"properties":{"GmlID":"Reservoir_Station.611","objectid":611,"station_id":"null","station_code":"b7237eea-a0cd-4cc6-ade5-eed0f77ffa85","station_name":"Lim-Bhogavo-I","station_type":"Reservoir","lat":22.46220000,"long":71.45720000,"agency_name":"Gujarat","agency_id":null,"state_name":"Gujarat","state_code":"GJ","district__name":"Surendranagar","district__code":"NULL","block__name":"Sayla","block__code":"NULL","basin__name":"Sabarmati Basin","basin_code":"NULL","sub_basin__name":"Sabarmati Lower","sub_basin__code":"NULL","created_date":"10/26/2021 12:00:08 AM","remarks":"190","remarks1":"NULL","remarks2":"46.02","remarks3":"0.02243","year":"NULL","remarks_":"NULL","remarks__":"NULL","remarks2_":"NULL","remarks3_":"NULL"}},
{"type":"Feature","geometry":{"type":"Point","coordinates":[71.63410000,21.22320000]},"properties":{"GmlID":"Reservoir_Station.612","objectid":612,"station_id":"null","station_code":"ec040784-eda4-4b13-80b6-4002697324ee","station_name":"Malan","station_type":"Reservoir","lat":21.22320000,"long":71.63410000,"agency_name":"Gujarat","agency_id":null,"state_name":"Gujarat","state_code":"GJ","district__name":"Bhavnagar","district__code":"NULL","block__name":"Mahuva","block__code":"NULL","basin__name":"West flowing rivers of Kutch and Saurashtra including Luni Basin","basin_code":"NULL","sub_basin__name":"Shetranjuli and other east flowing rivers","sub_basin__code":"NULL","created_date":"10/26/2021 12:00:08 AM","remarks":"81","remarks1":"NULL","remarks2":"104.25","remarks3":"0.01144","year":"NULL","remarks_":"NULL","remarks__":"NULL","remarks2_":"NULL","remarks3_":"NULL"}},
{"type":"Feature","geometry":{"type":"Point","coordinates":[74.06777500,22.77360900]},"properties":{"GmlID":"Reservoir_Station.613","objectid":613,"station_id":"null","station_code":"7a4469b6-5ee6-4c54-88aa-c8afddfdd7cd","station_name":"Umaria","station_type":"Reservoir","lat":22.77360900,"long":74.06777500,"agency_name":"Gujarat","agency_id":null,"state_name":"Gujarat","state_code":"GJ","district__name":"Dohad","district__code":"NULL","block__name":"Limkheda","block__code":"NULL","basin__name":"Mahi Basin","basin_code":"NULL","sub_basin__name":"Mahi Lower","sub_basin__code":"NULL","created_date":"10/26/2021 12:00:08 AM","remarks":"24","remarks1":"NULL","remarks2":"280","remarks3":"0.01354","year":"NULL","remarks_":"NULL","remarks__":"NULL","remarks2_":"NULL","remarks3_":"NULL"}},
{"type":"Feature","geometry":{"type":"Point","coordinates":[73.92631500,22.97022800]},"properties":{"GmlID":"Reservoir_Station.614","objectid":614,"station_id":"null","station_code":"1d27e393-8ecd-43c0-bcb1-98b67c7fcb8f","station_name":"Kabutari","station_type":"Reservoir","lat":22.97022800,"long":73.92631500,"agency_name":"Gujarat","agency_id":null,"state_name":"Gujarat","state_code":"GJ","district__name":"Dohad","district__code":"NULL","block__name":"Limkheda","block__code":"NULL","basin__name":"Mahi Basin","basin_code":"NULL","sub_basin__name":"Mahi Lower","sub_basin__code":"NULL","created_date":"10/26/2021 12:00:08 AM","remarks":"22","remarks1":"NULL","remarks2":"186.3","remarks3":"0.00958","year":"NULL","remarks_":"NULL","remarks__":"NULL","remarks2_":"NULL","remarks3_":"NULL"}},
{"type":"Feature","geometry":{"type":"Point","coordinates":[71.54460000,21.86380000]},"properties":{"GmlID":"Reservoir_Station.615","objectid":615,"station_id":"null","station_code":"bb4b368c-a746-4fbd-a7bd-f0cdf3961de0","station_name":"Malpara","station_type":"Reservoir","lat":21.86380000,"long":71.54460000,"agency_name":"Gujarat","agency_id":null,"state_name":"Gujarat","state_code":"GJ","district__name":"Botad","district__code":"NULL","block__name":"Gadhada","block__code":"NULL","basin__name":"West flowing rivers of Kutch and Saurashtra including Luni Basin","basin_code":"NULL","sub_basin__name":"Shetranjuli and other east flowing rivers","sub_basin__code":"NULL","created_date":"10/26/2021 12:00:08 AM","remarks":"79","remarks1":"NULL","remarks2":"78.1","remarks3":"0.0069","year":"NULL","remarks_":"NULL","remarks__":"NULL","remarks2_":"NULL","remarks3_":"NULL"}},
{"type":"Feature","geometry":{"type":"Point","coordinates":[71.66310000,22.55330000]},"properties":{"GmlID":"Reservoir_Station.616","objectid":616,"station_id":"null","station_code":"7fd2b55d-079e-4e2a-9eb8-5e527f87b10c","station_name":"Lim-Bhogavo-II","station_type":"Reservoir","lat":22.55330000,"long":71.66310000,"agency_name":"Gujarat","agency_id":null,"state_name":"Gujarat","state_code":"GJ","district__name":"Surendranagar","district__code":"NULL","block__name":"Wadhwan","block__code":"NULL","basin__name":"Sabarmati Basin","basin_code":"NULL","sub_basin__name":"Sabarmati Lower","sub_basin__code":"NULL","created_date":"10/26/2021 12:00:08 AM","remarks":"187","remarks1":"NULL","remarks2":"76","remarks3":"0.01517","year":"NULL","remarks_":"NULL","remarks__":"NULL","remarks2_":"NULL","remarks3_":"NULL"}},
{"type":"Feature","geometry":{"type":"Point","coordinates":[71.42190000,22.02020000]},"properties":{"GmlID":"Reservoir_Station.617","objectid":617,"station_id":"null","station_code":"baa86443-4e97-4f67-bc34-67c7dfff355a","station_name":"Malgadh","station_type":"Reservoir","lat":22.02020000,"long":71.42190000,"agency_name":"Gujarat","agency_id":null,"state_name":"Gujarat","state_code":"GJ","district__name":"Rajkot","district__code":"NULL","block__name":"Vinchhiya","block__code":"NULL","basin__name":"West flowing rivers of Kutch and Saurashtra including Luni Basin","basin_code":"NULL","sub_basin__name":"Shetranjuli and other east flowing rivers","sub_basin__code":"NULL","created_date":"10/26/2021 12:00:08 AM","remarks":"181","remarks1":"NULL","remarks2":"159.37","remarks3":"0.00264","year":"NULL","remarks_":"NULL","remarks__":"NULL","remarks2_":"NULL","remarks3_":"NULL"}},
{"type":"Feature","geometry":{"type":"Point","coordinates":[70.07840000,21.51310000]},"properties":{"GmlID":"Reservoir_Station.618","objectid":618,"station_id":"null","station_code":"68653271-bdf3-4af7-b4b6-7ef11c9d3c5e","station_name":"Kharo","station_type":"Reservoir","lat":21.51310000,"long":70.07840000,"agency_name":"Gujarat","agency_id":null,"state_name":"Gujarat","state_code":"GJ","district__name":"Junagadh","district__code":"NULL","block__name":"Manavadar","block__code":"NULL","basin__name":"West flowing rivers of Kutch and Saurashtra including Luni Basin","basin_code":"NULL","sub_basin__name":"Bhadar and other west flowing rivers","sub_basin__code":"NULL","created_date":"10/26/2021 12:00:08 AM","remarks":"80","remarks1":"NULL","remarks2":"54.12","remarks3":"0.01224","year":"NULL","remarks_":"NULL","remarks__":"NULL","remarks2_":"NULL","remarks3_":"NULL"}},
{"type":"Feature","geometry":{"type":"Point","coordinates":[70.61350000,22.55540000]},"properties":{"GmlID":"Reservoir_Station.619","objectid":619,"station_id":"null","station_code":"c8fa27ea-f273-4756-97da-44d34a59652d","station_name":"Khodapipar","station_type":"Reservoir","lat":22.55540000,"long":70.61350000,"agency_name":"Gujarat","agency_id":null,"state_name":"Gujarat","state_code":"GJ","district__name":"Rajkot","district__code":"NULL","block__name":"Paddhari","block__code":"NULL","basin__name":"West flowing rivers of Kutch and Saurashtra including Luni Basin","basin_code":"NULL","sub_basin__name":"Drainage of Rann","sub_basin__code":"NULL","created_date":"10/26/2021 12:00:08 AM","remarks":"168","remarks1":"NULL","remarks2":"55.27","remarks3":"0.003","year":"NULL","remarks_":"NULL","remarks__":"NULL","remarks2_":"NULL","remarks3_":"NULL"}},
{"type":"Feature","geometry":{"type":"Point","coordinates":[71.04570000,21.35680000]},"properties":{"GmlID":"Reservoir_Station.620","objectid":620,"station_id":"null","station_code":"1857fc3c-a9fe-4f60-a7cb-689662bbcef0","station_name":"Khodiyar","station_type":"Reservoir","lat":21.35680000,"long":71.04570000,"agency_name":"Gujarat","agency_id":null,"state_name":"Gujarat","state_code":"GJ","district__name":"Amreli","district__code":"NULL","block__name":"Dhari","block__code":"NULL","basin__name":"West flowing rivers of Kutch and Saurashtra including Luni Basin","basin_code":"NULL","sub_basin__name":"Shetranjuli and other east flowing rivers","sub_basin__code":"NULL","created_date":"10/26/2021 12:00:08 AM","remarks":"65","remarks1":"NULL","remarks2":"202.68","remarks3":"0.02994","year":"NULL","remarks_":"NULL","remarks__":"NULL","remarks2_":"NULL","remarks3_":"NULL"}},
{"type":"Feature","geometry":{"type":"Point","coordinates":[72.13600000,21.69770000]},"properties":{"GmlID":"Reservoir_Station.621","objectid":621,"station_id":"null","station_code":"e95d049d-352f-477e-9cf9-0baaa322e07b","station_name":"Lakhanka","station_type":"Reservoir","lat":21.69770000,"long":72.13600000,"agency_name":"Gujarat","agency_id":null,"state_name":"Gujarat","state_code":"GJ","district__name":"Bhavnagar","district__code":"NULL","block__name":"Bhavnagar","block__code":"NULL","basin__name":"West flowing rivers of Kutch and Saurashtra including Luni Basin","basin_code":"NULL","sub_basin__name":"Shetranjuli and other east flowing rivers","sub_basin__code":"NULL","created_date":"10/26/2021 12:00:08 AM","remarks":"84","remarks1":"NULL","remarks2":"44.22","remarks3":"0.00368","year":"NULL","remarks_":"NULL","remarks__":"NULL","remarks2_":"NULL","remarks3_":"NULL"}},
{"type":"Feature","geometry":{"type":"Point","coordinates":[72.17883000,23.05826500]},"properties":{"GmlID":"Reservoir_Station.622","objectid":622,"station_id":"null","station_code":"33fd9ceb-3728-4ab0-8117-eda56b6edfef","station_name":"Machchhanala","station_type":"Reservoir","lat":23.05826500,"long":72.17883000,"agency_name":"Gujarat","agency_id":null,"state_name":"Gujarat","state_code":"GJ","district__name":"Ahmadabad","district__code":"NULL","block__name":"Viramgam","block__code":"NULL","basin__name":"Sabarmati Basin","basin_code":"NULL","sub_basin__name":"Sabarmati Lower","sub_basin__code":"NULL","created_date":"10/26/2021 12:00:08 AM","remarks":"21","remarks1":"NULL","remarks2":"277.64","remarks3":"0.02775","year":"NULL","remarks_":"NULL","remarks__":"NULL","remarks2_":"NULL","remarks3_":"NULL"}},
{"type":"Feature","geometry":{"type":"Point","coordinates":[71.47270000,22.67500000]},"properties":{"GmlID":"Reservoir_Station.623","objectid":623,"station_id":"null","station_code":"98f32fb4-d51c-4c10-b033-bf7f1632a120","station_name":"Nyka","station_type":"Reservoir","lat":22.67500000,"long":71.47270000,"agency_name":"Gujarat","agency_id":null,"state_name":"Gujarat","state_code":"GJ","district__name":"Surendranagar","district__code":"NULL","block__name":"Muli","block__code":"NULL","basin__name":"Sabarmati Basin","basin_code":"NULL","sub_basin__name":"Sabarmati Lower","sub_basin__code":"NULL","created_date":"10/26/2021 12:00:08 AM","remarks":"183","remarks1":"NULL","remarks2":"101.8","remarks3":"0.01371","year":"NULL","remarks_":"NULL","remarks__":"NULL","remarks2_":"NULL","remarks3_":"NULL"}},
{"type":"Feature","geometry":{"type":"Point","coordinates":[70.79200000,22.90650000]},"properties":{"GmlID":"Reservoir_Station.624","objectid":624,"station_id":"null","station_code":"4df25fcb-63df-425d-ba5c-a2d55c8f3431","station_name":"Machchhu-III","station_type":"Reservoir","lat":22.90650000,"long":70.79200000,"agency_name":"Gujarat","agency_id":null,"state_name":"Gujarat","state_code":"GJ","district__name":"Morbi","district__code":"NULL","block__name":"Morbi","block__code":"NULL","basin__name":"West flowing rivers of Kutch and Saurashtra including Luni Basin","basin_code":"NULL","sub_basin__name":"Saraswati","sub_basin__code":"NULL","created_date":"10/26/2021 12:00:08 AM","remarks":"203","remarks1":"NULL","remarks2":"28.7","remarks3":"0.00799","year":"NULL","remarks_":"NULL","remarks__":"NULL","remarks2_":"NULL","remarks3_":"NULL"}},
{"type":"Feature","geometry":{"type":"Point","coordinates":[70.93280000,20.97860000]},"properties":{"GmlID":"Reservoir_Station.625","objectid":625,"station_id":"null","station_code":"77efdc0b-e564-4de8-89d3-65067cfd7241","station_name":"Machhundri","station_type":"Reservoir","lat":20.97860000,"long":70.93280000,"agency_name":"Gujarat","agency_id":null,"state_name":"Gujarat","state_code":"GJ","district__name":"Gir Somnath","district__code":"NULL","block__name":"Girgadhada","block__code":"NULL","basin__name":"West flowing rivers of Kutch and Saurashtra including Luni Basin","basin_code":"NULL","sub_basin__name":"Shetranjuli and other east flowing rivers","sub_basin__code":"NULL","created_date":"10/26/2021 12:00:08 AM","remarks":"127","remarks1":"NULL","remarks2":"109.5","remarks3":"0.03184","year":"NULL","remarks_":"NULL","remarks__":"NULL","remarks2_":"NULL","remarks3_":"NULL"}},
{"type":"Feature","geometry":{"type":"Point","coordinates":[70.48730000,21.26050000]},"properties":{"GmlID":"Reservoir_Station.626","objectid":626,"station_id":"null","station_code":"f5979a3c-ffe9-4460-92ed-07a0a4db1f16","station_name":"Madhuvanti","station_type":"Reservoir","lat":21.26050000,"long":70.48730000,"agency_name":"Gujarat","agency_id":null,"state_name":"Gujarat","state_code":"GJ","district__name":"Junagadh","district__code":"NULL","block__name":"Mendarda","block__code":"NULL","basin__name":"West flowing rivers of Kutch and Saurashtra including Luni Basin","basin_code":"NULL","sub_basin__name":"Bhadar and other west flowing rivers","sub_basin__code":"NULL","created_date":"10/26/2021 12:00:08 AM","remarks":"129","remarks1":"NULL","remarks2":"165.19","remarks3":"0.01165","year":"NULL","remarks_":"NULL","remarks__":"NULL","remarks2_":"NULL","remarks3_":"NULL"}},
{"type":"Feature","geometry":{"type":"Point","coordinates":[69.17220000,23.43440000]},"properties":{"GmlID":"Reservoir_Station.627","objectid":627,"station_id":"null","station_code":"58068983-7760-48a2-a5b2-16d45a7c5c85","station_name":"Mathal","station_type":"Reservoir","lat":23.43440000,"long":69.17220000,"agency_name":"Gujarat","agency_id":null,"state_name":"Gujarat","state_code":"GJ","district__name":"Kachchh","district__code":"NULL","block__name":"Nakhtarana","block__code":"NULL","basin__name":"West flowing rivers of Kutch and Saurashtra including Luni Basin","basin_code":"NULL","sub_basin__name":"Luni Lower","sub_basin__code":"NULL","created_date":"10/26/2021 12:00:08 AM","remarks":"53","remarks1":"NULL","remarks2":"83.18","remarks3":"0.01229","year":"NULL","remarks_":"NULL","remarks__":"NULL","remarks2_":"NULL","remarks3_":"NULL"}},
{"type":"Feature","geometry":{"type":"Point","coordinates":[73.53642900,21.81552100]},"properties":{"GmlID":"Reservoir_Station.628","objectid":628,"station_id":"null","station_code":"4db29caf-871f-4b8d-832f-8901f609e94e","station_name":"Karjan","station_type":"Reservoir","lat":21.81552100,"long":73.53642900,"agency_name":"Gujarat","agency_id":null,"state_name":"Gujarat","state_code":"GJ","district__name":"Narmada","district__code":"NULL","block__name":"Nandod","block__code":"NULL","basin__name":"Narmada Basin","basin_code":"NULL","sub_basin__name":"Narmada Lower","sub_basin__code":"NULL","created_date":"10/26/2021 12:00:08 AM","remarks":"6","remarks1":"NULL","remarks2":"115.25","remarks3":"0.53875","year":"NULL","remarks_":"NULL","remarks__":"NULL","remarks2_":"NULL","remarks3_":"NULL"}},
{"type":"Feature","geometry":{"type":"Point","coordinates":[70.75368800,21.49556500]},"properties":{"GmlID":"Reservoir_Station.629","objectid":629,"station_id":"null","station_code":"3b714b66-c2ae-4c47-bd7e-0f0d66675b24","station_name":"Mota-Gujariya","station_type":"Reservoir","lat":21.49556500,"long":70.75368800,"agency_name":"Gujarat","agency_id":null,"state_name":"Gujarat","state_code":"GJ","district__name":"Junagadh","district__code":"NULL","block__name":"Bhesan","block__code":"NULL","basin__name":"West flowing rivers of Kutch and Saurashtra including Luni Basin","basin_code":"NULL","sub_basin__name":"Bhadar and other west flowing rivers","sub_basin__code":"NULL","created_date":"10/26/2021 12:00:08 AM","remarks":"139","remarks1":"NULL","remarks2":"140.02","remarks3":"0.00764","year":"NULL","remarks_":"NULL","remarks__":"NULL","remarks2_":"NULL","remarks3_":"NULL"}},
{"type":"Feature","geometry":{"type":"Point","coordinates":[72.62777800,24.04000000]},"properties":{"GmlID":"Reservoir_Station.630","objectid":630,"station_id":"null","station_code":"3bb8e28a-0f97-4292-b835-28a97dcd2294","station_name":"Mukteshwar","station_type":"Reservoir","lat":24.04000000,"long":72.62777800,"agency_name":"Gujarat","agency_id":null,"state_name":"Gujarat","state_code":"GJ","district__name":"Banas Kantha","district__code":"NULL","block__name":"Vadgam","block__code":"NULL","basin__name":"West flowing rivers of Kutch and Saurashtra including Luni Basin","basin_code":"NULL","sub_basin__name":"Saraswati","sub_basin__code":"NULL","created_date":"10/26/2021 12:00:08 AM","remarks":"3","remarks1":"NULL","remarks2":"201.65","remarks3":"0.03146","year":"NULL","remarks_":"NULL","remarks__":"NULL","remarks2_":"NULL","remarks3_":"NULL"}},
{"type":"Feature","geometry":{"type":"Point","coordinates":[70.70900000,22.03950000]},"properties":{"GmlID":"Reservoir_Station.631","objectid":631,"station_id":"null","station_code":"198df8c6-344b-4eba-8543-1a564ab8656b","station_name":"Motisar","station_type":"Reservoir","lat":22.03950000,"long":70.70900000,"agency_name":"Gujarat","agency_id":null,"state_name":"Gujarat","state_code":"GJ","district__name":"Rajkot","district__code":"NULL","block__name":"Gondal","block__code":"NULL","basin__name":"West flowing rivers of Kutch and Saurashtra including Luni Basin","basin_code":"NULL","sub_basin__name":"Bhadar and other west flowing rivers","sub_basin__code":"NULL","created_date":"10/26/2021 12:00:08 AM","remarks":"167","remarks1":"NULL","remarks2":"143","remarks3":"0.00258","year":"NULL","remarks_":"NULL","remarks__":"NULL","remarks2_":"NULL","remarks3_":"NULL"}},
{"type":"Feature","geometry":{"type":"Point","coordinates":[69.12140000,23.64280000]},"properties":{"GmlID":"Reservoir_Station.632","objectid":632,"station_id":"null","station_code":"85e2f9aa-5c80-4556-a072-69b59faa7bb6","station_name":"Nara","station_type":"Reservoir","lat":23.64280000,"long":69.12140000,"agency_name":"Gujarat","agency_id":null,"state_name":"Gujarat","state_code":"GJ","district__name":"Kachchh","district__code":"NULL","block__name":"Lakhpat","block__code":"NULL","basin__name":"West flowing rivers of Kutch and Saurashtra including Luni Basin","basin_code":"NULL","sub_basin__name":"Luni Lower","sub_basin__code":"NULL","created_date":"10/26/2021 12:00:08 AM","remarks":"49","remarks1":"NULL","remarks2":"27.43","remarks3":"0.0397","year":"NULL","remarks_":"NULL","remarks__":"NULL","remarks2_":"NULL","remarks3_":"NULL"}},
{"type":"Feature","geometry":{"type":"Point","coordinates":[69.49440000,23.44030000]},"properties":{"GmlID":"Reservoir_Station.633","objectid":633,"station_id":"null","station_code":"b8c9c3c7-e7e7-43f8-81df-b7baf52387d5","station_name":"Niruna","station_type":"Reservoir","lat":23.44030000,"long":69.49440000,"agency_name":"Gujarat","agency_id":null,"state_name":"Gujarat","state_code":"GJ","district__name":"Kachchh","district__code":"NULL","block__name":"Nakhtarana","block__code":"NULL","basin__name":"West flowing rivers of Kutch and Saurashtra including Luni Basin","basin_code":"NULL","sub_basin__name":"Luni Lower","sub_basin__code":"NULL","created_date":"10/26/2021 12:00:08 AM","remarks":"50","remarks1":"NULL","remarks2":"43.58","remarks3":"0.02717","year":"NULL","remarks_":"NULL","remarks__":"NULL","remarks2_":"NULL","remarks3_":"NULL"}},
{"type":"Feature","geometry":{"type":"Point","coordinates":[70.67290000,22.37020000]},"properties":{"GmlID":"Reservoir_Station.634","objectid":634,"station_id":"null","station_code":"32c1e010-7185-42b6-9a84-0f10358c92e9","station_name":"Nyari-II","station_type":"Reservoir","lat":22.37020000,"long":70.67290000,"agency_name":"Gujarat","agency_id":null,"state_name":"Gujarat","state_code":"GJ","district__name":"Rajkot","district__code":"NULL","block__name":"Paddhari","block__code":"NULL","basin__name":"West flowing rivers of Kutch and Saurashtra including Luni Basin","basin_code":"NULL","sub_basin__name":"Drainage of Rann","sub_basin__code":"NULL","created_date":"10/26/2021 12:00:08 AM","remarks":"154","remarks1":"NULL","remarks2":"88.5","remarks3":"0.01225","year":"NULL","remarks_":"NULL","remarks__":"NULL","remarks2_":"NULL","remarks3_":"NULL"}},
{"type":"Feature","geometry":{"type":"Point","coordinates":[70.37210100,21.45841500]},"properties":{"GmlID":"Reservoir_Station.635","objectid":635,"station_id":"null","station_code":"91071bc0-6835-46ed-89f6-00cdd280670f","station_name":"Ozat-Weir","station_type":"Reservoir","lat":21.45841500,"long":70.37210100,"agency_name":"Gujarat","agency_id":null,"state_name":"Gujarat","state_code":"GJ","district__name":"Junagadh","district__code":"NULL","block__name":"Vanthali","block__code":"NULL","basin__name":"West flowing rivers of Kutch and Saurashtra including Luni Basin","basin_code":"NULL","sub_basin__name":"Bhadar and other west flowing rivers","sub_basin__code":"NULL","created_date":"10/26/2021 12:00:08 AM","remarks":"137","remarks1":"NULL","remarks2":"32.8","remarks3":"0.00195","year":"NULL","remarks_":"NULL","remarks__":"NULL","remarks2_":"NULL","remarks3_":"NULL"}},
{"type":"Feature","geometry":{"type":"Point","coordinates":[71.02882100,22.25136800]},"properties":{"GmlID":"Reservoir_Station.636","objectid":636,"station_id":"null","station_code":"11b78def-7a76-48b0-9806-f21553818dca","station_name":"Phadangbeti","station_type":"Reservoir","lat":22.25136800,"long":71.02882100,"agency_name":"Gujarat","agency_id":null,"state_name":"Gujarat","state_code":"GJ","district__name":"Rajkot","district__code":"NULL","block__name":"Rajkot","block__code":"NULL","basin__name":"West flowing rivers of Kutch and Saurashtra including Luni Basin","basin_code":"NULL","sub_basin__name":"Saraswati","sub_basin__code":"NULL","created_date":"10/26/2021 12:00:08 AM","remarks":"176","remarks1":"NULL","remarks2":"189.25","remarks3":"0.00589","year":"NULL","remarks_":"NULL","remarks__":"NULL","remarks2_":"NULL","remarks3_":"NULL"}},
{"type":"Feature","geometry":{"type":"Point","coordinates":[69.91478000,21.90093000]},"properties":{"GmlID":"Reservoir_Station.637","objectid":637,"station_id":"null","station_code":"763025eb-9a4f-4fef-8bf6-75a7269d148b","station_name":"Minsar (V)","station_type":"Reservoir","lat":21.90093000,"long":69.91478000,"agency_name":"Gujarat","agency_id":null,"state_name":"Gujarat","state_code":"GJ","district__name":"Devbhumi Dwarka","district__code":"NULL","block__name":"Bhanvad","block__code":"NULL","basin__name":"West flowing rivers of Kutch and Saurashtra including Luni Basin","basin_code":"NULL","sub_basin__name":"Bhadar and other west flowing rivers","sub_basin__code":"NULL","created_date":"10/26/2021 12:00:08 AM","remarks":"195","remarks1":"NULL","remarks2":"91.8","remarks3":"0.00585","year":"NULL","remarks_":"NULL","remarks__":"NULL","remarks2_":"NULL","remarks3_":"NULL"}},
{"type":"Feature","geometry":{"type":"Point","coordinates":[68.83070000,23.33760000]},"properties":{"GmlID":"Reservoir_Station.638","objectid":638,"station_id":"null","station_code":"fdf3c5bc-720d-49e7-a258-1bb3c99d4df5","station_name":"Mitti","station_type":"Reservoir","lat":23.33760000,"long":68.83070000,"agency_name":"Gujarat","agency_id":null,"state_name":"Gujarat","state_code":"GJ","district__name":"Kachchh","district__code":"NULL","block__name":"Abdasa","block__code":"NULL","basin__name":"West flowing rivers of Kutch and Saurashtra including Luni Basin","basin_code":"NULL","sub_basin__name":"Drainage of Rann","sub_basin__code":"NULL","created_date":"10/26/2021 12:00:08 AM","remarks":"64","remarks1":"NULL","remarks2":"18.65","remarks3":"0.02024","year":"NULL","remarks_":"NULL","remarks__":"NULL","remarks2_":"NULL","remarks3_":"NULL"}},
{"type":"Feature","geometry":{"type":"Point","coordinates":[70.30302400,21.46740600]},"properties":{"GmlID":"Reservoir_Station.639","objectid":639,"station_id":"null","station_code":"436f911d-3d1f-4000-aedc-f99e6042b3ba","station_name":"Ozat-Weir(Vanthali)","station_type":"Reservoir","lat":21.46740600,"long":70.30302400,"agency_name":"Gujarat","agency_id":null,"state_name":"Gujarat","state_code":"GJ","district__name":"Junagadh","district__code":"NULL","block__name":"Vanthali","block__code":"NULL","basin__name":"West flowing rivers of Kutch and Saurashtra including Luni Basin","basin_code":"NULL","sub_basin__name":"Bhadar and other west flowing rivers","sub_basin__code":"NULL","created_date":"10/26/2021 12:00:08 AM","remarks":"138","remarks1":"NULL","remarks2":"27.5","remarks3":"0.00179","year":"NULL","remarks_":"NULL","remarks__":"NULL","remarks2_":"NULL","remarks3_":"NULL"}},
{"type":"Feature","geometry":{"type":"Point","coordinates":[70.27600000,21.83820000]},"properties":{"GmlID":"Reservoir_Station.640","objectid":640,"station_id":"null","station_code":"1dee6bb5-f2be-476f-a866-bafaeee74760","station_name":"Moj","station_type":"Reservoir","lat":21.83820000,"long":70.27600000,"agency_name":"Gujarat","agency_id":null,"state_name":"Gujarat","state_code":"GJ","district__name":"Rajkot","district__code":"NULL","block__name":"Upleta","block__code":"NULL","basin__name":"West flowing rivers of Kutch and Saurashtra including Luni Basin","basin_code":"NULL","sub_basin__name":"Bhadar and other west flowing rivers","sub_basin__code":"NULL","created_date":"10/26/2021 12:00:08 AM","remarks":"152","remarks1":"NULL","remarks2":"72.54","remarks3":"0.03669","year":"NULL","remarks_":"NULL","remarks__":"NULL","remarks2_":"NULL","remarks3_":"NULL"}},
{"type":"Feature","geometry":{"type":"Point","coordinates":[70.91850000,21.47320000]},"properties":{"GmlID":"Reservoir_Station.641","objectid":641,"station_id":"null","station_code":"690613e7-eb19-44dc-9b4d-8fde7a3ded63","station_name":"Munjiasar","station_type":"Reservoir","lat":21.47320000,"long":70.91850000,"agency_name":"Gujarat","agency_id":null,"state_name":"Gujarat","state_code":"GJ","district__name":"Amreli","district__code":"NULL","block__name":"Bagasara","block__code":"NULL","basin__name":"West flowing rivers of Kutch and Saurashtra including Luni Basin","basin_code":"NULL","sub_basin__name":"Shetranjuli and other east flowing rivers","sub_basin__code":"NULL","created_date":"10/26/2021 12:00:08 AM","remarks":"72","remarks1":"NULL","remarks2":"62.94","remarks3":"0.01364","year":"NULL","remarks_":"NULL","remarks__":"NULL","remarks2_":"NULL","remarks3_":"NULL"}},
{"type":"Feature","geometry":{"type":"Point","coordinates":[70.42000000,22.15000000]},"properties":{"GmlID":"Reservoir_Station.642","objectid":642,"station_id":"null","station_code":"8f812578-924c-4ad6-b6e1-d1b86a81d8b6","station_name":"Nyari - I","station_type":"Reservoir","lat":22.15000000,"long":70.42000000,"agency_name":"Gujarat","agency_id":null,"state_name":"Gujarat","state_code":"GJ","district__name":"Jamnagar","district__code":"NULL","block__name":"Kalavad","block__code":"NULL","basin__name":"West flowing rivers of Kutch and Saurashtra including Luni Basin","basin_code":"NULL","sub_basin__name":"Drainage of Rann","sub_basin__code":"NULL","created_date":"10/26/2021 12:00:08 AM","remarks":"161","remarks1":"NULL","remarks2":"104.5","remarks3":"0.03536","year":"NULL","remarks_":"NULL","remarks__":"NULL","remarks2_":"NULL","remarks3_":"NULL"}},
{"type":"Feature","geometry":{"type":"Point","coordinates":[69.78000000,21.79000000]},"properties":{"GmlID":"Reservoir_Station.643","objectid":643,"station_id":"null","station_code":"e2421fe7-81fc-4bab-a445-3e9b79a1601b","station_name":"Phodarness","station_type":"Reservoir","lat":21.79000000,"long":69.78000000,"agency_name":"Gujarat","agency_id":null,"state_name":"Gujarat","state_code":"GJ","district__name":"Porbandar","district__code":"NULL","block__name":"Ranavav","block__code":"NULL","basin__name":"West flowing rivers of Kutch and Saurashtra including Luni Basin","basin_code":"NULL","sub_basin__name":"Bhadar and other west flowing rivers","sub_basin__code":"NULL","created_date":"10/26/2021 12:00:08 AM","remarks":"142","remarks1":"NULL","remarks2":"93.57","remarks3":"0.02365","year":"NULL","remarks_":"NULL","remarks__":"NULL","remarks2_":"NULL","remarks3_":"NULL"}},
{"type":"Feature","geometry":{"type":"Point","coordinates":[70.50880000,21.84760000]},"properties":{"GmlID":"Reservoir_Station.644","objectid":644,"station_id":"null","station_code":"36090631-6b44-40a5-940f-41822bcb9a44","station_name":"Phophal - I","station_type":"Reservoir","lat":21.84760000,"long":70.50880000,"agency_name":"Gujarat","agency_id":null,"state_name":"Gujarat","state_code":"GJ","district__name":"Rajkot","district__code":"NULL","block__name":"Jam Kandorna","block__code":"NULL","basin__name":"West flowing rivers of Kutch and Saurashtra including Luni Basin","basin_code":"NULL","sub_basin__name":"Bhadar and other west flowing rivers","sub_basin__code":"NULL","created_date":"10/26/2021 12:00:08 AM","remarks":"159","remarks1":"NULL","remarks2":"81.75","remarks3":"0.05183","year":"NULL","remarks_":"NULL","remarks__":"NULL","remarks2_":"NULL","remarks3_":"NULL"}},
{"type":"Feature","geometry":{"type":"Point","coordinates":[71.31550000,20.98320000]},"properties":{"GmlID":"Reservoir_Station.645","objectid":645,"station_id":"null","station_code":"9142b0dc-963b-4c8d-9e26-ae69b1e31ed9","station_name":"Raidy","station_type":"Reservoir","lat":20.98320000,"long":71.31550000,"agency_name":"Gujarat","agency_id":null,"state_name":"Gujarat","state_code":"GJ","district__name":"Amreli","district__code":"NULL","block__name":"Khambha","block__code":"NULL","basin__name":"West flowing rivers of Kutch and Saurashtra including Luni Basin","basin_code":"NULL","sub_basin__name":"Shetranjuli and other east flowing rivers","sub_basin__code":"NULL","created_date":"10/26/2021 12:00:08 AM","remarks":"68","remarks1":"NULL","remarks2":"50.85","remarks3":"0.00693","year":"NULL","remarks_":"NULL","remarks__":"NULL","remarks2_":"NULL","remarks3_":"NULL"}},
{"type":"Feature","geometry":{"type":"Point","coordinates":[71.90530000,21.51290000]},"properties":{"GmlID":"Reservoir_Station.646","objectid":646,"station_id":"null","station_code":"536e2dc6-3092-4153-9463-751a9a1df675","station_name":"Rajawal","station_type":"Reservoir","lat":21.51290000,"long":71.90530000,"agency_name":"Gujarat","agency_id":null,"state_name":"Gujarat","state_code":"GJ","district__name":"Bhavnagar","district__code":"NULL","block__name":"Palitana","block__code":"NULL","basin__name":"West flowing rivers of Kutch and Saurashtra including Luni Basin","basin_code":"NULL","sub_basin__name":"Shetranjuli and other east flowing rivers","sub_basin__code":"NULL","created_date":"10/26/2021 12:00:08 AM","remarks":"77","remarks1":"NULL","remarks2":"56.75","remarks3":"0.02821","year":"NULL","remarks_":"NULL","remarks__":"NULL","remarks2_":"NULL","remarks3_":"NULL"}},
{"type":"Feature","geometry":{"type":"Point","coordinates":[71.65500000,21.76340000]},"properties":{"GmlID":"Reservoir_Station.647","objectid":647,"station_id":"null","station_code":"3292953c-cea8-4b4e-9bb5-5cf29a8e5ee5","station_name":"Ranghola","station_type":"Reservoir","lat":21.76340000,"long":71.65500000,"agency_name":"Gujarat","agency_id":null,"state_name":"Gujarat","state_code":"GJ","district__name":"Bhavnagar","district__code":"NULL","block__name":"Umrala","block__code":"NULL","basin__name":"West flowing rivers of Kutch and Saurashtra including Luni Basin","basin_code":"NULL","sub_basin__name":"Shetranjuli and other east flowing rivers","sub_basin__code":"NULL","created_date":"10/26/2021 12:00:08 AM","remarks":"82","remarks1":"NULL","remarks2":"62.5","remarks3":"0.03681","year":"NULL","remarks_":"NULL","remarks__":"NULL","remarks2_":"NULL","remarks3_":"NULL"}},
{"type":"Feature","geometry":{"type":"Point","coordinates":[69.87615800,21.72428000]},"properties":{"GmlID":"Reservoir_Station.648","objectid":648,"station_id":"null","station_code":"ebf24ea5-2c3c-4a3d-b756-e6a4f9cdad25","station_name":"Rana Khirasara","station_type":"Reservoir","lat":21.72428000,"long":69.87615800,"agency_name":"Gujarat","agency_id":null,"state_name":"Gujarat","state_code":"GJ","district__name":"Porbandar","district__code":"NULL","block__name":"Ranavav","block__code":"NULL","basin__name":"West flowing rivers of Kutch and Saurashtra including Luni Basin","basin_code":"NULL","sub_basin__name":"Bhadar and other west flowing rivers","sub_basin__code":"NULL","created_date":"10/26/2021 12:00:08 AM","remarks":"204","remarks1":"NULL","remarks2":"36.75","remarks3":"0.00402","year":"NULL","remarks_":"NULL","remarks__":"NULL","remarks2_":"NULL","remarks3_":"NULL"}},
{"type":"Feature","geometry":{"type":"Point","coordinates":[71.67920000,21.22680000]},"properties":{"GmlID":"Reservoir_Station.649","objectid":649,"station_id":"null","station_code":"235671b0-41a6-4050-8cdf-41bbb2f6c785","station_name":"Rojki","station_type":"Reservoir","lat":21.22680000,"long":71.67920000,"agency_name":"Gujarat","agency_id":null,"state_name":"Gujarat","state_code":"GJ","district__name":"Bhavnagar","district__code":"NULL","block__name":"Mahuva","block__code":"NULL","basin__name":"West flowing rivers of Kutch and Saurashtra including Luni Basin","basin_code":"NULL","sub_basin__name":"Shetranjuli and other east flowing rivers","sub_basin__code":"NULL","created_date":"10/26/2021 12:00:08 AM","remarks":"91","remarks1":"NULL","remarks2":"99.06","remarks3":"0.00923","year":"NULL","remarks_":"NULL","remarks__":"NULL","remarks2_":"NULL","remarks3_":"NULL"}},
{"type":"Feature","geometry":{"type":"Point","coordinates":[70.26130000,22.38310000]},"properties":{"GmlID":"Reservoir_Station.650","objectid":650,"station_id":"null","station_code":"e6ec31ce-1621-469c-8a54-495a285f807a","station_name":"Ruparel","station_type":"Reservoir","lat":22.38310000,"long":70.26130000,"agency_name":"Gujarat","agency_id":null,"state_name":"Gujarat","state_code":"GJ","district__name":"Jamnagar","district__code":"NULL","block__name":"Jamnagar","block__code":"NULL","basin__name":"West flowing rivers of Kutch and Saurashtra including Luni Basin","basin_code":"NULL","sub_basin__name":"Drainage of Rann","sub_basin__code":"NULL","created_date":"10/26/2021 12:00:08 AM","remarks":"105","remarks1":"NULL","remarks2":"48.2","remarks3":"0.00427","year":"NULL","remarks_":"NULL","remarks__":"NULL","remarks2_":"NULL","remarks3_":"NULL"}},
{"type":"Feature","geometry":{"type":"Point","coordinates":[70.32711900,21.36094200]},"properties":{"GmlID":"Reservoir_Station.651","objectid":651,"station_id":"null","station_code":"b9d8464c-c13d-49ae-9976-45be397b6b69","station_name":"Sabali","station_type":"Reservoir","lat":21.36094200,"long":70.32711900,"agency_name":"Gujarat","agency_id":null,"state_name":"Gujarat","state_code":"GJ","district__name":"Junagadh","district__code":"NULL","block__name":"Vanthali","block__code":"NULL","basin__name":"West flowing rivers of Kutch and Saurashtra including Luni Basin","basin_code":"NULL","sub_basin__name":"Bhadar and other west flowing rivers","sub_basin__code":"NULL","created_date":"10/26/2021 12:00:08 AM","remarks":"198","remarks1":"NULL","remarks2":"43.75","remarks3":"0.0072","year":"NULL","remarks_":"NULL","remarks__":"NULL","remarks2_":"NULL","remarks3_":"NULL"}},
{"type":"Feature","geometry":{"type":"Point","coordinates":[69.97630000,22.18140000]},"properties":{"GmlID":"Reservoir_Station.652","objectid":652,"station_id":"null","station_code":"db1621de-8854-431e-a42f-2c7ecbde0eae","station_name":"Rupavati","station_type":"Reservoir","lat":22.18140000,"long":69.97630000,"agency_name":"Gujarat","agency_id":null,"state_name":"Gujarat","state_code":"GJ","district__name":"Jamnagar","district__code":"NULL","block__name":"Lalpur","block__code":"NULL","basin__name":"West flowing rivers of Kutch and Saurashtra including Luni Basin","basin_code":"NULL","sub_basin__name":"Drainage of Rann","sub_basin__code":"NULL","created_date":"10/26/2021 12:00:08 AM","remarks":"120","remarks1":"NULL","remarks2":"77.3","remarks3":"0.00276","year":"NULL","remarks_":"NULL","remarks__":"NULL","remarks2_":"NULL","remarks3_":"NULL"}},
{"type":"Feature","geometry":{"type":"Point","coordinates":[74.00694300,22.08006300]},"properties":{"GmlID":"Reservoir_Station.653","objectid":653,"station_id":"null","station_code":"c28a836d-c7e2-4d3d-b449-6eac60ce82cd","station_name":"Rami","station_type":"Reservoir","lat":22.08006300,"long":74.00694300,"agency_name":"Gujarat","agency_id":null,"state_name":"Gujarat","state_code":"GJ","district__name":"Chhotaudepur","district__code":"NULL","block__name":"Kawant","block__code":"NULL","basin__name":"Narmada Basin","basin_code":"NULL","sub_basin__name":"Narmada Lower","sub_basin__code":"NULL","created_date":"10/26/2021 12:00:08 AM","remarks":"41","remarks1":"NULL","remarks2":"196.35","remarks3":"0.00455","year":"NULL","remarks_":"NULL","remarks__":"NULL","remarks2_":"NULL","remarks3_":"NULL"}},
{"type":"Feature","geometry":{"type":"Point","coordinates":[74.29494100,22.72518400]},"properties":{"GmlID":"Reservoir_Station.654","objectid":654,"station_id":"null","station_code":"4ae451d0-b35d-400a-80bb-a5cf8db73da6","station_name":"Patadungari","station_type":"Reservoir","lat":22.72518400,"long":74.29494100,"agency_name":"Gujarat","agency_id":null,"state_name":"Gujarat","state_code":"GJ","district__name":"Dohad","district__code":"NULL","block__name":"Garbada","block__code":"NULL","basin__name":"Mahi Basin","basin_code":"NULL","sub_basin__name":"Mahi Upper","sub_basin__code":"NULL","created_date":"10/26/2021 12:00:08 AM","remarks":"18","remarks1":"NULL","remarks2":"170.84","remarks3":"0.04105","year":"NULL","remarks_":"NULL","remarks__":"NULL","remarks2_":"NULL","remarks3_":"NULL"}},
{"type":"Feature","geometry":{"type":"Point","coordinates":[71.36940000,22.57550000]},"properties":{"GmlID":"Reservoir_Station.655","objectid":655,"station_id":"null","station_code":"d901bc36-ac7b-4af5-8e6f-844d2587ff12","station_name":"Saburi","station_type":"Reservoir","lat":22.57550000,"long":71.36940000,"agency_name":"Gujarat","agency_id":null,"state_name":"Gujarat","state_code":"GJ","district__name":"Surendranagar","district__code":"NULL","block__name":"Muli","block__code":"NULL","basin__name":"Sabarmati Basin","basin_code":"NULL","sub_basin__name":"Sabarmati Lower","sub_basin__code":"NULL","created_date":"10/26/2021 12:00:08 AM","remarks":"192","remarks1":"NULL","remarks2":"129.5","remarks3":"0.0045","year":"NULL","remarks_":"NULL","remarks__":"NULL","remarks2_":"NULL","remarks3_":"NULL"}},
{"type":"Feature","geometry":{"type":"Point","coordinates":[70.77260000,21.65350000]},"properties":{"GmlID":"Reservoir_Station.656","objectid":656,"station_id":"null","station_code":"21be4011-184d-4d64-9f15-3e22b5e4d3b0","station_name":"Sankroli","station_type":"Reservoir","lat":21.65350000,"long":70.77260000,"agency_name":"Gujarat","agency_id":null,"state_name":"Gujarat","state_code":"GJ","district__name":"Junagadh","district__code":"NULL","block__name":"Bhesan","block__code":"NULL","basin__name":"West flowing rivers of Kutch and Saurashtra including Luni Basin","basin_code":"NULL","sub_basin__name":"Bhadar and other west flowing rivers","sub_basin__code":"NULL","created_date":"10/26/2021 12:00:08 AM","remarks":"73","remarks1":"NULL","remarks2":"44.2","remarks3":"0.00787","year":"NULL","remarks_":"NULL","remarks__":"NULL","remarks2_":"NULL","remarks3_":"NULL"}},
{"type":"Feature","geometry":{"type":"Point","coordinates":[70.71171300,21.25752200]},"properties":{"GmlID":"Reservoir_Station.657","objectid":657,"station_id":"null","station_code":"79a566e8-42f7-4550-a9bd-0abce3d160f8","station_name":"Prempara","station_type":"Reservoir","lat":21.25752200,"long":70.71171300,"agency_name":"Gujarat","agency_id":null,"state_name":"Gujarat","state_code":"GJ","district__name":"Junagadh","district__code":"NULL","block__name":"Visavadar","block__code":"NULL","basin__name":"West flowing rivers of Kutch and Saurashtra including Luni Basin","basin_code":"NULL","sub_basin__name":"Bhadar and other west flowing rivers","sub_basin__code":"NULL","created_date":"10/26/2021 12:00:08 AM","remarks":"130","remarks1":"NULL","remarks2":"127.5","remarks3":"0.00133","year":"NULL","remarks_":"NULL","remarks__":"NULL","remarks2_":"NULL","remarks3_":"NULL"}},
{"type":"Feature","geometry":{"type":"Point","coordinates":[69.91690000,22.35020000]},"properties":{"GmlID":"Reservoir_Station.658","objectid":658,"station_id":"null","station_code":"41588a1c-ea87-43db-9cbc-971f8db5bb68","station_name":"Puna","station_type":"Reservoir","lat":22.35020000,"long":69.91690000,"agency_name":"Gujarat","agency_id":null,"state_name":"Gujarat","state_code":"GJ","district__name":"Jamnagar","district__code":"NULL","block__name":"Lalpur","block__code":"NULL","basin__name":"West flowing rivers of Kutch and Saurashtra including Luni Basin","basin_code":"NULL","sub_basin__name":"Drainage of Rann","sub_basin__code":"NULL","created_date":"10/26/2021 12:00:08 AM","remarks":"102","remarks1":"NULL","remarks2":"24.38","remarks3":"0.00783","year":"NULL","remarks_":"NULL","remarks__":"NULL","remarks2_":"NULL","remarks3_":"NULL"}},
{"type":"Feature","geometry":{"type":"Point","coordinates":[71.06770000,21.04180000]},"properties":{"GmlID":"Reservoir_Station.659","objectid":659,"station_id":"null","station_code":"e490502b-6117-4de8-9b38-50d425cf365c","station_name":"Raval","station_type":"Reservoir","lat":21.04180000,"long":71.06770000,"agency_name":"Gujarat","agency_id":null,"state_name":"Gujarat","state_code":"GJ","district__name":"Junagadh","district__code":"NULL","block__name":"Mendarda","block__code":"NULL","basin__name":"West flowing rivers of Kutch and Saurashtra including Luni Basin","basin_code":"NULL","sub_basin__name":"Shetranjuli and other east flowing rivers","sub_basin__code":"NULL","created_date":"10/26/2021 12:00:08 AM","remarks":"126","remarks1":"NULL","remarks2":"148.85","remarks3":"0.02673","year":"NULL","remarks_":"NULL","remarks__":"NULL","remarks2_":"NULL","remarks3_":"NULL"}},
{"type":"Feature","geometry":{"type":"Point","coordinates":[70.04990000,22.33800000]},"properties":{"GmlID":"Reservoir_Station.660","objectid":660,"station_id":"null","station_code":"fc1e5805-3f87-465b-bd2f-c882a06d5adf","station_name":"Rangmati","station_type":"Reservoir","lat":22.33800000,"long":70.04990000,"agency_name":"Gujarat","agency_id":null,"state_name":"Gujarat","state_code":"GJ","district__name":"Jamnagar","district__code":"NULL","block__name":"Jamnagar","block__code":"NULL","basin__name":"West flowing rivers of Kutch and Saurashtra including Luni Basin","basin_code":"NULL","sub_basin__name":"Drainage of Rann","sub_basin__code":"NULL","created_date":"10/26/2021 12:00:08 AM","remarks":"108","remarks1":"NULL","remarks2":"43.2","remarks3":"0.00336","year":"NULL","remarks_":"NULL","remarks__":"NULL","remarks2_":"NULL","remarks3_":"NULL"}},
{"type":"Feature","geometry":{"type":"Point","coordinates":[69.71392900,23.37404600]},"properties":{"GmlID":"Reservoir_Station.661","objectid":661,"station_id":"null","station_code":"71d887aa-9787-47b8-95c8-a94319c9cec6","station_name":"Rudramata","station_type":"Reservoir","lat":23.37404600,"long":69.71392900,"agency_name":"Gujarat","agency_id":null,"state_name":"Gujarat","state_code":"GJ","district__name":"Kachchh","district__code":"NULL","block__name":"Bhuj","block__code":"NULL","basin__name":"West flowing rivers of Kutch and Saurashtra including Luni Basin","basin_code":"NULL","sub_basin__name":"Luni Lower","sub_basin__code":"NULL","created_date":"10/26/2021 12:00:08 AM","remarks":"48","remarks1":"NULL","remarks2":"66.44","remarks3":"0.06153","year":"NULL","remarks_":"NULL","remarks__":"NULL","remarks2_":"NULL","remarks3_":"NULL"}},
{"type":"Feature","geometry":{"type":"Point","coordinates":[68.78780000,23.62690000]},"properties":{"GmlID":"Reservoir_Station.662","objectid":662,"station_id":"null","station_code":"4b163604-37b3-47fe-83d2-cc3cbe2bf7f4","station_name":"Sanandro","station_type":"Reservoir","lat":23.62690000,"long":68.78780000,"agency_name":"Gujarat","agency_id":null,"state_name":"Gujarat","state_code":"GJ","district__name":"Kachchh","district__code":"NULL","block__name":"Lakhpat","block__code":"NULL","basin__name":"West flowing rivers of Kutch and Saurashtra including Luni Basin","basin_code":"NULL","sub_basin__name":"Drainage of Rann","sub_basin__code":"NULL","created_date":"10/26/2021 12:00:08 AM","remarks":"47","remarks1":"NULL","remarks2":"59.75","remarks3":"0.01035","year":"NULL","remarks_":"NULL","remarks__":"NULL","remarks2_":"NULL","remarks3_":"NULL"}},
{"type":"Feature","geometry":{"type":"Point","coordinates":[69.49195500,21.97663600]},"properties":{"GmlID":"Reservoir_Station.663","objectid":663,"station_id":"null","station_code":"8db3fe0b-8e45-4701-863c-4ea8acf6f87d","station_name":"Sani","station_type":"Reservoir","lat":21.97663600,"long":69.49195500,"agency_name":"Gujarat","agency_id":null,"state_name":"Gujarat","state_code":"GJ","district__name":"Devbhumi Dwarka","district__code":"NULL","block__name":"Kalyanpur","block__code":"NULL","basin__name":"West flowing rivers of Kutch and Saurashtra including Luni Basin","basin_code":"NULL","sub_basin__name":"Bhadar and other west flowing rivers","sub_basin__code":"NULL","created_date":"10/26/2021 12:00:08 AM","remarks":"95","remarks1":"NULL","remarks2":"17.25","remarks3":"0.03902","year":"NULL","remarks_":"NULL","remarks__":"NULL","remarks2_":"NULL","remarks3_":"NULL"}},
{"type":"Feature","geometry":{"type":"Point","coordinates":[70.49210900,23.60820600]},"properties":{"GmlID":"Reservoir_Station.664","objectid":664,"station_id":"null","station_code":"dec1b771-5bd4-4178-934a-e352b02de123","station_name":"Suvi","station_type":"Reservoir","lat":23.60820600,"long":70.49210900,"agency_name":"Gujarat","agency_id":null,"state_name":"Gujarat","state_code":"GJ","district__name":"Kachchh","district__code":"NULL","block__name":"Rapar","block__code":"NULL","basin__name":"West flowing rivers of Kutch and Saurashtra including Luni Basin","basin_code":"NULL","sub_basin__name":"Luni Lower","sub_basin__code":"NULL","created_date":"10/26/2021 12:00:08 AM","remarks":"55","remarks1":"NULL","remarks2":"42.67","remarks3":"0.01046","year":"NULL","remarks_":"NULL","remarks__":"NULL","remarks2_":"NULL","remarks3_":"NULL"}},
{"type":"Feature","geometry":{"type":"Point","coordinates":[69.53140000,22.05932000]},"properties":{"GmlID":"Reservoir_Station.665","objectid":665,"station_id":"null","station_code":"f585fa8c-02db-4dd3-bdd7-98d59328e6ae","station_name":"Shedhabhadthari","station_type":"Reservoir","lat":22.05932000,"long":69.53140000,"agency_name":"Gujarat","agency_id":null,"state_name":"Gujarat","state_code":"GJ","district__name":"Devbhumi Dwarka","district__code":"NULL","block__name":"Kalyanpur","block__code":"NULL","basin__name":"West flowing rivers of Kutch and Saurashtra including Luni Basin","basin_code":"NULL","sub_basin__name":"Bhadar and other west flowing rivers","sub_basin__code":"NULL","created_date":"10/26/2021 12:00:08 AM","remarks":"117","remarks1":"NULL","remarks2":"32.5","remarks3":"0.00562","year":"NULL","remarks_":"NULL","remarks__":"NULL","remarks2_":"NULL","remarks3_":"NULL"}},
{"type":"Feature","geometry":{"type":"Point","coordinates":[71.16630000,21.62800000]},"properties":{"GmlID":"Reservoir_Station.666","objectid":666,"station_id":"null","station_code":"59f113d5-2c6a-4b95-8e45-48e35bd51d94","station_name":"Vadi","station_type":"Reservoir","lat":21.62800000,"long":71.16630000,"agency_name":"Gujarat","agency_id":null,"state_name":"Gujarat","state_code":"GJ","district__name":"Amreli","district__code":"NULL","block__name":"Amreli","block__code":"NULL","basin__name":"West flowing rivers of Kutch and Saurashtra including Luni Basin","basin_code":"NULL","sub_basin__name":"Shetranjuli and other east flowing rivers","sub_basin__code":"NULL","created_date":"10/26/2021 12:00:08 AM","remarks":"70","remarks1":"NULL","remarks2":"134","remarks3":"0.01062","year":"NULL","remarks_":"NULL","remarks__":"NULL","remarks2_":"NULL","remarks3_":"NULL"}},
{"type":"Feature","geometry":{"type":"Point","coordinates":[70.82580000,21.67690000]},"properties":{"GmlID":"Reservoir_Station.667","objectid":667,"station_id":"null","station_code":"9128f92f-aa2b-4129-8217-2bc42de9f4b4","station_name":"Vadiya","station_type":"Reservoir","lat":21.67690000,"long":70.82580000,"agency_name":"Gujarat","agency_id":null,"state_name":"Gujarat","state_code":"GJ","district__name":"Amreli","district__code":"NULL","block__name":"Kunkavav Vadia","block__code":"NULL","basin__name":"West flowing rivers of Kutch and Saurashtra including Luni Basin","basin_code":"NULL","sub_basin__name":"Bhadar and other west flowing rivers","sub_basin__code":"NULL","created_date":"10/26/2021 12:00:08 AM","remarks":"69","remarks1":"NULL","remarks2":"130.25","remarks3":"0.00536","year":"NULL","remarks_":"NULL","remarks__":"NULL","remarks2_":"NULL","remarks3_":"NULL"}},
{"type":"Feature","geometry":{"type":"Point","coordinates":[71.65620000,22.46520000]},"properties":{"GmlID":"Reservoir_Station.668","objectid":668,"station_id":"null","station_code":"9ce7bcbb-852f-46df-881c-4555c2e1bce6","station_name":"Vansal","station_type":"Reservoir","lat":22.46520000,"long":71.65620000,"agency_name":"Gujarat","agency_id":null,"state_name":"Gujarat","state_code":"GJ","district__name":"Surendranagar","district__code":"NULL","block__name":"Chuda","block__code":"NULL","basin__name":"Sabarmati Basin","basin_code":"NULL","sub_basin__name":"Sabarmati Lower","sub_basin__code":"NULL","created_date":"10/26/2021 12:00:08 AM","remarks":"188","remarks1":"NULL","remarks2":"100.7","remarks3":"0.00397","year":"NULL","remarks_":"NULL","remarks__":"NULL","remarks2_":"NULL","remarks3_":"NULL"}},
{"type":"Feature","geometry":{"type":"Point","coordinates":[70.77490000,21.02140000]},"properties":{"GmlID":"Reservoir_Station.669","objectid":669,"station_id":"null","station_code":"97956075-0428-49a9-aef9-391dc9958259","station_name":"Shingoda","station_type":"Reservoir","lat":21.02140000,"long":70.77490000,"agency_name":"Gujarat","agency_id":null,"state_name":"Gujarat","state_code":"GJ","district__name":"Junagadh","district__code":"NULL","block__name":"Mendarda","block__code":"NULL","basin__name":"West flowing rivers of Kutch and Saurashtra including Luni Basin","basin_code":"NULL","sub_basin__name":"Bhadar and other west flowing rivers","sub_basin__code":"NULL","created_date":"10/26/2021 12:00:08 AM","remarks":"124","remarks1":"NULL","remarks2":"141.58","remarks3":"0.0364","year":"NULL","remarks_":"NULL","remarks__":"NULL","remarks2_":"NULL","remarks3_":"NULL"}},
{"type":"Feature","geometry":{"type":"Point","coordinates":[72.30916700,24.40027800]},"properties":{"GmlID":"Reservoir_Station.670","objectid":670,"station_id":"null","station_code":"927008b2-4e5e-4eb3-9d9d-1b34bd171147","station_name":"Sipu","station_type":"Reservoir","lat":24.40027800,"long":72.30916700,"agency_name":"Gujarat","agency_id":null,"state_name":"Gujarat","state_code":"GJ","district__name":"Banas Kantha","district__code":"NULL","block__name":"Dantiwada","block__code":"NULL","basin__name":"West flowing rivers of Kutch and Saurashtra including Luni Basin","basin_code":"NULL","sub_basin__name":"Saraswati","sub_basin__code":"NULL","created_date":"10/26/2021 12:00:08 AM","remarks":"5","remarks1":"NULL","remarks2":"186.43","remarks3":"0.16143","year":"NULL","remarks_":"NULL","remarks__":"NULL","remarks2_":"NULL","remarks3_":"NULL"}},
{"type":"Feature","geometry":{"type":"Point","coordinates":[70.36271800,21.83156100]},"properties":{"GmlID":"Reservoir_Station.671","objectid":671,"station_id":"null","station_code":"1fb46655-1f86-4220-b742-ad4c779c760a","station_name":"Sodvadar","station_type":"Reservoir","lat":21.83156100,"long":70.36271800,"agency_name":"Gujarat","agency_id":null,"state_name":"Gujarat","state_code":"GJ","district__name":"Rajkot","district__code":"NULL","block__name":"Dhoraji","block__code":"NULL","basin__name":"West flowing rivers of Kutch and Saurashtra including Luni Basin","basin_code":"NULL","sub_basin__name":"Bhadar and other west flowing rivers","sub_basin__code":"NULL","created_date":"10/26/2021 12:00:08 AM","remarks":"171","remarks1":"NULL","remarks2":"76.7","remarks3":"0.00484","year":"NULL","remarks_":"NULL","remarks__":"NULL","remarks2_":"NULL","remarks3_":"NULL"}},
{"type":"Feature","geometry":{"type":"Point","coordinates":[69.76720000,22.05110000]},"properties":{"GmlID":"Reservoir_Station.672","objectid":672,"station_id":"null","station_code":"f3ef004b-8119-4d7d-8cb1-184a1398946d","station_name":"Sonmati","station_type":"Reservoir","lat":22.05110000,"long":69.76720000,"agency_name":"Gujarat","agency_id":null,"state_name":"Gujarat","state_code":"GJ","district__name":"Devbhumi Dwarka","district__code":"NULL","block__name":"Bhanvad","block__code":"NULL","basin__name":"West flowing rivers of Kutch and Saurashtra including Luni Basin","basin_code":"NULL","sub_basin__name":"Bhadar and other west flowing rivers","sub_basin__code":"NULL","created_date":"10/26/2021 12:00:08 AM","remarks":"115","remarks1":"NULL","remarks2":"78.5","remarks3":"0.0074","year":"NULL","remarks_":"NULL","remarks__":"NULL","remarks2_":"NULL","remarks3_":"NULL"}},
{"type":"Feature","geometry":{"type":"Point","coordinates":[71.53800000,22.34550000]},"properties":{"GmlID":"Reservoir_Station.673","objectid":673,"station_id":"null","station_code":"5cf2b7d9-12c6-424a-9f7a-4ccc4272b82c","station_name":"Sukhbhadar","station_type":"Reservoir","lat":22.34550000,"long":71.53800000,"agency_name":"Gujarat","agency_id":null,"state_name":"Gujarat","state_code":"GJ","district__name":"Surendranagar","district__code":"NULL","block__name":"Sayla","block__code":"NULL","basin__name":"Sabarmati Basin","basin_code":"NULL","sub_basin__name":"Sabarmati Lower","sub_basin__code":"NULL","created_date":"10/26/2021 12:00:08 AM","remarks":"182","remarks1":"NULL","remarks2":"109.2","remarks3":"0.04113","year":"NULL","remarks_":"NULL","remarks__":"NULL","remarks2_":"NULL","remarks3_":"NULL"}},
{"type":"Feature","geometry":{"type":"Point","coordinates":[71.21350000,21.62330000]},"properties":{"GmlID":"Reservoir_Station.674","objectid":674,"station_id":"null","station_code":"8066809c-b35a-4233-8dc3-41592e6722a8","station_name":"Thebi","station_type":"Reservoir","lat":21.62330000,"long":71.21350000,"agency_name":"Gujarat","agency_id":null,"state_name":"Gujarat","state_code":"GJ","district__name":"Amreli","district__code":"NULL","block__name":"Amreli","block__code":"NULL","basin__name":"West flowing rivers of Kutch and Saurashtra including Luni Basin","basin_code":"NULL","sub_basin__name":"Shetranjuli and other east flowing rivers","sub_basin__code":"NULL","created_date":"10/26/2021 12:00:08 AM","remarks":"66","remarks1":"NULL","remarks2":"126","remarks3":"0.01065","year":"NULL","remarks_":"NULL","remarks__":"NULL","remarks2_":"NULL","remarks3_":"NULL"}},
{"type":"Feature","geometry":{"type":"Point","coordinates":[71.23390000,21.30710000]},"properties":{"GmlID":"Reservoir_Station.675","objectid":675,"station_id":"null","station_code":"1b870da0-c1e0-4101-8b05-135f73178098","station_name":"Shell-Dedumal","station_type":"Reservoir","lat":21.30710000,"long":71.23390000,"agency_name":"Gujarat","agency_id":null,"state_name":"Gujarat","state_code":"GJ","district__name":"Amreli","district__code":"NULL","block__name":"Dhari","block__code":"NULL","basin__name":"West flowing rivers of Kutch and Saurashtra including Luni Basin","basin_code":"NULL","sub_basin__name":"Shetranjuli and other east flowing rivers","sub_basin__code":"NULL","created_date":"10/26/2021 12:00:08 AM","remarks":"71","remarks1":"NULL","remarks2":"179.5","remarks3":"0.00781","year":"NULL","remarks_":"NULL","remarks__":"NULL","remarks2_":"NULL","remarks3_":"NULL"}},
{"type":"Feature","geometry":{"type":"Point","coordinates":[69.59760000,21.93860000]},"properties":{"GmlID":"Reservoir_Station.676","objectid":676,"station_id":"null","station_code":"c75f3b43-4138-4afa-90dc-c05f808c9b51","station_name":"Sorthi","station_type":"Reservoir","lat":21.93860000,"long":69.59760000,"agency_name":"Gujarat","agency_id":null,"state_name":"Gujarat","state_code":"GJ","district__name":"Porbandar","district__code":"NULL","block__name":"Porbandar","block__code":"NULL","basin__name":"West flowing rivers of Kutch and Saurashtra including Luni Basin","basin_code":"NULL","sub_basin__name":"Bhadar and other west flowing rivers","sub_basin__code":"NULL","created_date":"10/26/2021 12:00:08 AM","remarks":"144","remarks1":"NULL","remarks2":"95.5","remarks3":"0.00846","year":"NULL","remarks_":"NULL","remarks__":"NULL","remarks2_":"NULL","remarks3_":"NULL"}},
{"type":"Feature","geometry":{"type":"Point","coordinates":[71.37090000,21.19950000]},"properties":{"GmlID":"Reservoir_Station.677","objectid":677,"station_id":"null","station_code":"55438ff7-9ab5-447d-9ac0-a32c2fe4f0ea","station_name":"Surajwadi","station_type":"Reservoir","lat":21.19950000,"long":71.37090000,"agency_name":"Gujarat","agency_id":null,"state_name":"Gujarat","state_code":"GJ","district__name":"Amreli","district__code":"NULL","block__name":"Savarkundla","block__code":"NULL","basin__name":"West flowing rivers of Kutch and Saurashtra including Luni Basin","basin_code":"NULL","sub_basin__name":"Shetranjuli and other east flowing rivers","sub_basin__code":"NULL","created_date":"10/26/2021 12:00:08 AM","remarks":"74","remarks1":"NULL","remarks2":"50.29","remarks3":"0.00637","year":"NULL","remarks_":"NULL","remarks__":"NULL","remarks2_":"NULL","remarks3_":"NULL"}},
{"type":"Feature","geometry":{"type":"Point","coordinates":[73.07060000,23.09830000]},"properties":{"GmlID":"Reservoir_Station.678","objectid":678,"station_id":"null","station_code":"bace8d17-e399-4f1e-b0ae-4ee00cdaabfe","station_name":"Varansi","station_type":"Reservoir","lat":23.09830000,"long":73.07060000,"agency_name":"Gujarat","agency_id":null,"state_name":"Gujarat","state_code":"GJ","district__name":"Kheda","district__code":"NULL","block__name":"Kapadvanj","block__code":"NULL","basin__name":"Sabarmati Basin","basin_code":"NULL","sub_basin__name":"Sabarmati Upper","sub_basin__code":"NULL","created_date":"10/26/2021 12:00:08 AM","remarks":"202","remarks1":"NULL","remarks2":"81","remarks3":"0.00318","year":"NULL","remarks_":"NULL","remarks__":"NULL","remarks2_":"NULL","remarks3_":"NULL"}},
{"type":"Feature","geometry":{"type":"Point","coordinates":[70.82483400,21.67726200]},"properties":{"GmlID":"Reservoir_Station.679","objectid":679,"station_id":"null","station_code":"6a661c6e-5d1e-4db8-9f4e-f6a3b5dcbc6c","station_name":"Survo","station_type":"Reservoir","lat":21.67726200,"long":70.82483400,"agency_name":"Gujarat","agency_id":null,"state_name":"Gujarat","state_code":"GJ","district__name":"Amreli","district__code":"NULL","block__name":"Kunkavav Vadia","block__code":"NULL","basin__name":"West flowing rivers of Kutch and Saurashtra including Luni Basin","basin_code":"NULL","sub_basin__name":"Bhadar and other west flowing rivers","sub_basin__code":"NULL","created_date":"10/26/2021 12:00:08 AM","remarks":"169","remarks1":"NULL","remarks2":"99.85","remarks3":"0.0139","year":"NULL","remarks_":"NULL","remarks__":"NULL","remarks2_":"NULL","remarks3_":"NULL"}},
{"type":"Feature","geometry":{"type":"Point","coordinates":[70.13911000,23.25339200]},"properties":{"GmlID":"Reservoir_Station.680","objectid":680,"station_id":"null","station_code":"f8d6e6a7-de2f-4620-b6e4-5e9ee45075f3","station_name":"Tappar","station_type":"Reservoir","lat":23.25339200,"long":70.13911000,"agency_name":"Gujarat","agency_id":null,"state_name":"Gujarat","state_code":"GJ","district__name":"Kachchh","district__code":"NULL","block__name":"Anjar","block__code":"NULL","basin__name":"West flowing rivers of Kutch and Saurashtra including Luni Basin","basin_code":"NULL","sub_basin__name":"Drainage of Rann","sub_basin__code":"NULL","created_date":"10/26/2021 12:00:08 AM","remarks":"45","remarks1":"NULL","remarks2":"40.85","remarks3":"0.04903","year":"NULL","remarks_":"NULL","remarks__":"NULL","remarks2_":"NULL","remarks3_":"NULL"}},
{"type":"Feature","geometry":{"type":"Point","coordinates":[69.80900000,22.02420000]},"properties":{"GmlID":"Reservoir_Station.681","objectid":681,"station_id":"null","station_code":"f71571ea-1b18-4f4a-9536-90d76930caa2","station_name":"Vartu-I","station_type":"Reservoir","lat":22.02420000,"long":69.80900000,"agency_name":"Gujarat","agency_id":null,"state_name":"Gujarat","state_code":"GJ","district__name":"Devbhumi Dwarka","district__code":"NULL","block__name":"Bhanvad","block__code":"NULL","basin__name":"West flowing rivers of Kutch and Saurashtra including Luni Basin","basin_code":"NULL","sub_basin__name":"Bhadar and other west flowing rivers","sub_basin__code":"NULL","created_date":"10/26/2021 12:00:08 AM","remarks":"100","remarks1":"NULL","remarks2":"39.01","remarks3":"0.01179","year":"NULL","remarks_":"NULL","remarks__":"NULL","remarks2_":"NULL","remarks3_":"NULL"}},
{"type":"Feature","geometry":{"type":"Point","coordinates":[70.04992000,21.67410000]},"properties":{"GmlID":"Reservoir_Station.682","objectid":682,"station_id":"null","station_code":"b23ed014-c4fd-4c97-8a2c-9dc13994bbb6","station_name":"Saran","station_type":"Reservoir","lat":21.67410000,"long":70.04992000,"agency_name":"Gujarat","agency_id":null,"state_name":"Gujarat","state_code":"GJ","district__name":"Porbandar","district__code":"NULL","block__name":"Kutiyana","block__code":"NULL","basin__name":"West flowing rivers of Kutch and Saurashtra including Luni Basin","basin_code":"NULL","sub_basin__name":"Bhadar and other west flowing rivers","sub_basin__code":"NULL","created_date":"10/26/2021 12:00:08 AM","remarks":"199","remarks1":"NULL","remarks2":"37","remarks3":"0.00169","year":"NULL","remarks_":"NULL","remarks__":"NULL","remarks2_":"NULL","remarks3_":"NULL"}},
{"type":"Feature","geometry":{"type":"Point","coordinates":[69.70430000,21.92400000]},"properties":{"GmlID":"Reservoir_Station.683","objectid":683,"station_id":"null","station_code":"eca37ac6-3f3b-43e8-9fb5-33a2451ce7c4","station_name":"Vartu-II","station_type":"Reservoir","lat":21.92400000,"long":69.70430000,"agency_name":"Gujarat","agency_id":null,"state_name":"Gujarat","state_code":"GJ","district__name":"Porbandar","district__code":"NULL","block__name":"Porbandar","block__code":"NULL","basin__name":"West flowing rivers of Kutch and Saurashtra including Luni Basin","basin_code":"NULL","sub_basin__name":"Bhadar and other west flowing rivers","sub_basin__code":"NULL","created_date":"10/26/2021 12:00:08 AM","remarks":"109","remarks1":"NULL","remarks2":"39.95","remarks3":"0.0256","year":"NULL","remarks_":"NULL","remarks__":"NULL","remarks2_":"NULL","remarks3_":"NULL"}},
{"type":"Feature","geometry":{"type":"Point","coordinates":[70.24000000,21.08000000]},"properties":{"GmlID":"Reservoir_Station.684","objectid":684,"station_id":"null","station_code":"c0d97472-6e6a-4e8e-9093-29a3d027156d","station_name":"Vrajmi","station_type":"Reservoir","lat":21.08000000,"long":70.24000000,"agency_name":"Gujarat","agency_id":null,"state_name":"Gujarat","state_code":"GJ","district__name":"Junagadh","district__code":"NULL","block__name":"Maliya","block__code":"NULL","basin__name":"West flowing rivers of Kutch and Saurashtra including Luni Basin","basin_code":"NULL","sub_basin__name":"Bhadar and other west flowing rivers","sub_basin__code":"NULL","created_date":"10/26/2021 12:00:08 AM","remarks":"133","remarks1":"NULL","remarks2":"94","remarks3":"0.01035","year":"NULL","remarks_":"NULL","remarks__":"NULL","remarks2_":"NULL","remarks3_":"NULL"}},
{"type":"Feature","geometry":{"type":"Point","coordinates":[73.42608400,22.94976100]},"properties":{"GmlID":"Reservoir_Station.685","objectid":685,"station_id":"null","station_code":"c9f1d7ae-4fb8-4932-a7fc-fcff79819f33","station_name":"Wanakbori","station_type":"Reservoir","lat":22.94976100,"long":73.42608400,"agency_name":"Gujarat","agency_id":null,"state_name":"Gujarat","state_code":"GJ","district__name":"Mahisagar","district__code":"NULL","block__name":"Balasinor","block__code":"NULL","basin__name":"Mahi Basin","basin_code":"NULL","sub_basin__name":"Mahi Lower","sub_basin__code":"NULL","created_date":"10/26/2021 12:00:08 AM","remarks":"12","remarks1":"NULL","remarks2":"167.3","remarks3":"0.04188","year":"NULL","remarks_":"NULL","remarks__":"NULL","remarks2_":"NULL","remarks3_":"NULL"}},
{"type":"Feature","geometry":{"type":"Point","coordinates":[70.55420000,22.08760000]},"properties":{"GmlID":"Reservoir_Station.686","objectid":686,"station_id":"null","station_code":"e22c24bd-9e35-4d28-ad11-537699d76d52","station_name":"Phophal-II","station_type":"Reservoir","lat":22.08760000,"long":70.55420000,"agency_name":"Gujarat","agency_id":null,"state_name":"Gujarat","state_code":"GJ","district__name":"Rajkot","district__code":"NULL","block__name":"Kotada Sangani","block__code":"NULL","basin__name":"West flowing rivers of Kutch and Saurashtra including Luni Basin","basin_code":"NULL","sub_basin__name":"Bhadar and other west flowing rivers","sub_basin__code":"NULL","created_date":"10/26/2021 12:00:08 AM","remarks":"113","remarks1":"NULL","remarks2":"129.34","remarks3":"0.00613","year":"NULL","remarks_":"NULL","remarks__":"NULL","remarks2_":"NULL","remarks3_":"NULL"}},
{"type":"Feature","geometry":{"type":"Point","coordinates":[70.17260000,21.78560000]},"properties":{"GmlID":"Reservoir_Station.687","objectid":687,"station_id":"null","station_code":"a378d625-375d-4471-ba4a-bd0274f625cb","station_name":"Venu-II","station_type":"Reservoir","lat":21.78560000,"long":70.17260000,"agency_name":"Gujarat","agency_id":null,"state_name":"Gujarat","state_code":"GJ","district__name":"Rajkot","district__code":"NULL","block__name":"Upleta","block__code":"NULL","basin__name":"West flowing rivers of Kutch and Saurashtra including Luni Basin","basin_code":"NULL","sub_basin__name":"Bhadar and other west flowing rivers","sub_basin__code":"NULL","created_date":"10/26/2021 12:00:08 AM","remarks":"153","remarks1":"NULL","remarks2":"55","remarks3":"0.02258","year":"NULL","remarks_":"NULL","remarks__":"NULL","remarks2_":"NULL","remarks3_":"NULL"}},
{"type":"Feature","geometry":{"type":"Point","coordinates":[69.87296400,21.95685400]},"properties":{"GmlID":"Reservoir_Station.688","objectid":688,"station_id":"null","station_code":"8bc6ba0e-9dd3-4588-bd25-b86604efdfe6","station_name":"Veradi","station_type":"Reservoir","lat":21.95685400,"long":69.87296400,"agency_name":"Gujarat","agency_id":null,"state_name":"Gujarat","state_code":"GJ","district__name":"Devbhumi Dwarka","district__code":"NULL","block__name":"Bhanvad","block__code":"NULL","basin__name":"West flowing rivers of Kutch and Saurashtra including Luni Basin","basin_code":"NULL","sub_basin__name":"Bhadar and other west flowing rivers","sub_basin__code":"NULL","created_date":"10/26/2021 12:00:08 AM","remarks":"118","remarks1":"NULL","remarks2":"85.15","remarks3":"0.00642","year":"NULL","remarks_":"NULL","remarks__":"NULL","remarks2_":"NULL","remarks3_":"NULL"}},
{"type":"Feature","geometry":{"type":"Point","coordinates":[69.81488000,21.98403000]},"properties":{"GmlID":"Reservoir_Station.689","objectid":689,"station_id":"null","station_code":"2bd48fda-c3c1-4c29-a898-8437afea9eec","station_name":"Veradi-II","station_type":"Reservoir","lat":21.98403000,"long":69.81488000,"agency_name":"Gujarat","agency_id":null,"state_name":"Gujarat","state_code":"GJ","district__name":"Devbhumi Dwarka","district__code":"NULL","block__name":"Bhanvad","block__code":"NULL","basin__name":"West flowing rivers of Kutch and Saurashtra including Luni Basin","basin_code":"NULL","sub_basin__name":"Bhadar and other west flowing rivers","sub_basin__code":"NULL","created_date":"10/26/2021 12:00:08 AM","remarks":"194","remarks1":"NULL","remarks2":"65.4","remarks3":"0.00979","year":"NULL","remarks_":"NULL","remarks__":"NULL","remarks2_":"NULL","remarks3_":"NULL"}},
{"type":"Feature","geometry":{"type":"Point","coordinates":[70.76534300,22.37873000]},"properties":{"GmlID":"Reservoir_Station.690","objectid":690,"station_id":"null","station_code":"82118622-e909-479e-a1ab-d44fe2b699d3","station_name":"Aji - II","station_type":"Reservoir","lat":22.37873000,"long":70.76534300,"agency_name":"Gujarat","agency_id":null,"state_name":"Gujarat","state_code":"GJ","district__name":"Rajkot","district__code":"NULL","block__name":"Rajkot","block__code":"NULL","basin__name":"West flowing rivers of Kutch and Saurashtra including Luni Basin","basin_code":"NULL","sub_basin__name":"Drainage of Rann","sub_basin__code":"NULL","created_date":"10/26/2021 12:00:08 AM","remarks":"163","remarks1":"NULL","remarks2":"73.76","remarks3":"0.02209","year":"NULL","remarks_":"NULL","remarks__":"NULL","remarks2_":"NULL","remarks3_":"NULL"}},
{"type":"Feature","geometry":{"type":"Point","coordinates":[70.72950000,21.27890000]},"properties":{"GmlID":"Reservoir_Station.691","objectid":691,"station_id":"null","station_code":"2dc9160d-417e-4b2a-9d05-203d3e02a2bd","station_name":"Ambajal","station_type":"Reservoir","lat":21.27890000,"long":70.72950000,"agency_name":"Gujarat","agency_id":null,"state_name":"Gujarat","state_code":"GJ","district__name":"Junagadh","district__code":"NULL","block__name":"Visavadar","block__code":"NULL","basin__name":"West flowing rivers of Kutch and Saurashtra including Luni Basin","basin_code":"NULL","sub_basin__name":"Bhadar and other west flowing rivers","sub_basin__code":"NULL","created_date":"10/26/2021 12:00:08 AM","remarks":"134","remarks1":"NULL","remarks2":"182.31","remarks3":"0.01055","year":"NULL","remarks_":"NULL","remarks__":"NULL","remarks2_":"NULL","remarks3_":"NULL"}},
{"type":"Feature","geometry":{"type":"Point","coordinates":[73.69171800,23.32495800]},"properties":{"GmlID":"Reservoir_Station.692","objectid":692,"station_id":"null","station_code":"a766baf7-2e4b-44c5-8034-061db2d191a4","station_name":"Bhadar (P)","station_type":"Reservoir","lat":23.32495800,"long":73.69171800,"agency_name":"Gujarat","agency_id":null,"state_name":"Gujarat","state_code":"GJ","district__name":"Mahisagar","district__code":"NULL","block__name":"Kadana","block__code":"NULL","basin__name":"Mahi Basin","basin_code":"NULL","sub_basin__name":"Mahi Lower","sub_basin__code":"NULL","created_date":"10/26/2021 12:00:08 AM","remarks":"19","remarks1":"NULL","remarks2":"123.72","remarks3":"0.03095","year":"NULL","remarks_":"NULL","remarks__":"NULL","remarks2_":"NULL","remarks3_":"NULL"}},
{"type":"Feature","geometry":{"type":"Point","coordinates":[71.57490000,22.08610000]},"properties":{"GmlID":"Reservoir_Station.693","objectid":693,"station_id":"null","station_code":"aa5dd1bc-c7c3-46ee-a6d9-99d0bc9497b6","station_name":"Bhimdad","station_type":"Reservoir","lat":22.08610000,"long":71.57490000,"agency_name":"Gujarat","agency_id":null,"state_name":"Gujarat","state_code":"GJ","district__name":"Botad","district__code":"NULL","block__name":"Gadhada","block__code":"NULL","basin__name":"West flowing rivers of Kutch and Saurashtra including Luni Basin","basin_code":"NULL","sub_basin__name":"Shetranjuli and other east flowing rivers","sub_basin__code":"NULL","created_date":"10/26/2021 12:00:08 AM","remarks":"92","remarks1":"NULL","remarks2":"104.85","remarks3":"0.00679","year":"NULL","remarks_":"NULL","remarks__":"NULL","remarks2_":"NULL","remarks3_":"NULL"}},
{"type":"Feature","geometry":{"type":"Point","coordinates":[73.98662500,22.70038200]},"properties":{"GmlID":"Reservoir_Station.694","objectid":694,"station_id":"null","station_code":"19fb9b80-c274-483d-87c0-ab0c3da0f532","station_name":"WNKL.-BHEY","station_type":"Reservoir","lat":22.70038200,"long":73.98662500,"agency_name":"Gujarat","agency_id":null,"state_name":"Gujarat","state_code":"GJ","district__name":"Dohad","district__code":"NULL","block__name":"Dhanpur","block__code":"NULL","basin__name":"Mahi Basin","basin_code":"NULL","sub_basin__name":"Mahi Lower","sub_basin__code":"NULL","created_date":"10/26/2021 12:00:08 AM","remarks":"23","remarks1":"NULL","remarks2":"223.57","remarks3":"0.0133","year":"NULL","remarks_":"NULL","remarks__":"NULL","remarks2_":"NULL","remarks3_":"NULL"}},
{"type":"Feature","geometry":{"type":"Point","coordinates":[72.06310000,21.50450000]},"properties":{"GmlID":"Reservoir_Station.695","objectid":695,"station_id":"null","station_code":"736b9687-2387-4747-8ad5-052338dc0947","station_name":"Hamirpara","station_type":"Reservoir","lat":21.50450000,"long":72.06310000,"agency_name":"Gujarat","agency_id":null,"state_name":"Gujarat","state_code":"GJ","district__name":"Bhavnagar","district__code":"NULL","block__name":"Talaja","block__code":"NULL","basin__name":"West flowing rivers of Kutch and Saurashtra including Luni Basin","basin_code":"NULL","sub_basin__name":"Shetranjuli and other east flowing rivers","sub_basin__code":"NULL","created_date":"10/26/2021 12:00:08 AM","remarks":"85","remarks1":"NULL","remarks2":"87.8","remarks3":"0.00202","year":"NULL","remarks_":"NULL","remarks__":"NULL","remarks2_":"NULL","remarks3_":"NULL"}},
{"type":"Feature","geometry":{"type":"Point","coordinates":[70.80410000,22.00040000]},"properties":{"GmlID":"Reservoir_Station.696","objectid":696,"station_id":"null","station_code":"65b2fac1-7dd3-4980-ba01-8fabd1e5f144","station_name":"Veri","station_type":"Reservoir","lat":22.00040000,"long":70.80410000,"agency_name":"Gujarat","agency_id":null,"state_name":"Gujarat","state_code":"GJ","district__name":"Rajkot","district__code":"NULL","block__name":"Gondal","block__code":"NULL","basin__name":"West flowing rivers of Kutch and Saurashtra including Luni Basin","basin_code":"NULL","sub_basin__name":"Bhadar and other west flowing rivers","sub_basin__code":"NULL","created_date":"10/26/2021 12:00:08 AM","remarks":"156","remarks1":"NULL","remarks2":"142.04","remarks3":"0.00459","year":"NULL","remarks_":"NULL","remarks__":"NULL","remarks2_":"NULL","remarks3_":"NULL"}},
{"type":"Feature","geometry":{"type":"Point","coordinates":[70.84035900,22.30744100]},"properties":{"GmlID":"Reservoir_Station.697","objectid":697,"station_id":"null","station_code":"32eb8670-e9a3-488a-8885-252cd68fe49a","station_name":"Lalpari","station_type":"Reservoir","lat":22.30744100,"long":70.84035900,"agency_name":"Gujarat","agency_id":null,"state_name":"Gujarat","state_code":"GJ","district__name":"Rajkot","district__code":"NULL","block__name":"Rajkot","block__code":"NULL","basin__name":"West flowing rivers of Kutch and Saurashtra including Luni Basin","basin_code":"NULL","sub_basin__name":"Drainage of Rann","sub_basin__code":"NULL","created_date":"10/26/2021 12:00:08 AM","remarks":"162","remarks1":"NULL","remarks2":"137.46","remarks3":"0.00511","year":"NULL","remarks_":"NULL","remarks__":"NULL","remarks2_":"NULL","remarks3_":"NULL"}},
{"type":"Feature","geometry":{"type":"Point","coordinates":[70.40380000,22.40560000]},"properties":{"GmlID":"Reservoir_Station.698","objectid":698,"station_id":"null","station_code":"7af056cd-a64e-40a5-a486-9fcefd1acadf","station_name":"Und-I","station_type":"Reservoir","lat":22.40560000,"long":70.40380000,"agency_name":"Gujarat","agency_id":null,"state_name":"Gujarat","state_code":"GJ","district__name":"Jamnagar","district__code":"NULL","block__name":"Dhrol","block__code":"NULL","basin__name":"West flowing rivers of Kutch and Saurashtra including Luni Basin","basin_code":"NULL","sub_basin__name":"Drainage of Rann","sub_basin__code":"NULL","created_date":"10/26/2021 12:00:08 AM","remarks":"94","remarks1":"NULL","remarks2":"98","remarks3":"0.06905","year":"NULL","remarks_":"NULL","remarks__":"NULL","remarks2_":"NULL","remarks3_":"NULL"}},
{"type":"Feature","geometry":{"type":"Point","coordinates":[70.83469400,22.26765200]},"properties":{"GmlID":"Reservoir_Station.699","objectid":699,"station_id":"null","station_code":"37ce50e5-5cf7-41e6-8010-244d7c0a8397","station_name":"Aji-I","station_type":"Reservoir","lat":22.26765200,"long":70.83469400,"agency_name":"Gujarat","agency_id":null,"state_name":"Gujarat","state_code":"GJ","district__name":"Rajkot","district__code":"NULL","block__name":"Rajkot","block__code":"NULL","basin__name":"West flowing rivers of Kutch and Saurashtra including Luni Basin","basin_code":"NULL","sub_basin__name":"Drainage of Rann","sub_basin__code":"NULL","created_date":"10/26/2021 12:00:08 AM","remarks":"160","remarks1":"NULL","remarks2":"147.52","remarks3":"0.02643","year":"NULL","remarks_":"NULL","remarks__":"NULL","remarks2_":"NULL","remarks3_":"NULL"}},
{"type":"Feature","geometry":{"type":"Point","coordinates":[70.09960000,21.87899700]},"properties":{"GmlID":"Reservoir_Station.700","objectid":700,"station_id":"null","station_code":"4a453b13-2c74-48c6-9fc7-608f1400ae30","station_name":"Umiyasagar","station_type":"Reservoir","lat":21.87899700,"long":70.09960000,"agency_name":"Gujarat","agency_id":null,"state_name":"Gujarat","state_code":"GJ","district__name":"Jamnagar","district__code":"NULL","block__name":"Jam Jodhpur","block__code":"NULL","basin__name":"West flowing rivers of Kutch and Saurashtra including Luni Basin","basin_code":"NULL","sub_basin__name":"Bhadar and other west flowing rivers","sub_basin__code":"NULL","created_date":"10/26/2021 12:00:08 AM","remarks":"103","remarks1":"NULL","remarks2":"71.05","remarks3":"0.00155","year":"NULL","remarks_":"NULL","remarks__":"NULL","remarks2_":"NULL","remarks3_":"NULL"}},
{"type":"Feature","geometry":{"type":"Point","coordinates":[71.43140000,21.12530000]},"properties":{"GmlID":"Reservoir_Station.701","objectid":701,"station_id":"null","station_code":"3957955d-8c00-4b73-bee1-2266e92f0c52","station_name":"Dhatarvadi","station_type":"Reservoir","lat":21.12530000,"long":71.43140000,"agency_name":"Gujarat","agency_id":null,"state_name":"Gujarat","state_code":"GJ","district__name":"Amreli","district__code":"NULL","block__name":"Rajula","block__code":"NULL","basin__name":"West flowing rivers of Kutch and Saurashtra including Luni Basin","basin_code":"NULL","sub_basin__name":"Shetranjuli and other east flowing rivers","sub_basin__code":"NULL","created_date":"10/26/2021 12:00:08 AM","remarks":"67","remarks1":"NULL","remarks2":"81.23","remarks3":"0.02692","year":"NULL","remarks_":"NULL","remarks__":"NULL","remarks2_":"NULL","remarks3_":"NULL"}},
{"type":"Feature","geometry":{"type":"Point","coordinates":[69.96700000,21.41280000]},"properties":{"GmlID":"Reservoir_Station.702","objectid":702,"station_id":"null","station_code":"0653b33d-d8f3-45f8-b207-e1efad3d2e24","station_name":"Amipur","station_type":"Reservoir","lat":21.41280000,"long":69.96700000,"agency_name":"Gujarat","agency_id":null,"state_name":"Gujarat","state_code":"GJ","district__name":"Porbandar","district__code":"NULL","block__name":"Kutiyana","block__code":"NULL","basin__name":"West flowing rivers of Kutch and Saurashtra including Luni Basin","basin_code":"NULL","sub_basin__name":"Bhadar and other west flowing rivers","sub_basin__code":"NULL","created_date":"10/26/2021 12:00:08 AM","remarks":"145","remarks1":"NULL","remarks2":"5.64","remarks3":"0.03","year":"NULL","remarks_":"NULL","remarks__":"NULL","remarks2_":"NULL","remarks3_":"NULL"}},
{"type":"Feature","geometry":{"type":"Point","coordinates":[70.86250000,22.05960000]},"properties":{"GmlID":"Reservoir_Station.703","objectid":703,"station_id":"null","station_code":"6d2135be-86af-4b0e-afaf-c57db1213272","station_name":"Vachhapari","station_type":"Reservoir","lat":22.05960000,"long":70.86250000,"agency_name":"Gujarat","agency_id":null,"state_name":"Gujarat","state_code":"GJ","district__name":"Rajkot","district__code":"NULL","block__name":"Kotada Sangani","block__code":"NULL","basin__name":"West flowing rivers of Kutch and Saurashtra including Luni Basin","basin_code":"NULL","sub_basin__name":"Bhadar and other west flowing rivers","sub_basin__code":"NULL","created_date":"10/26/2021 12:00:08 AM","remarks":"175","remarks1":"NULL","remarks2":"43.89","remarks3":"0.00612","year":"NULL","remarks_":"NULL","remarks__":"NULL","remarks2_":"NULL","remarks3_":"NULL"}},
{"type":"Feature","geometry":{"type":"Point","coordinates":[73.38618360,21.39240247]},"properties":{"GmlID":"Reservoir_Station.704","objectid":704,"station_id":"null","station_code":"deef74c4-5422-4c4f-895b-9d7caa891943","station_name":"Ver-II","station_type":"Reservoir","lat":21.39240247,"long":73.38618360,"agency_name":"Gujarat","agency_id":null,"state_name":"Gujarat","state_code":"GJ","district__name":"Surat","district__code":"NULL","block__name":"Mandvi","block__code":"NULL","basin__name":"Tapi Basin","basin_code":"NULL","sub_basin__name":"Tapi Lower","sub_basin__code":"NULL","created_date":"10/26/2021 12:00:08 AM","remarks":"38","remarks1":"NULL","remarks2":"115.8","remarks3":"0.0383","year":"NULL","remarks_":"NULL","remarks__":"NULL","remarks2_":"NULL","remarks3_":"NULL"}},
{"type":"Feature","geometry":{"type":"Point","coordinates":[73.59194400,21.25166700]},"properties":{"GmlID":"Reservoir_Station.705","objectid":705,"station_id":"null","station_code":"932eaeae-27d8-44cc-9fde-5898b67d1f76","station_name":"Ukai","station_type":"Reservoir","lat":21.25166700,"long":73.59194400,"agency_name":"Gujarat","agency_id":null,"state_name":"Gujarat","state_code":"GJ","district__name":"Tapi","district__code":"NULL","block__name":"Songadh","block__code":"NULL","basin__name":"Tapi Basin","basin_code":"NULL","sub_basin__name":"Tapi Middle","sub_basin__code":"NULL","created_date":"10/26/2021 12:00:08 AM","remarks":"36","remarks1":"NULL","remarks2":"105.156","remarks3":"7.41429","year":"NULL","remarks_":"NULL","remarks__":"NULL","remarks2_":"NULL","remarks3_":"NULL"}},
{"type":"Feature","geometry":{"type":"Point","coordinates":[70.36145700,22.63479800]},"properties":{"GmlID":"Reservoir_Station.706","objectid":706,"station_id":"null","station_code":"4ce69572-1c94-40b8-8631-d39907fff198","station_name":"Und-II","station_type":"Reservoir","lat":22.63479800,"long":70.36145700,"agency_name":"Gujarat","agency_id":null,"state_name":"Gujarat","state_code":"GJ","district__name":"Jamnagar","district__code":"NULL","block__name":"Jodiya","block__code":"NULL","basin__name":"West flowing rivers of Kutch and Saurashtra including Luni Basin","basin_code":"NULL","sub_basin__name":"Drainage of Rann","sub_basin__code":"NULL","created_date":"10/26/2021 12:00:08 AM","remarks":"106","remarks1":"NULL","remarks2":"18.25","remarks3":"0.03712","year":"NULL","remarks_":"NULL","remarks__":"NULL","remarks2_":"NULL","remarks3_":"NULL"}},
{"type":"Feature","geometry":{"type":"Point","coordinates":[70.61070000,22.61780000]},"properties":{"GmlID":"Reservoir_Station.707","objectid":707,"station_id":"null","station_code":"5c27afa7-2820-4aa9-a893-b1aeeb6738fe","station_name":"Bangawadi","station_type":"Reservoir","lat":22.61780000,"long":70.61070000,"agency_name":"Gujarat","agency_id":null,"state_name":"Gujarat","state_code":"GJ","district__name":"Morbi","district__code":"NULL","block__name":"Tankara","block__code":"NULL","basin__name":"West flowing rivers of Kutch and Saurashtra including Luni Basin","basin_code":"NULL","sub_basin__name":"Drainage of Rann","sub_basin__code":"NULL","created_date":"10/26/2021 12:00:08 AM","remarks":"178","remarks1":"NULL","remarks2":"42.65","remarks3":"0.00767","year":"NULL","remarks_":"NULL","remarks__":"NULL","remarks2_":"NULL","remarks3_":"NULL"}},
{"type":"Feature","geometry":{"type":"Point","coordinates":[71.13940000,22.89390000]},"properties":{"GmlID":"Reservoir_Station.708","objectid":708,"station_id":"null","station_code":"72e4fedd-4775-4905-9f74-3adb7330d053","station_name":"Brahmani","station_type":"Reservoir","lat":22.89390000,"long":71.13940000,"agency_name":"Gujarat","agency_id":null,"state_name":"Gujarat","state_code":"GJ","district__name":"Morbi","district__code":"NULL","block__name":"Halvad","block__code":"NULL","basin__name":"West flowing rivers of Kutch and Saurashtra including Luni Basin","basin_code":"NULL","sub_basin__name":"Saraswati","sub_basin__code":"NULL","created_date":"10/26/2021 12:00:08 AM","remarks":"189","remarks1":"NULL","remarks2":"64.62","remarks3":"0.05833","year":"NULL","remarks_":"NULL","remarks__":"NULL","remarks2_":"NULL","remarks3_":"NULL"}},
{"type":"Feature","geometry":{"type":"Point","coordinates":[70.48470100,22.71429100]},"properties":{"GmlID":"Reservoir_Station.709","objectid":709,"station_id":"null","station_code":"175b59d9-4534-4e19-bdbb-7af90a7a9a86","station_name":"Aji-IV","station_type":"Reservoir","lat":22.71429100,"long":70.48470100,"agency_name":"Gujarat","agency_id":null,"state_name":"Gujarat","state_code":"GJ","district__name":"Jamnagar","district__code":"NULL","block__name":"Jodiya","block__code":"NULL","basin__name":"West flowing rivers of Kutch and Saurashtra including Luni Basin","basin_code":"NULL","sub_basin__name":"Drainage of Rann","sub_basin__code":"NULL","created_date":"10/26/2021 12:00:08 AM","remarks":"111","remarks1":"NULL","remarks2":"20.4","remarks3":"0.03983","year":"NULL","remarks_":"NULL","remarks__":"NULL","remarks2_":"NULL","remarks3_":"NULL"}},
{"type":"Feature","geometry":{"type":"Point","coordinates":[70.44680000,22.18520000]},"properties":{"GmlID":"Reservoir_Station.710","objectid":710,"station_id":"null","station_code":"f5832b3f-ddbe-4fa9-a9f0-39bbb375ea8f","station_name":"Und-III","station_type":"Reservoir","lat":22.18520000,"long":70.44680000,"agency_name":"Gujarat","agency_id":null,"state_name":"Gujarat","state_code":"GJ","district__name":"Jamnagar","district__code":"NULL","block__name":"Kalavad","block__code":"NULL","basin__name":"West flowing rivers of Kutch and Saurashtra including Luni Basin","basin_code":"NULL","sub_basin__name":"Drainage of Rann","sub_basin__code":"NULL","created_date":"10/26/2021 12:00:08 AM","remarks":"121","remarks1":"NULL","remarks2":"110.6","remarks3":"0.00469","year":"NULL","remarks_":"NULL","remarks__":"NULL","remarks2_":"NULL","remarks3_":"NULL"}},
{"type":"Feature","geometry":{"type":"Point","coordinates":[71.09880000,22.31300000]},"properties":{"GmlID":"Reservoir_Station.711","objectid":711,"station_id":"null","station_code":"a3c765af-b1d6-4b86-8e0a-884ee97c7d3d","station_name":"Triveni Thanga","station_type":"Reservoir","lat":22.31300000,"long":71.09880000,"agency_name":"Gujarat","agency_id":null,"state_name":"Gujarat","state_code":"GJ","district__name":"Surendranagar","district__code":"NULL","block__name":"Chotila","block__code":"NULL","basin__name":"West flowing rivers of Kutch and Saurashtra including Luni Basin","basin_code":"NULL","sub_basin__name":"Saraswati","sub_basin__code":"NULL","created_date":"10/26/2021 12:00:08 AM","remarks":"193","remarks1":"NULL","remarks2":"208","remarks3":"0.00323","year":"NULL","remarks_":"NULL","remarks__":"NULL","remarks2_":"NULL","remarks3_":"NULL"}},
{"type":"Feature","geometry":{"type":"Point","coordinates":[69.60439100,21.91856700]},"properties":{"GmlID":"Reservoir_Station.712","objectid":712,"station_id":"null","station_code":"c9685113-6f35-443a-be0f-beb1a9cc1ebc","station_name":"Advana","station_type":"Reservoir","lat":21.91856700,"long":69.60439100,"agency_name":"Gujarat","agency_id":null,"state_name":"Gujarat","state_code":"GJ","district__name":"Porbandar","district__code":"NULL","block__name":"Porbandar","block__code":"NULL","basin__name":"West flowing rivers of Kutch and Saurashtra including Luni Basin","basin_code":"NULL","sub_basin__name":"Bhadar and other west flowing rivers","sub_basin__code":"NULL","created_date":"10/26/2021 12:00:08 AM","remarks":"147","remarks1":"NULL","remarks2":"24","remarks3":"0.00261","year":"NULL","remarks_":"NULL","remarks__":"NULL","remarks2_":"NULL","remarks3_":"NULL"}},
{"type":"Feature","geometry":{"type":"Point","coordinates":[70.57273900,22.51699700]},"properties":{"GmlID":"Reservoir_Station.713","objectid":713,"station_id":"null","station_code":"e3e40ff6-e912-42f9-840f-62ae9bd22963","station_name":"Aji-III","station_type":"Reservoir","lat":22.51699700,"long":70.57273900,"agency_name":"Gujarat","agency_id":null,"state_name":"Gujarat","state_code":"GJ","district__name":"Rajkot","district__code":"NULL","block__name":"Paddhari","block__code":"NULL","basin__name":"West flowing rivers of Kutch and Saurashtra including Luni Basin","basin_code":"NULL","sub_basin__name":"Drainage of Rann","sub_basin__code":"NULL","created_date":"10/26/2021 12:00:08 AM","remarks":"151","remarks1":"NULL","remarks2":"53.15","remarks3":"0.04975","year":"NULL","remarks_":"NULL","remarks__":"NULL","remarks2_":"NULL","remarks3_":"NULL"}},
{"type":"Feature","geometry":{"type":"Point","coordinates":[69.05063800,23.20061500]},"properties":{"GmlID":"Reservoir_Station.714","objectid":714,"station_id":"null","station_code":"15b81cab-77be-4bcf-a8e9-f2872fac0a46","station_name":"Berachia","station_type":"Reservoir","lat":23.20061500,"long":69.05063800,"agency_name":"Gujarat","agency_id":null,"state_name":"Gujarat","state_code":"GJ","district__name":"Kachchh","district__code":"NULL","block__name":"Abdasa","block__code":"NULL","basin__name":"West flowing rivers of Kutch and Saurashtra including Luni Basin","basin_code":"NULL","sub_basin__name":"Drainage of Rann","sub_basin__code":"NULL","created_date":"10/26/2021 12:00:08 AM","remarks":"60","remarks1":"NULL","remarks2":"70.4","remarks3":"0.00685","year":"NULL","remarks_":"NULL","remarks__":"NULL","remarks2_":"NULL","remarks3_":"NULL"}},
{"type":"Feature","geometry":{"type":"Point","coordinates":[70.86610000,22.76400000]},"properties":{"GmlID":"Reservoir_Station.715","objectid":715,"station_id":"null","station_code":"54ce8646-7473-4ec1-b7e1-7e10db144a5e","station_name":"Machchhu-II","station_type":"Reservoir","lat":22.76400000,"long":70.86610000,"agency_name":"Gujarat","agency_id":null,"state_name":"Gujarat","state_code":"GJ","district__name":"Morbi","district__code":"NULL","block__name":"Morbi","block__code":"NULL","basin__name":"West flowing rivers of Kutch and Saurashtra including Luni Basin","basin_code":"NULL","sub_basin__name":"Saraswati","sub_basin__code":"NULL","created_date":"10/26/2021 12:00:08 AM","remarks":"150","remarks1":"NULL","remarks2":"57.3","remarks3":"0.0879","year":"NULL","remarks_":"NULL","remarks__":"NULL","remarks2_":"NULL","remarks3_":"NULL"}},
{"type":"Feature","geometry":{"type":"Point","coordinates":[69.95480000,22.34360000]},"properties":{"GmlID":"Reservoir_Station.716","objectid":716,"station_id":"null","station_code":"d3d8582f-99a0-42f5-b65b-e3e67091e514","station_name":"Sasoi","station_type":"Reservoir","lat":22.34360000,"long":69.95480000,"agency_name":"Gujarat","agency_id":null,"state_name":"Gujarat","state_code":"GJ","district__name":"Jamnagar","district__code":"NULL","block__name":"Lalpur","block__code":"NULL","basin__name":"West flowing rivers of Kutch and Saurashtra including Luni Basin","basin_code":"NULL","sub_basin__name":"Drainage of Rann","sub_basin__code":"NULL","created_date":"10/26/2021 12:00:08 AM","remarks":"96","remarks1":"NULL","remarks2":"28.95","remarks3":"0.03797","year":"NULL","remarks_":"NULL","remarks__":"NULL","remarks2_":"NULL","remarks3_":"NULL"}},
{"type":"Feature","geometry":{"type":"Point","coordinates":[73.06031500,20.19359500]},"properties":{"GmlID":"Reservoir_Station.717","objectid":717,"station_id":"null","station_code":"38bdc267-034f-49c8-8957-fbc9e6672ed2","station_name":"Damanganga","station_type":"Reservoir","lat":20.19359500,"long":73.06031500,"agency_name":"Gujarat","agency_id":null,"state_name":"Gujarat","state_code":"GJ","district__name":"Valsad","district__code":"NULL","block__name":"Kaparada","block__code":"NULL","basin__name":"West flowing rivers from Tapi to Tadri Basin","basin_code":"NULL","sub_basin__name":"Bhatsol and others","sub_basin__code":"NULL","created_date":"10/26/2021 12:00:08 AM","remarks":"42","remarks1":"NULL","remarks2":"79.86","remarks3":"0.52486","year":"NULL","remarks_":"NULL","remarks__":"NULL","remarks2_":"NULL","remarks3_":"NULL"}},
{"type":"Feature","geometry":{"type":"Point","coordinates":[71.95530000,21.48810000]},"properties":{"GmlID":"Reservoir_Station.718","objectid":718,"station_id":"null","station_code":"265d5d44-3ae5-477b-a919-ac20b81cace7","station_name":"Pingli","station_type":"Reservoir","lat":21.48810000,"long":71.95530000,"agency_name":"Gujarat","agency_id":null,"state_name":"Gujarat","state_code":"GJ","district__name":"Bhavnagar","district__code":"NULL","block__name":"Talaja","block__code":"NULL","basin__name":"West flowing rivers of Kutch and Saurashtra including Luni Basin","basin_code":"NULL","sub_basin__name":"Shetranjuli and other east flowing rivers","sub_basin__code":"NULL","created_date":"10/26/2021 12:00:08 AM","remarks":"88","remarks1":"NULL","remarks2":"51.3","remarks3":"0.00211","year":"NULL","remarks_":"NULL","remarks__":"NULL","remarks2_":"NULL","remarks3_":"NULL"}},
{"type":"Feature","geometry":{"type":"Point","coordinates":[71.88023400,21.47417500]},"properties":{"GmlID":"Reservoir_Station.719","objectid":719,"station_id":"null","station_code":"5072e1b6-0eb9-431a-b06e-57ffa8a84d02","station_name":"Shetrunji","station_type":"Reservoir","lat":21.47417500,"long":71.88023400,"agency_name":"Gujarat","agency_id":null,"state_name":"Gujarat","state_code":"GJ","district__name":"Bhavnagar","district__code":"NULL","block__name":"Palitana","block__code":"NULL","basin__name":"West flowing rivers of Kutch and Saurashtra including Luni Basin","basin_code":"NULL","sub_basin__name":"Shetranjuli and other east flowing rivers","sub_basin__code":"NULL","created_date":"10/26/2021 12:00:08 AM","remarks":"76","remarks1":"NULL","remarks2":"55.53","remarks3":"0.30868","year":"NULL","remarks_":"NULL","remarks__":"NULL","remarks2_":"NULL","remarks3_":"NULL"}},
{"type":"Feature","geometry":{"type":"Point","coordinates":[71.46950000,21.98170000]},"properties":{"GmlID":"Reservoir_Station.720","objectid":720,"station_id":"null","station_code":"3cd538cb-9e21-4a4b-9583-a12bfd10e775","station_name":"Limbali","station_type":"Reservoir","lat":21.98170000,"long":71.46950000,"agency_name":"Gujarat","agency_id":null,"state_name":"Gujarat","state_code":"GJ","district__name":"Botad","district__code":"NULL","block__name":"Gadhada","block__code":"NULL","basin__name":"West flowing rivers of Kutch and Saurashtra including Luni Basin","basin_code":"NULL","sub_basin__name":"Shetranjuli and other east flowing rivers","sub_basin__code":"NULL","created_date":"10/26/2021 12:00:08 AM","remarks":"83","remarks1":"NULL","remarks2":"118","remarks3":"0.00001","year":"NULL","remarks_":"NULL","remarks__":"NULL","remarks2_":"NULL","remarks3_":"NULL"}},
{"type":"Feature","geometry":{"type":"Point","coordinates":[71.74410000,21.62060000]},"properties":{"GmlID":"Reservoir_Station.721","objectid":721,"station_id":"null","station_code":"d11eb2e2-b97d-4254-94ab-a5d8a2b387ab","station_name":"Hanol","station_type":"Reservoir","lat":21.62060000,"long":71.74410000,"agency_name":"Gujarat","agency_id":null,"state_name":"Gujarat","state_code":"GJ","district__name":"Bhavnagar","district__code":"NULL","block__name":"Palitana","block__code":"NULL","basin__name":"West flowing rivers of Kutch and Saurashtra including Luni Basin","basin_code":"NULL","sub_basin__name":"Shetranjuli and other east flowing rivers","sub_basin__code":"NULL","created_date":"10/26/2021 12:00:08 AM","remarks":"86","remarks1":"NULL","remarks2":"90.1","remarks3":"0.0056","year":"NULL","remarks_":"NULL","remarks__":"NULL","remarks2_":"NULL","remarks3_":"NULL"}},
{"type":"Feature","geometry":{"type":"Point","coordinates":[73.29918300,23.98503700]},"properties":{"GmlID":"Reservoir_Station.722","objectid":722,"station_id":"null","station_code":"fd8f64e1-50fa-4f98-949e-ec61a26275e2","station_name":"Harnav-II","station_type":"Reservoir","lat":23.98503700,"long":73.29918300,"agency_name":"Gujarat","agency_id":null,"state_name":"Gujarat","state_code":"GJ","district__name":"Sabar Kantha","district__code":"NULL","block__name":"Vijaynagar","block__code":"NULL","basin__name":"Sabarmati Basin","basin_code":"NULL","sub_basin__name":"Sabarmati Upper","sub_basin__code":"NULL","created_date":"10/26/2021 12:00:08 AM","remarks":"33","remarks1":"NULL","remarks2":"332","remarks3":"0.02167","year":"NULL","remarks_":"NULL","remarks__":"NULL","remarks2_":"NULL","remarks3_":"NULL"}},
{"type":"Feature","geometry":{"type":"Point","coordinates":[78.87127830,13.79438600]},"properties":{"GmlID":"Reservoir_Station.723","objectid":723,"station_id":"null","station_code":"78ae5c1e-336d-11e9-b210-d663bd873d93","station_name":"ADAVIPALLI RESERVOIR","station_type":"Reservoir","lat":13.79438600,"long":78.87127830,"agency_name":"APWRIMS","agency_id":null,"state_name":"Andhra Pradesh","state_code":"AP","district__name":"Chittoor","district__code":"NULL","block__name":"Kambhamvaripalle","block__code":"NULL","basin__name":"Pennar Basin","basin_code":"NULL","sub_basin__name":"Pennar Lower","sub_basin__code":"NULL","created_date":"11/11/2021 12:00:08 AM","remarks":"NULL","remarks1":"{\\\"designcapacity\\\": 1.418, \\\"deadstoragelevel\\\": 480.0, \\\"deadstorage\\\": 0.329, \\\"fullreservoirlevel\\\": 492.0, \\\"live_capacity_frl\\\": 0.04}","remarks2":"492","remarks3":"0.04","year":"NULL","remarks_":"NULL","remarks__":"NULL","remarks2_":"NULL","remarks3_":"NULL"}},
{"type":"Feature","geometry":{"type":"Point","coordinates":[78.41342500,15.71321667]},"properties":{"GmlID":"Reservoir_Station.724","objectid":724,"station_id":"null","station_code":"0e6be4a2-db2a-42c0-a01d-9de81d835a5e","station_name":"ALAGANURU BALANCING RESERVOIR","station_type":"Reservoir","lat":15.71321667,"long":78.41342500,"agency_name":"APWRIMS","agency_id":null,"state_name":"Andhra Pradesh","state_code":"AP","district__name":"Kurnool","district__code":"NULL","block__name":"Gadivemula","block__code":"NULL","basin__name":"Pennar Basin","basin_code":"NULL","sub_basin__name":"Pennar Upper","sub_basin__code":"NULL","created_date":"11/11/2021 12:00:08 AM","remarks":"NULL","remarks1":"{\\\"designcapacity\\\": 5.94, \\\"deadstoragelevel\\\": 248.4994776, \\\"deadstorage\\\": 0.0, \\\"fullreservoirlevel\\\": 529.998432, \\\"live_capacity_frl\\\": 0.084}","remarks2":"529.998432","remarks3":"0.084","year":"NULL","remarks_":"NULL","remarks__":"NULL","remarks2_":"NULL","remarks3_":"NULL"}},
{"type":"Feature","geometry":{"type":"Point","coordinates":[83.19718611,18.34953889]},"properties":{"GmlID":"Reservoir_Station.725","objectid":725,"station_id":"null","station_code":"0ee778a9-845d-4235-b933-998f6803986b","station_name":"ANDRA RESERVOIR","station_type":"Reservoir","lat":18.34953889,"long":83.19718611,"agency_name":"APWRIMS","agency_id":null,"state_name":"Andhra Pradesh","state_code":"AP","district__name":"Vizianagaram","district__code":"NULL","block__name":"Mentada","block__code":"NULL","basin__name":"East flowing rivers between Mahanadi and Pennar Basin","basin_code":"NULL","sub_basin__name":"Nagvati and other","sub_basin__code":"NULL","created_date":"11/11/2021 12:00:08 AM","remarks":"NULL","remarks1":"{\\\"designcapacity\\\": 1.96, \\\"deadstoragelevel\\\": 134.112, \\\"deadstorage\\\": 0.05, \\\"fullreservoirlevel\\\": 291.803328, \\\"live_capacity_frl\\\": 0.028}","remarks2":"291.803328","remarks3":"0.028","year":"NULL","remarks_":"NULL","remarks__":"NULL","remarks2_":"NULL","remarks3_":"NULL"}},
{"type":"Feature","geometry":{"type":"Point","coordinates":[79.74559444,13.41835000]},"properties":{"GmlID":"Reservoir_Station.726","objectid":726,"station_id":"null","station_code":"aa64b669-3cd2-4483-b2f5-d1f123384726","station_name":"ARANIAR RESERVOIR","station_type":"Reservoir","lat":13.41835000,"long":79.74559444,"agency_name":"APWRIMS","agency_id":null,"state_name":"Andhra Pradesh","state_code":"AP","district__name":"Chittoor","district__code":"NULL","block__name":"Chennakesavapuram","block__code":"NULL","basin__name":"East flowing rivers between Pennar and Kanyakumari Basin","basin_code":"NULL","sub_basin__name":"Palar and other","sub_basin__code":"NULL","created_date":"11/11/2021 12:00:08 AM","remarks":"NULL","remarks1":"{\\\"designcapacity\\\": 3.7, \\\"deadstoragelevel\\\": 77.38872, \\\"deadstorage\\\": 0.03, \\\"fullreservoirlevel\\\": 171.2976, \\\"live_capacity_frl\\\": 0.052}","remarks2":"171.2976","remarks3":"0.052","year":"NULL","remarks_":"NULL","remarks__":"NULL","remarks2_":"NULL","remarks3_":"NULL"}},
{"type":"Feature","geometry":{"type":"Point","coordinates":[78.62878889,13.56298889]},"properties":{"GmlID":"Reservoir_Station.727","objectid":727,"station_id":"null","station_code":"bc72176a-4dab-11e6-a0d5-68f72823d03e","station_name":"BAHUDA RESERVOIR","station_type":"Reservoir","lat":13.56298889,"long":78.62878889,"agency_name":"APWRIMS","agency_id":null,"state_name":"Andhra Pradesh","state_code":"AP","district__name":"Chittoor","district__code":"NULL","block__name":"Nimmanapalle","block__code":"NULL","basin__name":"Pennar Basin","basin_code":"NULL","sub_basin__name":"Pennar Lower","sub_basin__code":"NULL","created_date":"11/11/2021 12:00:08 AM","remarks":"NULL","remarks1":"{\\\"designcapacity\\\": 0.796, \\\"deadstoragelevel\\\": 602.8956192, \\\"deadstorage\\\": 0.02, \\\"fullreservoirlevel\\\": 1228.344, \\\"live_capacity_frl\\\": 0.011}","remarks2":"1228.344","remarks3":"0.011","year":"NULL","remarks_":"NULL","remarks__":"NULL","remarks2_":"NULL","remarks3_":"NULL"}},
{"type":"Feature","geometry":{"type":"Point","coordinates":[73.40626700,21.61602100]},"properties":{"GmlID":"Reservoir_Station.728","objectid":728,"station_id":"null","station_code":"a18b8ec9-2707-4515-a009-bc7e0cef03e5","station_name":"Baldeva","station_type":"Reservoir","lat":21.61602100,"long":73.40626700,"agency_name":"Gujarat","agency_id":null,"state_name":"Gujarat","state_code":"GJ","district__name":"Bharuch","district__code":"NULL","block__name":"Netrang","block__code":"NULL","basin__name":"Tapi Basin","basin_code":"NULL","sub_basin__name":"Tapi Lower","sub_basin__code":"NULL","created_date":"10/26/2021 12:00:08 AM","remarks":"9","remarks1":"NULL","remarks2":"141.5","remarks3":"0.00815","year":"NULL","remarks_":"NULL","remarks__":"NULL","remarks2_":"NULL","remarks3_":"NULL"}},
{"type":"Feature","geometry":{"type":"Point","coordinates":[69.34510000,21.95270000]},"properties":{"GmlID":"Reservoir_Station.729","objectid":729,"station_id":"null","station_code":"1e900e9a-05d2-4d86-9a8f-e47f215201dc","station_name":"Sindhani","station_type":"Reservoir","lat":21.95270000,"long":69.34510000,"agency_name":"Gujarat","agency_id":null,"state_name":"Gujarat","state_code":"GJ","district__name":"Devbhumi Dwarka","district__code":"NULL","block__name":"Kalyanpur","block__code":"NULL","basin__name":"West flowing rivers of Kutch and Saurashtra including Luni Basin","basin_code":"NULL","sub_basin__name":"Bhadar and other west flowing rivers","sub_basin__code":"NULL","created_date":"10/26/2021 12:00:08 AM","remarks":"122","remarks1":"NULL","remarks2":"16.35","remarks3":"0.00873","year":"NULL","remarks_":"NULL","remarks__":"NULL","remarks2_":"NULL","remarks3_":"NULL"}},
{"type":"Feature","geometry":{"type":"Point","coordinates":[73.05264500,23.70363700]},"properties":{"GmlID":"Reservoir_Station.730","objectid":730,"station_id":"null","station_code":"e1d31d0b-092c-40ac-8dba-04386ef3ef72","station_name":"Guhai","station_type":"Reservoir","lat":23.70363700,"long":73.05264500,"agency_name":"Gujarat","agency_id":null,"state_name":"Gujarat","state_code":"GJ","district__name":"Sabar Kantha","district__code":"NULL","block__name":"Himatnagar","block__code":"NULL","basin__name":"Sabarmati Basin","basin_code":"NULL","sub_basin__name":"Sabarmati Upper","sub_basin__code":"NULL","created_date":"10/26/2021 12:00:08 AM","remarks":"28","remarks1":"NULL","remarks2":"173","remarks3":"0.06875","year":"NULL","remarks_":"NULL","remarks__":"NULL","remarks2_":"NULL","remarks3_":"NULL"}},
{"type":"Feature","geometry":{"type":"Point","coordinates":[70.97060000,22.46760000]},"properties":{"GmlID":"Reservoir_Station.731","objectid":731,"station_id":"null","station_code":"fb17e80b-f90a-46ff-b39c-6be022b0c939","station_name":"Machchhu - I","station_type":"Reservoir","lat":22.46760000,"long":70.97060000,"agency_name":"Gujarat","agency_id":null,"state_name":"Gujarat","state_code":"GJ","district__name":"Morbi","district__code":"NULL","block__name":"Wankaner","block__code":"NULL","basin__name":"West flowing rivers of Kutch and Saurashtra including Luni Basin","basin_code":"NULL","sub_basin__name":"Saraswati","sub_basin__code":"NULL","created_date":"10/26/2021 12:00:08 AM","remarks":"158","remarks1":"NULL","remarks2":"135.33","remarks3":"0.06895","year":"NULL","remarks_":"NULL","remarks__":"NULL","remarks2_":"NULL","remarks3_":"NULL"}},
{"type":"Feature","geometry":{"type":"Point","coordinates":[70.62288500,21.88907800]},"properties":{"GmlID":"Reservoir_Station.732","objectid":732,"station_id":"null","station_code":"0d8c76eb-bf1d-4939-aef8-cdfa35a6113d","station_name":"Chhaparwadi-II","station_type":"Reservoir","lat":21.88907800,"long":70.62288500,"agency_name":"Gujarat","agency_id":null,"state_name":"Gujarat","state_code":"GJ","district__name":"Rajkot","district__code":"NULL","block__name":"Jetpur","block__code":"NULL","basin__name":"West flowing rivers of Kutch and Saurashtra including Luni Basin","basin_code":"NULL","sub_basin__name":"Bhadar and other west flowing rivers","sub_basin__code":"NULL","created_date":"10/26/2021 12:00:08 AM","remarks":"165","remarks1":"NULL","remarks2":"98.38","remarks3":"0.01662","year":"NULL","remarks_":"NULL","remarks__":"NULL","remarks2_":"NULL","remarks3_":"NULL"}},
{"type":"Feature","geometry":{"type":"Point","coordinates":[73.18603000,23.69970000]},"properties":{"GmlID":"Reservoir_Station.733","objectid":733,"station_id":"null","station_code":"863a874b-e7bf-4359-b769-545cb22157c4","station_name":"Hathmati","station_type":"Reservoir","lat":23.69970000,"long":73.18603000,"agency_name":"Gujarat","agency_id":null,"state_name":"Gujarat","state_code":"GJ","district__name":"Sabar Kantha","district__code":"NULL","block__name":"Himatnagar","block__code":"NULL","basin__name":"Sabarmati Basin","basin_code":"NULL","sub_basin__name":"Sabarmati Upper","sub_basin__code":"NULL","created_date":"10/26/2021 12:00:08 AM","remarks":"D00640","remarks1":"NULL","remarks2":"180.74","remarks3":"0.153","year":"NULL","remarks_":"NULL","remarks__":"NULL","remarks2_":"NULL","remarks3_":"NULL"}},
{"type":"Feature","geometry":{"type":"Point","coordinates":[70.63070000,21.62780000]},"properties":{"GmlID":"Reservoir_Station.734","objectid":734,"station_id":"null","station_code":"85889661-8c67-4dd6-9083-ba373441ac02","station_name":"Uben","station_type":"Reservoir","lat":21.62780000,"long":70.63070000,"agency_name":"Gujarat","agency_id":null,"state_name":"Gujarat","state_code":"GJ","district__name":"Junagadh","district__code":"NULL","block__name":"Bhesan","block__code":"NULL","basin__name":"West flowing rivers of Kutch and Saurashtra including Luni Basin","basin_code":"NULL","sub_basin__name":"Bhadar and other west flowing rivers","sub_basin__code":"NULL","created_date":"10/26/2021 12:00:08 AM","remarks":"128","remarks1":"NULL","remarks2":"107.61","remarks3":"0.0162","year":"NULL","remarks_":"NULL","remarks__":"NULL","remarks2_":"NULL","remarks3_":"NULL"}},
{"type":"Feature","geometry":{"type":"Point","coordinates":[81.76515000,17.44689444]},"properties":{"GmlID":"Reservoir_Station.735","objectid":735,"station_id":"null","station_code":"2648f159-1f97-4b04-bdd9-24d5fd3c6f08","station_name":"BHUPATIPALEM RESERVOIR","station_type":"Reservoir","lat":17.44689444,"long":81.76515000,"agency_name":"APWRIMS","agency_id":null,"state_name":"Andhra Pradesh","state_code":"AP","district__name":"East Godavari","district__code":"NULL","block__name":"Rampa Chodavaram","block__code":"NULL","basin__name":"Godavari Basin","basin_code":"NULL","sub_basin__name":"Godavari Lower","sub_basin__code":"NULL","created_date":"11/11/2021 12:00:08 AM","remarks":"NULL","remarks1":"{\\\"designcapacity\\\": 1.3, \\\"deadstoragelevel\\\": 194.748912, \\\"deadstorage\\\": 0.14, \\\"fullreservoirlevel\\\": 407.999184, \\\"live_capacity_frl\\\": 0.018}","remarks2":"407.999184","remarks3":"0.018","year":"NULL","remarks_":"NULL","remarks__":"NULL","remarks2_":"NULL","remarks3_":"NULL"}},
{"type":"Feature","geometry":{"type":"Point","coordinates":[79.55929167,16.47945556]},"properties":{"GmlID":"Reservoir_Station.736","objectid":736,"station_id":"null","station_code":"bc71b068-4dab-11e6-a0d5-68f72823d03e","station_name":"BUGGAVAGU","station_type":"Reservoir","lat":16.47945556,"long":79.55929167,"agency_name":"APWRIMS","agency_id":null,"state_name":"Andhra Pradesh","state_code":"AP","district__name":"Guntur","district__code":"NULL","block__name":"Durgi","block__code":"NULL","basin__name":"Krishna Basin","basin_code":"NULL","sub_basin__name":"Krishna Lower","sub_basin__code":"NULL","created_date":"11/11/2021 12:00:08 AM","remarks":"NULL","remarks1":"{\\\"designcapacity\\\": 6.92, \\\"deadstoragelevel\\\": 137.86, \\\"deadstorage\\\": 1.265, \\\"fullreservoirlevel\\\": 188.5528669, \\\"live_capacity_frl\\\": 0.098}","remarks2":"188.5528669","remarks3":"0.098","year":"NULL","remarks_":"NULL","remarks__":"NULL","remarks2_":"NULL","remarks3_":"NULL"}},
{"type":"Feature","geometry":{"type":"Point","coordinates":[79.09044167,15.59073889]},"properties":{"GmlID":"Reservoir_Station.737","objectid":737,"station_id":"null","station_code":"7d3fce4b-7d20-4039-ae7e-65122b662eae","station_name":"CUM BUM TANK","station_type":"Reservoir","lat":15.59073889,"long":79.09044167,"agency_name":"APWRIMS","agency_id":null,"state_name":"Andhra Pradesh","state_code":"AP","district__name":"Prakasam","district__code":"NULL","block__name":"Kambham","block__code":"NULL","basin__name":"East flowing rivers between Mahanadi and Pennar Basin","basin_code":"NULL","sub_basin__name":"East flowing rivers between krishna and Pennar","sub_basin__code":"NULL","created_date":"11/11/2021 12:00:08 AM","remarks":"NULL","remarks1":"{\\\"designcapacity\\\": 5.9, \\\"deadstoragelevel\\\": 196.888608, \\\"deadstorage\\\": 0.0, \\\"fullreservoirlevel\\\": 406.414224, \\\"live_capacity_frl\\\": 0.084}","remarks2":"406.414224","remarks3":"0.084","year":"NULL","remarks_":"NULL","remarks__":"NULL","remarks2_":"NULL","remarks3_":"NULL"}},
{"type":"Feature","geometry":{"type":"Point","coordinates":[84.14070556,18.39308333]},"properties":{"GmlID":"Reservoir_Station.738","objectid":738,"station_id":"null","station_code":"089338af-eaa5-4a94-8866-89839c8b045c","station_name":"DAMODARAM SAGARAM","station_type":"Reservoir","lat":18.39308333,"long":84.14070556,"agency_name":"APWRIMS","agency_id":null,"state_name":"Andhra Pradesh","state_code":"AP","district__name":"Srikakulam","district__code":"NULL","block__name":"Polaki","block__code":"NULL","basin__name":"East flowing rivers between Mahanadi and Pennar Basin","basin_code":"NULL","sub_basin__name":"Vamsadhara and other","sub_basin__code":"NULL","created_date":"11/11/2021 12:00:08 AM","remarks":"NULL","remarks1":"{\\\"designcapacity\\\": 0.12, \\\"deadstoragelevel\\\": 46.29912, \\\"deadstorage\\\": 0.0, \\\"fullreservoirlevel\\\": 101.998272, \\\"live_capacity_frl\\\": 0.002}","remarks2":"101.998272","remarks3":"0.002","year":"NULL","remarks_":"NULL","remarks__":"NULL","remarks2_":"NULL","remarks3_":"NULL"}},
{"type":"Feature","geometry":{"type":"Point","coordinates":[83.82877778,18.57388611]},"properties":{"GmlID":"Reservoir_Station.739","objectid":739,"station_id":"null","station_code":"219808bd-c4c0-41f8-b5c0-517600c78f14","station_name":"GAJJILIGEDDA RESERVOIR","station_type":"Reservoir","lat":18.57388611,"long":83.82877778,"agency_name":"APWRIMS","agency_id":null,"state_name":"Andhra Pradesh","state_code":"AP","district__name":"Srikakulam","district__code":"NULL","block__name":"Sitampeta","block__code":"NULL","basin__name":"East flowing rivers between Mahanadi and Pennar Basin","basin_code":"NULL","sub_basin__name":"Nagvati and other","sub_basin__code":"NULL","created_date":"11/11/2021 12:00:08 AM","remarks":"NULL","remarks1":"{\\\"designcapacity\\\": 0.1, \\\"deadstoragelevel\\\": 95.999808, \\\"deadstorage\\\": 0.01, \\\"fullreservoirlevel\\\": 216.999312, \\\"live_capacity_frl\\\": 0.001}","remarks2":"216.999312","remarks3":"0.001","year":"NULL","remarks_":"NULL","remarks__":"NULL","remarks2_":"NULL","remarks3_":"NULL"}},
{"type":"Feature","geometry":{"type":"Point","coordinates":[77.61936667,15.69337222]},"properties":{"GmlID":"Reservoir_Station.740","objectid":740,"station_id":"null","station_code":"48384eca-f162-44bf-a484-f21bc4c47dbf","station_name":"GAJULADINNE PROJECT","station_type":"Reservoir","lat":15.69337222,"long":77.61936667,"agency_name":"APWRIMS","agency_id":null,"state_name":"Andhra Pradesh","state_code":"AP","district__name":"Kurnool","district__code":"NULL","block__name":"Gonegandla","block__code":"NULL","basin__name":"Krishna Basin","basin_code":"NULL","sub_basin__name":"Tungabhadra Lower","sub_basin__code":"NULL","created_date":"11/11/2021 12:00:08 AM","remarks":"NULL","remarks1":"{\\\"designcapacity\\\": 9.0, \\\"deadstoragelevel\\\": 370.49964, \\\"deadstorage\\\": 0.65, \\\"fullreservoirlevel\\\": 753.995952, \\\"live_capacity_frl\\\": 0.127}","remarks2":"753.995952","remarks3":"0.127","year":"NULL","remarks_":"NULL","remarks__":"NULL","remarks2_":"NULL","remarks3_":"NULL"}},
{"type":"Feature","geometry":{"type":"Point","coordinates":[82.11525900,18.13366460]},"properties":{"GmlID":"Reservoir_Station.741","objectid":741,"station_id":"null","station_code":"d4ab99d9-f8f7-4bf8-9682-087c1bb3f95c","station_name":"BALIMELA RESERVOIR","station_type":"Reservoir","lat":18.13366460,"long":82.11525900,"agency_name":"APWRIMS","agency_id":null,"state_name":"Odisha","state_code":"OD","district__name":"Malkangiri","district__code":"NULL","block__name":"Malkangiri","block__code":"NULL","basin__name":"Godavari Basin","basin_code":"NULL","sub_basin__name":"Godavari Lower","sub_basin__code":"NULL","created_date":"11/11/2021 12:00:08 AM","remarks":"NULL","remarks1":"{\\\"designcapacity\\\": 127.5, \\\"deadstoragelevel\\\": \\\"null\\\", \\\"deadstorage\\\": \\\"null\\\", \\\"fullreservoirlevel\\\": 462.07, \\\"live_capacity_frl\\\": 0.0}","remarks2":"462.07","remarks3":"null","year":"NULL","remarks_":"NULL","remarks__":"NULL","remarks2_":"NULL","remarks3_":"NULL"}},
{"type":"Feature","geometry":{"type":"Point","coordinates":[81.79447900,17.92832700]},"properties":{"GmlID":"Reservoir_Station.742","objectid":742,"station_id":"null","station_code":"2de9e7fe-f1b3-4821-b295-0e3ab607ee4f","station_name":"DONKARAYI RESERVOIR","station_type":"Reservoir","lat":17.92832700,"long":81.79447900,"agency_name":"APWRIMS","agency_id":null,"state_name":"Andhra Pradesh","state_code":"AP","district__name":"East Godavari","district__code":"NULL","block__name":"Yarlagaddaramavaram","block__code":"NULL","basin__name":"Godavari Basin","basin_code":"NULL","sub_basin__name":"Godavari Lower","sub_basin__code":"NULL","created_date":"11/11/2021 12:00:08 AM","remarks":"NULL","remarks1":"{\\\"designcapacity\\\": 17.4, \\\"deadstoragelevel\\\": \\\"null\\\", \\\"deadstorage\\\": \\\"null\\\", \\\"fullreservoirlevel\\\": 316.07, \\\"live_capacity_frl\\\": 0.0}","remarks2":"316.07","remarks3":"null","year":"NULL","remarks_":"NULL","remarks__":"NULL","remarks2_":"NULL","remarks3_":"NULL"}},
{"type":"Feature","geometry":{"type":"Point","coordinates":[80.95983611,17.01216111]},"properties":{"GmlID":"Reservoir_Station.743","objectid":743,"station_id":"null","station_code":"37df32d4-09b4-4267-8a39-b86bde35eea2","station_name":"GONELAVAGU RESERVOIR","station_type":"Reservoir","lat":17.01216111,"long":80.95983611,"agency_name":"APWRIMS","agency_id":null,"state_name":"Andhra Pradesh","state_code":"AP","district__name":"West Godavari","district__code":"NULL","block__name":"Chintalapudi","block__code":"NULL","basin__name":"East flowing rivers between Mahanadi and Pennar Basin","basin_code":"NULL","sub_basin__name":"East flowing rivers between Godavari and krishna","sub_basin__code":"NULL","created_date":"11/11/2021 12:00:08 AM","remarks":"NULL","remarks1":"{\\\"designcapacity\\\": 3.54, \\\"deadstoragelevel\\\": 99.06, \\\"deadstorage\\\": 0.3, \\\"fullreservoirlevel\\\": 216.408, \\\"live_capacity_frl\\\": 0.05}","remarks2":"216.408","remarks3":"0.05","year":"NULL","remarks_":"NULL","remarks__":"NULL","remarks2_":"NULL","remarks3_":"NULL"}},
{"type":"Feature","geometry":{"type":"Point","coordinates":[78.40142222,15.56418056]},"properties":{"GmlID":"Reservoir_Station.744","objectid":744,"station_id":"null","station_code":"1c1a0760-84e8-11e6-ae22-56b6b6499611","station_name":"GORAKKALU BALANCING RESERVIOR","station_type":"Reservoir","lat":15.56418056,"long":78.40142222,"agency_name":"APWRIMS","agency_id":null,"state_name":"Andhra Pradesh","state_code":"AP","district__name":"Kurnool","district__code":"NULL","block__name":"Panyam","block__code":"NULL","basin__name":"Pennar Basin","basin_code":"NULL","sub_basin__name":"Pennar Upper","sub_basin__code":"NULL","created_date":"11/11/2021 12:00:08 AM","remarks":"NULL","remarks1":"{\\\"designcapacity\\\": 12.44, \\\"deadstoragelevel\\\": 235.29, \\\"deadstorage\\\": 2.15, \\\"fullreservoirlevel\\\": 261.0, \\\"live_capacity_frl\\\": 0.352}","remarks2":"261","remarks3":"0.352","year":"NULL","remarks_":"NULL","remarks__":"NULL","remarks2_":"NULL","remarks3_":"NULL"}},
{"type":"Feature","geometry":{"type":"Point","coordinates":[83.96305600,18.68888900]},"properties":{"GmlID":"Reservoir_Station.745","objectid":745,"station_id":"null","station_code":"129ef2e7-05f7-409f-bfca-2dda47669060","station_name":"GOTTA BARRAGE","station_type":"Reservoir","lat":18.68888900,"long":83.96305600,"agency_name":"APWRIMS","agency_id":null,"state_name":"Andhra Pradesh","state_code":"AP","district__name":"Srikakulam","district__code":"NULL","block__name":"Hiramandalam","block__code":"NULL","basin__name":"East flowing rivers between Mahanadi and Pennar Basin","basin_code":"NULL","sub_basin__name":"Vamsadhara and other","sub_basin__code":"NULL","created_date":"11/11/2021 12:00:08 AM","remarks":"NULL","remarks1":"{\\\"designcapacity\\\": 1.22, \\\"deadstoragelevel\\\": 34.991, \\\"deadstorage\\\": 0.04, \\\"fullreservoirlevel\\\": 76.2, \\\"live_capacity_frl\\\": 0.017}","remarks2":"76.2","remarks3":"0.017","year":"NULL","remarks_":"NULL","remarks__":"NULL","remarks2_":"NULL","remarks3_":"NULL"}},
{"type":"Feature","geometry":{"type":"Point","coordinates":[79.98681944,15.66073056]},"properties":{"GmlID":"Reservoir_Station.746","objectid":746,"station_id":"null","station_code":"f03b0998-3644-4e67-9a16-e7258c136475","station_name":"GUNDLAKAMMA RESERVOIR","station_type":"Reservoir","lat":15.66073056,"long":79.98681944,"agency_name":"APWRIMS","agency_id":null,"state_name":"Andhra Pradesh","state_code":"AP","district__name":"Prakasam","district__code":"NULL","block__name":"Maddipadu","block__code":"NULL","basin__name":"East flowing rivers between Mahanadi and Pennar Basin","basin_code":"NULL","sub_basin__name":"East flowing rivers between krishna and Pennar","sub_basin__code":"NULL","created_date":"11/11/2021 12:00:08 AM","remarks":"NULL","remarks1":"{\\\"designcapacity\\\": 7.72, \\\"deadstoragelevel\\\": 21.339048, \\\"deadstorage\\\": 1.37, \\\"fullreservoirlevel\\\": 48.761904, \\\"live_capacity_frl\\\": 0.109}","remarks2":"48.761904","remarks3":"0.109","year":"NULL","remarks_":"NULL","remarks__":"NULL","remarks2_":"NULL","remarks3_":"NULL"}},
{"type":"Feature","geometry":{"type":"Point","coordinates":[81.34561389,17.29013056]},"properties":{"GmlID":"Reservoir_Station.747","objectid":747,"station_id":"null","station_code":"fe6aeb9c-3d2a-48c3-9934-f17653b6926a","station_name":"JALLERU RESERVOIR","station_type":"Reservoir","lat":17.29013056,"long":81.34561389,"agency_name":"APWRIMS","agency_id":null,"state_name":"Andhra Pradesh","state_code":"AP","district__name":"West Godavari","district__code":"NULL","block__name":"Buttaigudem","block__code":"NULL","basin__name":"East flowing rivers between Mahanadi and Pennar Basin","basin_code":"NULL","sub_basin__name":"East flowing rivers between Godavari and krishna","sub_basin__code":"NULL","created_date":"11/11/2021 12:00:08 AM","remarks":"NULL","remarks1":"{\\\"designcapacity\\\": 0.8, \\\"deadstoragelevel\\\": 208.9, \\\"deadstorage\\\": 0.14, \\\"fullreservoirlevel\\\": 284.18544, \\\"live_capacity_frl\\\": 0.011}","remarks2":"284.18544","remarks3":"0.011","year":"NULL","remarks_":"NULL","remarks__":"NULL","remarks2_":"NULL","remarks3_":"NULL"}},
{"type":"Feature","geometry":{"type":"Point","coordinates":[79.80000000,13.60000000]},"properties":{"GmlID":"Reservoir_Station.748","objectid":748,"station_id":"null","station_code":"e3b8a981-cbed-4e0f-a45a-58ff26348795","station_name":"KALANGI RESERVOIR","station_type":"Reservoir","lat":13.60000000,"long":79.80000000,"agency_name":"APWRIMS","agency_id":null,"state_name":"Andhra Pradesh","state_code":"AP","district__name":"Chittoor","district__code":"NULL","block__name":"K.V.V.B. Puram","block__code":"NULL","basin__name":"East flowing rivers between Pennar and Kanyakumari Basin","basin_code":"NULL","sub_basin__name":"Palar and other","sub_basin__code":"NULL","created_date":"11/11/2021 12:00:08 AM","remarks":"NULL","remarks1":"{\\\"designcapacity\\\": 0.48, \\\"deadstoragelevel\\\": 59.439048, \\\"deadstorage\\\": 0.0, \\\"fullreservoirlevel\\\": 135.337296, \\\"live_capacity_frl\\\": 0.007}","remarks2":"135.337296","remarks3":"0.007","year":"NULL","remarks_":"NULL","remarks__":"NULL","remarks2_":"NULL","remarks3_":"NULL"}},
{"type":"Feature","geometry":{"type":"Point","coordinates":[79.29798333,14.99080000]},"properties":{"GmlID":"Reservoir_Station.749","objectid":749,"station_id":"null","station_code":"dac92ec0-e1ac-4383-81cd-43c569d0af1e","station_name":"GANDIPALEM RESERVOIR PROJECT","station_type":"Reservoir","lat":14.99080000,"long":79.29798333,"agency_name":"APWRIMS","agency_id":null,"state_name":"Andhra Pradesh","state_code":"AP","district__name":"SPSR Nellore","district__code":"NULL","block__name":"Udayagiri","block__code":"NULL","basin__name":"East flowing rivers between Mahanadi and Pennar Basin","basin_code":"NULL","sub_basin__name":"East flowing rivers between krishna and Pennar","sub_basin__code":"NULL","created_date":"11/11/2021 12:00:08 AM","remarks":"NULL","remarks1":"{\\\"designcapacity\\\": 3.5, \\\"deadstoragelevel\\\": 138.31, \\\"deadstorage\\\": 0.18, \\\"fullreservoirlevel\\\": 632.82776, \\\"live_capacity_frl\\\": 0.05}","remarks2":"632.82776","remarks3":"0.05","year":"NULL","remarks_":"NULL","remarks__":"NULL","remarks2_":"NULL","remarks3_":"NULL"}},
{"type":"Feature","geometry":{"type":"Point","coordinates":[84.43422778,18.94713611]},"properties":{"GmlID":"Reservoir_Station.750","objectid":750,"station_id":"null","station_code":"6debdff4-2932-448f-9cde-e3bc566e05b4","station_name":"KALINGADAL PROJECT","station_type":"Reservoir","lat":18.94713611,"long":84.43422778,"agency_name":"APWRIMS","agency_id":null,"state_name":"Andhra Pradesh","state_code":"AP","district__name":"Srikakulam","district__code":"NULL","block__name":"Kusumala","block__code":"NULL","basin__name":"East flowing rivers between Mahanadi and Pennar Basin","basin_code":"NULL","sub_basin__name":"Vamsadhara and other","sub_basin__code":"NULL","created_date":"11/11/2021 12:00:08 AM","remarks":"NULL","remarks1":"{\\\"designcapacity\\\": 0.3, \\\"deadstoragelevel\\\": 73.999344, \\\"deadstorage\\\": 0.02, \\\"fullreservoirlevel\\\": 164.000688, \\\"live_capacity_frl\\\": 0.004}","remarks2":"164.000688","remarks3":"0.004","year":"NULL","remarks_":"NULL","remarks__":"NULL","remarks2_":"NULL","remarks3_":"NULL"}},
{"type":"Feature","geometry":{"type":"Point","coordinates":[79.26923611,13.65761944]},"properties":{"GmlID":"Reservoir_Station.751","objectid":751,"station_id":"null","station_code":"d89c4ec1-4d16-4131-aff9-a0f1e0e26a45","station_name":"KALYANI DAM","station_type":"Reservoir","lat":13.65761944,"long":79.26923611,"agency_name":"APWRIMS","agency_id":null,"state_name":"Andhra Pradesh","state_code":"AP","district__name":"Chittoor","district__code":"NULL","block__name":"Tirupati Urban","block__code":"NULL","basin__name":"East flowing rivers between Pennar and Kanyakumari Basin","basin_code":"NULL","sub_basin__name":"Palar and other","sub_basin__code":"NULL","created_date":"11/11/2021 12:00:08 AM","remarks":"NULL","remarks1":"{\\\"designcapacity\\\": 1.82, \\\"deadstoragelevel\\\": 254.2032, \\\"deadstorage\\\": 0.03, \\\"fullreservoirlevel\\\": 548.646096, \\\"live_capacity_frl\\\": 0.026}","remarks2":"548.646096","remarks3":"0.026","year":"NULL","remarks_":"NULL","remarks__":"NULL","remarks2_":"NULL","remarks3_":"NULL"}},
{"type":"Feature","geometry":{"type":"Point","coordinates":[81.50806389,17.19826111]},"properties":{"GmlID":"Reservoir_Station.752","objectid":752,"station_id":"null","station_code":"b7629dc4-91c6-41ff-a9b7-1d49bbc2b806","station_name":"KOVVADAKALVA RESERVOIR","station_type":"Reservoir","lat":17.19826111,"long":81.50806389,"agency_name":"APWRIMS","agency_id":null,"state_name":"Andhra Pradesh","state_code":"AP","district__name":"West Godavari","district__code":"NULL","block__name":"Palapuram","block__code":"NULL","basin__name":"Godavari Basin","basin_code":"NULL","sub_basin__name":"Godavari Lower","sub_basin__code":"NULL","created_date":"11/11/2021 12:00:08 AM","remarks":"NULL","remarks1":"{\\\"designcapacity\\\": 0.88, \\\"deadstoragelevel\\\": 81.0006, \\\"deadstorage\\\": 0.03, \\\"fullreservoirlevel\\\": 181.002432, \\\"live_capacity_frl\\\": 0.012}","remarks2":"181.002432","remarks3":"0.012","year":"NULL","remarks_":"NULL","remarks__":"NULL","remarks2_":"NULL","remarks3_":"NULL"}},
{"type":"Feature","geometry":{"type":"Point","coordinates":[79.35311389,13.36909167]},"properties":{"GmlID":"Reservoir_Station.753","objectid":753,"station_id":"null","station_code":"fd8d84e2-87a0-4ff8-87d2-eeda16cad00a","station_name":"KRISHNAPURAM PROJECT","station_type":"Reservoir","lat":13.36909167,"long":79.35311389,"agency_name":"APWRIMS","agency_id":null,"state_name":"Andhra Pradesh","state_code":"AP","district__name":"Chittoor","district__code":"NULL","block__name":"Karvetnagar","block__code":"NULL","basin__name":"East flowing rivers between Pennar and Kanyakumari Basin","basin_code":"NULL","sub_basin__name":"Palar and other","sub_basin__code":"NULL","created_date":"11/11/2021 12:00:08 AM","remarks":"NULL","remarks1":"{\\\"designcapacity\\\": 0.4, \\\"deadstoragelevel\\\": 206.998824, \\\"deadstorage\\\": 0.02, \\\"fullreservoirlevel\\\": 426.000672, \\\"live_capacity_frl\\\": 0.006}","remarks2":"426.000672","remarks3":"0.006","year":"NULL","remarks_":"NULL","remarks__":"NULL","remarks2_":"NULL","remarks3_":"NULL"}},
{"type":"Feature","geometry":{"type":"Point","coordinates":[82.01196667,17.48581111]},"properties":{"GmlID":"Reservoir_Station.754","objectid":754,"station_id":"null","station_code":"da004729-21dc-4987-829e-4dda45350d2a","station_name":"MADDIGEDDA PROJECT","station_type":"Reservoir","lat":17.48581111,"long":82.01196667,"agency_name":"APWRIMS","agency_id":null,"state_name":"Andhra Pradesh","state_code":"AP","district__name":"East Godavari","district__code":"NULL","block__name":"Addatigala","block__code":"NULL","basin__name":"East flowing rivers between Mahanadi and Pennar Basin","basin_code":"NULL","sub_basin__name":"Nagvati and other","sub_basin__code":"NULL","created_date":"11/11/2021 12:00:08 AM","remarks":"NULL","remarks1":"{\\\"designcapacity\\\": 0.98, \\\"deadstoragelevel\\\": 177.3, \\\"deadstorage\\\": 0.051570061, \\\"fullreservoirlevel\\\": 245.3024, \\\"live_capacity_frl\\\": 0.014}","remarks2":"245.3024","remarks3":"0.014","year":"NULL","remarks_":"NULL","remarks__":"NULL","remarks2_":"NULL","remarks3_":"NULL"}},
{"type":"Feature","geometry":{"type":"Point","coordinates":[83.61945556,18.58752778]},"properties":{"GmlID":"Reservoir_Station.755","objectid":755,"station_id":"null","station_code":"20f6ac7e-e464-4bc8-95e6-94c659ebb112","station_name":"MADDUVALASA PROJECT","station_type":"Reservoir","lat":18.58752778,"long":83.61945556,"agency_name":"APWRIMS","agency_id":null,"state_name":"Andhra Pradesh","state_code":"AP","district__name":"Srikakulam","district__code":"NULL","block__name":"Vangara","block__code":"NULL","basin__name":"East flowing rivers between Mahanadi and Pennar Basin","basin_code":"NULL","sub_basin__name":"Nagvati and other","sub_basin__code":"NULL","created_date":"11/11/2021 12:00:08 AM","remarks":"NULL","remarks1":"{\\\"designcapacity\\\": 6.746, \\\"deadstoragelevel\\\": 56.82996, \\\"deadstorage\\\": 0.068, \\\"fullreservoirlevel\\\": 129.9972, \\\"live_capacity_frl\\\": 0.095}","remarks2":"129.9972","remarks3":"0.095","year":"NULL","remarks_":"NULL","remarks__":"NULL","remarks2_":"NULL","remarks3_":"NULL"}},
{"type":"Feature","geometry":{"type":"Point","coordinates":[79.52341667,13.67653333]},"properties":{"GmlID":"Reservoir_Station.756","objectid":756,"station_id":"null","station_code":"bc720982-4dab-11e6-a0d5-68f72823d03e","station_name":"MALLIMADUGU","station_type":"Reservoir","lat":13.67653333,"long":79.52341667,"agency_name":"APWRIMS","agency_id":null,"state_name":"Andhra Pradesh","state_code":"AP","district__name":"Chittoor","district__code":"NULL","block__name":"Renigunta","block__code":"NULL","basin__name":"East flowing rivers between Pennar and Kanyakumari Basin","basin_code":"NULL","sub_basin__name":"Palar and other","sub_basin__code":"NULL","created_date":"11/11/2021 12:00:08 AM","remarks":"NULL","remarks1":"{\\\"designcapacity\\\": 0.352, \\\"deadstoragelevel\\\": 107.36, \\\"deadstorage\\\": 0.019, \\\"fullreservoirlevel\\\": 145.560488, \\\"live_capacity_frl\\\": 0.005}","remarks2":"145.560488","remarks3":"0.005","year":"NULL","remarks_":"NULL","remarks__":"NULL","remarks2_":"NULL","remarks3_":"NULL"}},
{"type":"Feature","geometry":{"type":"Point","coordinates":[79.48187778,15.10599167]},"properties":{"GmlID":"Reservoir_Station.757","objectid":757,"station_id":"null","station_code":"a4086f01-47d9-435e-8bc8-16967e03f033","station_name":"MOPADU RESERVOIR PROJECT","station_type":"Reservoir","lat":15.10599167,"long":79.48187778,"agency_name":"APWRIMS","agency_id":null,"state_name":"Andhra Pradesh","state_code":"AP","district__name":"Prakasam","district__code":"NULL","block__name":"Pamuru","block__code":"NULL","basin__name":"East flowing rivers between Mahanadi and Pennar Basin","basin_code":"NULL","sub_basin__name":"East flowing rivers between krishna and Pennar","sub_basin__code":"NULL","created_date":"11/11/2021 12:00:08 AM","remarks":"NULL","remarks1":"{\\\"designcapacity\\\": 4.18, \\\"deadstoragelevel\\\": 91.308936, \\\"deadstorage\\\": 0.06, \\\"fullreservoirlevel\\\": 200.308464, \\\"live_capacity_frl\\\": 0.059}","remarks2":"200.308464","remarks3":"0.059","year":"NULL","remarks_":"NULL","remarks__":"NULL","remarks2_":"NULL","remarks3_":"NULL"}},
{"type":"Feature","geometry":{"type":"Point","coordinates":[80.16904167,17.01517500]},"properties":{"GmlID":"Reservoir_Station.758","objectid":758,"station_id":"null","station_code":"418aa16b-ceaa-4ec0-9435-8383b9b61cbc","station_name":"MUNIYERU PROJECT","station_type":"Reservoir","lat":17.01517500,"long":80.16904167,"agency_name":"APWRIMS","agency_id":null,"state_name":"Telangana","state_code":"TS","district__name":"Khammam","district__code":"NULL","block__name":"Mudigonda","block__code":"NULL","basin__name":"Krishna Basin","basin_code":"NULL","sub_basin__name":"Krishna Lower","sub_basin__code":"NULL","created_date":"11/11/2021 12:00:08 AM","remarks":"NULL","remarks1":"{\\\"designcapacity\\\": 0.26, \\\"deadstoragelevel\\\": 65.279016, \\\"deadstorage\\\": 0.0, \\\"fullreservoirlevel\\\": 134.59968, \\\"live_capacity_frl\\\": 0.004}","remarks2":"134.59968","remarks3":"0.004","year":"NULL","remarks_":"NULL","remarks__":"NULL","remarks2_":"NULL","remarks3_":"NULL"}},
{"type":"Feature","geometry":{"type":"Point","coordinates":[82.85412500,17.96609722]},"properties":{"GmlID":"Reservoir_Station.759","objectid":759,"station_id":"null","station_code":"1a361403-398b-499d-98c7-f750c57ceb3f","station_name":"KONAM RESERVOIR","station_type":"Reservoir","lat":17.96609722,"long":82.85412500,"agency_name":"APWRIMS","agency_id":null,"state_name":"Andhra Pradesh","state_code":"AP","district__name":"Visakhapatanam","district__code":"NULL","block__name":"Paderu","block__code":"NULL","basin__name":"East flowing rivers between Mahanadi and Pennar Basin","basin_code":"NULL","sub_basin__name":"Nagvati and other","sub_basin__code":"NULL","created_date":"11/11/2021 12:00:08 AM","remarks":"NULL","remarks1":"{\\\"designcapacity\\\": 1.7, \\\"deadstoragelevel\\\": 86.9442, \\\"deadstorage\\\": 0.02, \\\"fullreservoirlevel\\\": 202.362816, \\\"live_capacity_frl\\\": 0.024}","remarks2":"202.362816","remarks3":"0.024","year":"NULL","remarks_":"NULL","remarks__":"NULL","remarks2_":"NULL","remarks3_":"NULL"}},
{"type":"Feature","geometry":{"type":"Point","coordinates":[79.60306000,14.27964000]},"properties":{"GmlID":"Reservoir_Station.760","objectid":760,"station_id":"null","station_code":"04affbff-36d4-458a-9c32-baa64eb6eab0","station_name":"KANDALERU RESERVOIR","station_type":"Reservoir","lat":14.27964000,"long":79.60306000,"agency_name":"APWRIMS","agency_id":null,"state_name":"Andhra Pradesh","state_code":"AP","district__name":"SPSR Nellore","district__code":"NULL","block__name":"Rapur","block__code":"NULL","basin__name":"East flowing rivers between Pennar and Kanyakumari Basin","basin_code":"NULL","sub_basin__name":"Palar and other","sub_basin__code":"NULL","created_date":"11/11/2021 12:00:08 AM","remarks":"NULL","remarks1":"{\\\"designcapacity\\\": 136.06, \\\"deadstoragelevel\\\": 60.002928, \\\"deadstorage\\\": 4.73, \\\"fullreservoirlevel\\\": 170.011344, \\\"live_capacity_frl\\\": 1.926}","remarks2":"170.011344","remarks3":"1.926","year":"NULL","remarks_":"NULL","remarks__":"NULL","remarks2_":"NULL","remarks3_":"NULL"}},
{"type":"Feature","geometry":{"type":"Point","coordinates":[79.86990000,14.55704722]},"properties":{"GmlID":"Reservoir_Station.761","objectid":761,"station_id":"null","station_code":"19a1219a-34e9-43f9-9f48-f04299108349","station_name":"KANIGIRI RESERVOIR","station_type":"Reservoir","lat":14.55704722,"long":79.86990000,"agency_name":"APWRIMS","agency_id":null,"state_name":"Andhra Pradesh","state_code":"AP","district__name":"SPSR Nellore","district__code":"NULL","block__name":"Buchireddipalem","block__code":"NULL","basin__name":"Pennar Basin","basin_code":"NULL","sub_basin__name":"Pennar Lower","sub_basin__code":"NULL","created_date":"11/11/2021 12:00:08 AM","remarks":"NULL","remarks1":"{\\\"designcapacity\\\": 6.9, \\\"deadstoragelevel\\\": 23.539704, \\\"deadstorage\\\": 0.01, \\\"fullreservoirlevel\\\": 60.149232, \\\"live_capacity_frl\\\": 0.098}","remarks2":"60.149232","remarks3":"0.098","year":"NULL","remarks_":"NULL","remarks__":"NULL","remarks2_":"NULL","remarks3_":"NULL"}},
{"type":"Feature","geometry":{"type":"Point","coordinates":[81.76976944,17.38053333]},"properties":{"GmlID":"Reservoir_Station.762","objectid":762,"station_id":"null","station_code":"bc715334-4dab-11e6-a0d5-68f72823d03e","station_name":"MUSURIMALLI","station_type":"Reservoir","lat":17.38053333,"long":81.76976944,"agency_name":"APWRIMS","agency_id":null,"state_name":"Andhra Pradesh","state_code":"AP","district__name":"East Godavari","district__code":"NULL","block__name":"Rampa Chodavaram","block__code":"NULL","basin__name":"Godavari Basin","basin_code":"NULL","sub_basin__name":"Godavari Lower","sub_basin__code":"NULL","created_date":"11/11/2021 12:00:08 AM","remarks":"NULL","remarks1":"{\\\"designcapacity\\\": 3.2, \\\"deadstoragelevel\\\": 109.5, \\\"deadstorage\\\": 0.172335841, \\\"fullreservoirlevel\\\": 160.4904, \\\"live_capacity_frl\\\": 0.045}","remarks2":"160.4904","remarks3":"0.045","year":"NULL","remarks_":"NULL","remarks__":"NULL","remarks2_":"NULL","remarks3_":"NULL"}},
{"type":"Feature","geometry":{"type":"Point","coordinates":[79.31516244,16.57750915]},"properties":{"GmlID":"Reservoir_Station.763","objectid":763,"station_id":"null","station_code":"cdad2a5e-91ab-11e5-8994-feff819cdc9f","station_name":"NAGARJUNA SAGAR","station_type":"Reservoir","lat":16.57750915,"long":79.31516244,"agency_name":"APWRIMS","agency_id":null,"state_name":"Telangana","state_code":"TS","district__name":"Nalgonda","district__code":"NULL","block__name":"Peddavuru","block__code":"NULL","basin__name":"Krishna Basin","basin_code":"NULL","sub_basin__name":"Krishna Lower","sub_basin__code":"NULL","created_date":"11/11/2021 12:00:08 AM","remarks":"NULL","remarks1":"{\\\"designcapacity\\\": 624.1, \\\"deadstoragelevel\\\": 151.7904, \\\"deadstorage\\\": 112.18, \\\"fullreservoirlevel\\\": 234.812184, \\\"live_capacity_frl\\\": 8.836}","remarks2":"234.812184","remarks3":"8.836","year":"NULL","remarks_":"NULL","remarks__":"NULL","remarks2_":"NULL","remarks3_":"NULL"}},
{"type":"Feature","geometry":{"type":"Point","coordinates":[79.13295000,13.28609444]},"properties":{"GmlID":"Reservoir_Station.764","objectid":764,"station_id":"null","station_code":"ec1a0760-84e8-11e6-ae22-56b6b6499611","station_name":"NTR JALASAYAM","station_type":"Reservoir","lat":13.28609444,"long":79.13295000,"agency_name":"APWRIMS","agency_id":null,"state_name":"Andhra Pradesh","state_code":"AP","district__name":"Chittoor","district__code":"NULL","block__name":"Penumur","block__code":"NULL","basin__name":"East flowing rivers between Pennar and Kanyakumari Basin","basin_code":"NULL","sub_basin__name":"Palar and other","sub_basin__code":"NULL","created_date":"11/11/2021 12:00:08 AM","remarks":"NULL","remarks1":"{\\\"designcapacity\\\": 0.122, \\\"deadstoragelevel\\\": 289.5258624, \\\"deadstorage\\\": 0.001, \\\"fullreservoirlevel\\\": 294.174672, \\\"live_capacity_frl\\\": 0.003}","remarks2":"294.174672","remarks3":"0.003","year":"NULL","remarks_":"NULL","remarks__":"NULL","remarks2_":"NULL","remarks3_":"NULL"}},
{"type":"Feature","geometry":{"type":"Point","coordinates":[78.08933611,15.19683889]},"properties":{"GmlID":"Reservoir_Station.765","objectid":765,"station_id":"null","station_code":"c116d365-f5f4-4828-946b-59cc9df53284","station_name":"OWK RESERVOIR","station_type":"Reservoir","lat":15.19683889,"long":78.08933611,"agency_name":"APWRIMS","agency_id":null,"state_name":"Andhra Pradesh","state_code":"AP","district__name":"Kurnool","district__code":"NULL","block__name":"Owk","block__code":"NULL","basin__name":"Pennar Basin","basin_code":"NULL","sub_basin__name":"Pennar Upper","sub_basin__code":"NULL","created_date":"11/11/2021 12:00:08 AM","remarks":"NULL","remarks1":"{\\\"designcapacity\\\": 8.3, \\\"deadstoragelevel\\\": 219.459048, \\\"deadstorage\\\": 1.68, \\\"fullreservoirlevel\\\": 453.9996, \\\"live_capacity_frl\\\": 0.118}","remarks2":"453.9996","remarks3":"0.118","year":"NULL","remarks_":"NULL","remarks__":"NULL","remarks2_":"NULL","remarks3_":"NULL"}},
{"type":"Feature","geometry":{"type":"Point","coordinates":[82.40705278,17.28727222]},"properties":{"GmlID":"Reservoir_Station.766","objectid":766,"station_id":"null","station_code":"3c11003b-d0b7-4565-a318-b75bc3277a86","station_name":"PAMPA RESERVOIR","station_type":"Reservoir","lat":17.28727222,"long":82.40705278,"agency_name":"APWRIMS","agency_id":null,"state_name":"Andhra Pradesh","state_code":"AP","district__name":"East Godavari","district__code":"NULL","block__name":"Shankhavaram","block__code":"NULL","basin__name":"East flowing rivers between Mahanadi and Pennar Basin","basin_code":"NULL","sub_basin__name":"Nagvati and other","sub_basin__code":"NULL","created_date":"11/11/2021 12:00:08 AM","remarks":"NULL","remarks1":"{\\\"designcapacity\\\": 1.12, \\\"deadstoragelevel\\\": 24.0791, \\\"deadstorage\\\": 0.004, \\\"fullreservoirlevel\\\": 64.001904, \\\"live_capacity_frl\\\": 0.016}","remarks2":"64.001904","remarks3":"0.016","year":"NULL","remarks_":"NULL","remarks__":"NULL","remarks2_":"NULL","remarks3_":"NULL"}},
{"type":"Feature","geometry":{"type":"Point","coordinates":[83.11281944,18.47062222]},"properties":{"GmlID":"Reservoir_Station.767","objectid":767,"station_id":"null","station_code":"7ab12b05-aacb-43e4-b2b3-47b8c089367d","station_name":"PEDDAGEDDA RESERVOIR","station_type":"Reservoir","lat":18.47062222,"long":83.11281944,"agency_name":"APWRIMS","agency_id":null,"state_name":"Andhra Pradesh","state_code":"AP","district__name":"Vizianagaram","district__code":"NULL","block__name":"Pachipenta","block__code":"NULL","basin__name":"East flowing rivers between Mahanadi and Pennar Basin","basin_code":"NULL","sub_basin__name":"Nagvati and other","sub_basin__code":"NULL","created_date":"11/11/2021 12:00:08 AM","remarks":"NULL","remarks1":"{\\\"designcapacity\\\": 2.14, \\\"deadstoragelevel\\\": 198.747888, \\\"deadstorage\\\": 0.05, \\\"fullreservoirlevel\\\": 427.597824, \\\"live_capacity_frl\\\": 0.03}","remarks2":"427.597824","remarks3":"0.03","year":"NULL","remarks_":"NULL","remarks__":"NULL","remarks2_":"NULL","remarks3_":"NULL"}},
{"type":"Feature","geometry":{"type":"Point","coordinates":[78.37022000,13.88413000]},"properties":{"GmlID":"Reservoir_Station.768","objectid":768,"station_id":"null","station_code":"438c98a8-eb29-43c8-a06c-0938b938ed66","station_name":"PEDDERU RESERVOIR PROJECT","station_type":"Reservoir","lat":13.88413000,"long":78.37022000,"agency_name":"APWRIMS","agency_id":null,"state_name":"Andhra Pradesh","state_code":"AP","district__name":"Chittoor","district__code":"NULL","block__name":"Thamballapalle","block__code":"NULL","basin__name":"Pennar Basin","basin_code":"NULL","sub_basin__name":"Pennar Upper","sub_basin__code":"NULL","created_date":"11/11/2021 12:00:08 AM","remarks":"NULL","remarks1":"{\\\"designcapacity\\\": 1.12, \\\"deadstoragelevel\\\": 466.29828, \\\"deadstorage\\\": 0.03, \\\"fullreservoirlevel\\\": 962.997312, \\\"live_capacity_frl\\\": 0.016}","remarks2":"962.997312","remarks3":"0.016","year":"NULL","remarks_":"NULL","remarks__":"NULL","remarks2_":"NULL","remarks3_":"NULL"}},
{"type":"Feature","geometry":{"type":"Point","coordinates":[78.99981389,13.90912222]},"properties":{"GmlID":"Reservoir_Station.769","objectid":769,"station_id":"null","station_code":"ee847fd6-6701-492b-8deb-862ecac3a0d3","station_name":"PINCHA PROJECT","station_type":"Reservoir","lat":13.90912222,"long":78.99981389,"agency_name":"APWRIMS","agency_id":null,"state_name":"Andhra Pradesh","state_code":"AP","district__name":"Chittoor","district__code":"NULL","block__name":"Kambhamvaripalle","block__code":"NULL","basin__name":"Pennar Basin","basin_code":"NULL","sub_basin__name":"Pennar Lower","sub_basin__code":"NULL","created_date":"11/11/2021 12:00:08 AM","remarks":"NULL","remarks1":"{\\\"designcapacity\\\": 0.66, \\\"deadstoragelevel\\\": 292.608, \\\"deadstorage\\\": 0.01, \\\"fullreservoirlevel\\\": 609.6, \\\"live_capacity_frl\\\": 0.009}","remarks2":"609.6","remarks3":"0.009","year":"NULL","remarks_":"NULL","remarks__":"NULL","remarks2_":"NULL","remarks3_":"NULL"}},
{"type":"Feature","geometry":{"type":"Point","coordinates":[71.42650000,21.02910000]},"properties":{"GmlID":"Reservoir_Station.770","objectid":770,"station_id":"null","station_code":"c85943bc-e88f-4b81-b93e-72466544aa94","station_name":"Dhatarwadi-II","station_type":"Reservoir","lat":21.02910000,"long":71.42650000,"agency_name":"Gujarat","agency_id":null,"state_name":"Gujarat","state_code":"GJ","district__name":"Amreli","district__code":"NULL","block__name":"Rajula","block__code":"NULL","basin__name":"West flowing rivers of Kutch and Saurashtra including Luni Basin","basin_code":"NULL","sub_basin__name":"Shetranjuli and other east flowing rivers","sub_basin__code":"NULL","created_date":"10/26/2021 12:00:08 AM","remarks":"75","remarks1":"NULL","remarks2":"34.41","remarks3":"0.01019","year":"NULL","remarks_":"NULL","remarks__":"NULL","remarks2_":"NULL","remarks3_":"NULL"}},
{"type":"Feature","geometry":{"type":"Point","coordinates":[80.60495556,16.50700278]},"properties":{"GmlID":"Reservoir_Station.771","objectid":771,"station_id":"null","station_code":"13c7d756-b5a5-4938-bc90-f380c1bdf324","station_name":"PRAKASAM BARRAGE","station_type":"Reservoir","lat":16.50700278,"long":80.60495556,"agency_name":"APWRIMS","agency_id":null,"state_name":"Andhra Pradesh","state_code":"AP","district__name":"Krishna","district__code":"NULL","block__name":"Vijayawada Urban","block__code":"NULL","basin__name":"Krishna Basin","basin_code":"NULL","sub_basin__name":"Krishna Lower","sub_basin__code":"NULL","created_date":"11/11/2021 12:00:08 AM","remarks":"NULL","remarks1":"{\\\"designcapacity\\\": 6.14, \\\"deadstoragelevel\\\": 13.73124, \\\"deadstorage\\\": 0.78, \\\"fullreservoirlevel\\\": 34.77768, \\\"live_capacity_frl\\\": 0.087}","remarks2":"34.77768","remarks3":"0.087","year":"NULL","remarks_":"NULL","remarks__":"NULL","remarks2_":"NULL","remarks3_":"NULL"}},
{"type":"Feature","geometry":{"type":"Point","coordinates":[80.05532222,16.77135556]},"properties":{"GmlID":"Reservoir_Station.772","objectid":772,"station_id":"null","station_code":"52f0e841-9f3f-4f08-9e2e-80782055ddcf","station_name":"PULICHINTHALA PROJECT","station_type":"Reservoir","lat":16.77135556,"long":80.05532222,"agency_name":"APWRIMS","agency_id":null,"state_name":"Telangana","state_code":"TS","district__name":"Suryapet","district__code":"NULL","block__name":"Medlache","block__code":"NULL","basin__name":"Krishna Basin","basin_code":"NULL","sub_basin__name":"Krishna Lower","sub_basin__code":"NULL","created_date":"11/11/2021 12:00:08 AM","remarks":"NULL","remarks1":"{\\\"designcapacity\\\": 91.54, \\\"deadstoragelevel\\\": 36.341304, \\\"deadstorage\\\": 3.61, \\\"fullreservoirlevel\\\": 106.68, \\\"live_capacity_frl\\\": 1.296}","remarks2":"106.68","remarks3":"1.296","year":"NULL","remarks_":"NULL","remarks__":"NULL","remarks2_":"NULL","remarks3_":"NULL"}},
{"type":"Feature","geometry":{"type":"Point","coordinates":[82.77025833,17.93900556]},"properties":{"GmlID":"Reservoir_Station.773","objectid":773,"station_id":"null","station_code":"db007f1f-3df5-4d6d-abd4-e8667e138bd7","station_name":"NTR RESERVOIR","station_type":"Reservoir","lat":17.93900556,"long":82.77025833,"agency_name":"APWRIMS","agency_id":null,"state_name":"Andhra Pradesh","state_code":"AP","district__name":"Visakhapatanam","district__code":"NULL","block__name":"Paderu","block__code":"NULL","basin__name":"East flowing rivers between Mahanadi and Pennar Basin","basin_code":"NULL","sub_basin__name":"Nagvati and other","sub_basin__code":"NULL","created_date":"11/11/2021 12:00:08 AM","remarks":"NULL","remarks1":"{\\\"designcapacity\\\": 0.4, \\\"deadstoragelevel\\\": 99.998784, \\\"deadstorage\\\": 0.07, \\\"fullreservoirlevel\\\": 223.99752, \\\"live_capacity_frl\\\": 0.006}","remarks2":"223.99752","remarks3":"0.006","year":"NULL","remarks_":"NULL","remarks__":"NULL","remarks2_":"NULL","remarks3_":"NULL"}},
{"type":"Feature","geometry":{"type":"Point","coordinates":[82.69500833,17.89913056]},"properties":{"GmlID":"Reservoir_Station.774","objectid":774,"station_id":"null","station_code":"11865ac5-953d-4ca9-bcbf-5f6a5f98c348","station_name":"PEDDERU RESERVOIR","station_type":"Reservoir","lat":17.89913056,"long":82.69500833,"agency_name":"APWRIMS","agency_id":null,"state_name":"Andhra Pradesh","state_code":"AP","district__name":"Visakhapatanam","district__code":"NULL","block__name":"G.Madugula","block__code":"NULL","basin__name":"East flowing rivers between Mahanadi and Pennar Basin","basin_code":"NULL","sub_basin__name":"Nagvati and other","sub_basin__code":"NULL","created_date":"11/11/2021 12:00:08 AM","remarks":"NULL","remarks1":"{\\\"designcapacity\\\": 0.72, \\\"deadstoragelevel\\\": 125.766576, \\\"deadstorage\\\": 0.04, \\\"fullreservoirlevel\\\": 273.820128, \\\"live_capacity_frl\\\": 0.01}","remarks2":"273.820128","remarks3":"0.01","year":"NULL","remarks_":"NULL","remarks__":"NULL","remarks2_":"NULL","remarks3_":"NULL"}},
{"type":"Feature","geometry":{"type":"Point","coordinates":[79.71888333,15.05522222]},"properties":{"GmlID":"Reservoir_Station.775","objectid":775,"station_id":"null","station_code":"5e347ef6-c791-4753-a7b5-e1fb79b6d633","station_name":"RALLAPADU RESERVOIR","station_type":"Reservoir","lat":15.05522222,"long":79.71888333,"agency_name":"APWRIMS","agency_id":null,"state_name":"Andhra Pradesh","state_code":"AP","district__name":"Prakasam","district__code":"NULL","block__name":"Lingasamudram","block__code":"NULL","basin__name":"East flowing rivers between Mahanadi and Pennar Basin","basin_code":"NULL","sub_basin__name":"East flowing rivers between krishna and Pennar","sub_basin__code":"NULL","created_date":"11/11/2021 12:00:08 AM","remarks":"NULL","remarks1":"{\\\"designcapacity\\\": 2.22, \\\"deadstoragelevel\\\": 35.048952, \\\"deadstorage\\\": 0.03, \\\"fullreservoirlevel\\\": 82.302096, \\\"live_capacity_frl\\\": 0.031}","remarks2":"82.302096","remarks3":"0.031","year":"NULL","remarks_":"NULL","remarks__":"NULL","remarks2_":"NULL","remarks3_":"NULL"}},
{"type":"Feature","geometry":{"type":"Point","coordinates":[79.80268056,15.61612222]},"properties":{"GmlID":"Reservoir_Station.776","objectid":776,"station_id":"null","station_code":"72bbeb08-db07-4f24-a200-f5aeb92a86ac","station_name":"RAMA THIRTHAM","station_type":"Reservoir","lat":15.61612222,"long":79.80268056,"agency_name":"APWRIMS","agency_id":null,"state_name":"Andhra Pradesh","state_code":"AP","district__name":"Prakasam","district__code":"NULL","block__name":"Chimakurti","block__code":"NULL","basin__name":"East flowing rivers between Mahanadi and Pennar Basin","basin_code":"NULL","sub_basin__name":"East flowing rivers between krishna and Pennar","sub_basin__code":"NULL","created_date":"11/11/2021 12:00:08 AM","remarks":"NULL","remarks1":"{\\\"designcapacity\\\": 3.02, \\\"deadstoragelevel\\\": 74.928984, \\\"deadstorage\\\": 0.25, \\\"fullreservoirlevel\\\": 170.688, \\\"live_capacity_frl\\\": 0.043}","remarks2":"170.688","remarks3":"0.043","year":"NULL","remarks_":"NULL","remarks__":"NULL","remarks2_":"NULL","remarks3_":"NULL"}},
{"type":"Feature","geometry":{"type":"Point","coordinates":[81.75471000,16.93720000]},"properties":{"GmlID":"Reservoir_Station.777","objectid":777,"station_id":"null","station_code":"06d4797e-33e0-499f-b6b4-f34f8ffc1191","station_name":"SIR AURTHUR COTTON BARRAGE","station_type":"Reservoir","lat":16.93720000,"long":81.75471000,"agency_name":"APWRIMS","agency_id":null,"state_name":"Andhra Pradesh","state_code":"AP","district__name":"East Godavari","district__code":"NULL","block__name":"Atreyapuram","block__code":"NULL","basin__name":"Godavari Basin","basin_code":"NULL","sub_basin__name":"Godavari Lower","sub_basin__code":"NULL","created_date":"11/11/2021 12:00:08 AM","remarks":"NULL","remarks1":"{\\\"designcapacity\\\": 5.86, \\\"deadstoragelevel\\\": 10.668, \\\"deadstorage\\\": 1.2, \\\"fullreservoirlevel\\\": 27.2796, \\\"live_capacity_frl\\\": 0.083}","remarks2":"27.2796","remarks3":"0.083","year":"NULL","remarks_":"NULL","remarks__":"NULL","remarks2_":"NULL","remarks3_":"NULL"}},
{"type":"Feature","geometry":{"type":"Point","coordinates":[78.89634722,16.08703889]},"properties":{"GmlID":"Reservoir_Station.778","objectid":778,"station_id":"null","station_code":"cdad2e1e-91ab-11e5-8994-feff819cdc9f","station_name":"SRISAILAM R","station_type":"Reservoir","lat":16.08703889,"long":78.89634722,"agency_name":"APWRIMS","agency_id":null,"state_name":"Telangana","state_code":"TS","district__name":"Nagarkurnool","district__code":"NULL","block__name":"Amrabad Reserved Forest","block__code":"NULL","basin__name":"Krishna Basin","basin_code":"NULL","sub_basin__name":"Krishna Middle","sub_basin__code":"NULL","created_date":"11/11/2021 12:00:08 AM","remarks":"NULL","remarks1":"{\\\"designcapacity\\\": 431.62, \\\"deadstoragelevel\\\": 214.884, \\\"deadstorage\\\": 10.16, \\\"fullreservoirlevel\\\": 539.496, \\\"live_capacity_frl\\\": 6.111}","remarks2":"539.496","remarks3":"6.111","year":"NULL","remarks_":"NULL","remarks__":"NULL","remarks2_":"NULL","remarks3_":"NULL"}},
{"type":"Feature","geometry":{"type":"Point","coordinates":[82.20572500,17.33120833]},"properties":{"GmlID":"Reservoir_Station.779","objectid":779,"station_id":"null","station_code":"eb761fe7-4909-4df9-86ce-a8e62f1a1860","station_name":"SUBBAREDDY SAGAR","station_type":"Reservoir","lat":17.33120833,"long":82.20572500,"agency_name":"APWRIMS","agency_id":null,"state_name":"Andhra Pradesh","state_code":"AP","district__name":"East Godavari","district__code":"NULL","block__name":"Prattipadu","block__code":"NULL","basin__name":"East flowing rivers between Mahanadi and Pennar Basin","basin_code":"NULL","sub_basin__name":"Nagvati and other","sub_basin__code":"NULL","created_date":"11/11/2021 12:00:08 AM","remarks":"NULL","remarks1":"{\\\"designcapacity\\\": 0.46, \\\"deadstoragelevel\\\": 75.279504, \\\"deadstorage\\\": 0.03, \\\"fullreservoirlevel\\\": 174.01032, \\\"live_capacity_frl\\\": 0.007}","remarks2":"174.01032","remarks3":"0.007","year":"NULL","remarks_":"NULL","remarks__":"NULL","remarks2_":"NULL","remarks3_":"NULL"}},
{"type":"Feature","geometry":{"type":"Point","coordinates":[77.83069722,15.88002500]},"properties":{"GmlID":"Reservoir_Station.780","objectid":780,"station_id":"null","station_code":"2c01a0fd-388d-4d3c-b790-726f8ca0d690","station_name":"SUNKESULA BARRAGE","station_type":"Reservoir","lat":15.88002500,"long":77.83069722,"agency_name":"APWRIMS","agency_id":null,"state_name":"Andhra Pradesh","state_code":"AP","district__name":"Kurnool","district__code":"NULL","block__name":"Kurnool","block__code":"NULL","basin__name":"Krishna Basin","basin_code":"NULL","sub_basin__name":"Tungabhadra Lower","sub_basin__code":"NULL","created_date":"11/11/2021 12:00:08 AM","remarks":"NULL","remarks1":"{\\\"designcapacity\\\": 2.4, \\\"deadstoragelevel\\\": 288.798, \\\"deadstorage\\\": 0.3, \\\"fullreservoirlevel\\\": 583.9968, \\\"live_capacity_frl\\\": 0.034}","remarks2":"583.9968","remarks3":"0.034","year":"NULL","remarks_":"NULL","remarks__":"NULL","remarks2_":"NULL","remarks3_":"NULL"}},
{"type":"Feature","geometry":{"type":"Point","coordinates":[81.90262222,17.33639722]},"properties":{"GmlID":"Reservoir_Station.781","objectid":781,"station_id":"null","station_code":"8a964e98-4ee4-482c-89f8-aa665b257965","station_name":"SUREMPALEM RESERVOIR","station_type":"Reservoir","lat":17.33639722,"long":81.90262222,"agency_name":"APWRIMS","agency_id":null,"state_name":"Andhra Pradesh","state_code":"AP","district__name":"East Godavari","district__code":"NULL","block__name":"Gangavaram","block__code":"NULL","basin__name":"Godavari Basin","basin_code":"NULL","sub_basin__name":"Godavari Lower","sub_basin__code":"NULL","created_date":"11/11/2021 12:00:08 AM","remarks":"NULL","remarks1":"{\\\"designcapacity\\\": 0.56, \\\"deadstoragelevel\\\": 98.99904, \\\"deadstorage\\\": 0.03, \\\"fullreservoirlevel\\\": 210.244944, \\\"live_capacity_frl\\\": 0.008}","remarks2":"210.244944","remarks3":"0.008","year":"NULL","remarks_":"NULL","remarks__":"NULL","remarks2_":"NULL","remarks3_":"NULL"}},
{"type":"Feature","geometry":{"type":"Point","coordinates":[82.03500600,18.05473000]},"properties":{"GmlID":"Reservoir_Station.782","objectid":782,"station_id":"null","station_code":"efdbd08c-030f-41c2-a1ce-81bafa9ced34","station_name":"SILERU (GUNTAWADA) RESERVOIR","station_type":"Reservoir","lat":18.05473000,"long":82.03500600,"agency_name":"APWRIMS","agency_id":null,"state_name":"Andhra Pradesh","state_code":"AP","district__name":"Visakhapatanam","district__code":"NULL","block__name":"Gudem Kotha Veedhi","block__code":"NULL","basin__name":"Godavari Basin","basin_code":"NULL","sub_basin__name":"Godavari Lower","sub_basin__code":"NULL","created_date":"11/11/2021 12:00:08 AM","remarks":"NULL","remarks1":"{\\\"designcapacity\\\": 4.3, \\\"deadstoragelevel\\\": \\\"    \\\", \\\"deadstorage\\\": \\\"    \\\", \\\"fullreservoirlevel\\\": 414.528, \\\"live_capacity_frl\\\": 0.0}","remarks2":"414.528","remarks3":"null","year":"NULL","remarks_":"NULL","remarks__":"NULL","remarks2_":"NULL","remarks3_":"NULL"}},
{"type":"Feature","geometry":{"type":"Point","coordinates":[79.74444444,14.24138890]},"properties":{"GmlID":"Reservoir_Station.783","objectid":783,"station_id":"null","station_code":"16ae6e6a-58e7-4354-bc0a-b89ea57b3853","station_name":"SANGAM ANICUT / BARRGE","station_type":"Reservoir","lat":14.24138890,"long":79.74444444,"agency_name":"APWRIMS","agency_id":null,"state_name":"Andhra Pradesh","state_code":"AP","district__name":"SPSR Nellore","district__code":"NULL","block__name":"Saidapuram","block__code":"NULL","basin__name":"East flowing rivers between Pennar and Kanyakumari Basin","basin_code":"NULL","sub_basin__name":"Palar and other","sub_basin__code":"NULL","created_date":"11/11/2021 12:00:08 AM","remarks":"NULL","remarks1":"{\\\"designcapacity\\\": 0.9, \\\"deadstoragelevel\\\": 33.595056, \\\"deadstorage\\\": 0.0, \\\"fullreservoirlevel\\\": 68.409312, \\\"live_capacity_frl\\\": 0.013}","remarks2":"68.409312","remarks3":"0.013","year":"NULL","remarks_":"NULL","remarks__":"NULL","remarks2_":"NULL","remarks3_":"NULL"}},
{"type":"Feature","geometry":{"type":"Point","coordinates":[80.01238056,14.32668611]},"properties":{"GmlID":"Reservoir_Station.784","objectid":784,"station_id":"null","station_code":"5bba311b-8651-4dbb-859b-98e1e176d940","station_name":"SARVEPALLI RESERVOIR","station_type":"Reservoir","lat":14.32668611,"long":80.01238056,"agency_name":"APWRIMS","agency_id":null,"state_name":"Andhra Pradesh","state_code":"AP","district__name":"SPSR Nellore","district__code":"NULL","block__name":"Venkatachalam","block__code":"NULL","basin__name":"East flowing rivers between Pennar and Kanyakumari Basin","basin_code":"NULL","sub_basin__name":"Palar and other","sub_basin__code":"NULL","created_date":"11/11/2021 12:00:08 AM","remarks":"NULL","remarks1":"{\\\"designcapacity\\\": 3.48, \\\"deadstoragelevel\\\": 4.791456, \\\"deadstorage\\\": 0.0, \\\"fullreservoirlevel\\\": 16.898112, \\\"live_capacity_frl\\\": 0.049}","remarks2":"16.898112","remarks3":"0.049","year":"NULL","remarks_":"NULL","remarks__":"NULL","remarks2_":"NULL","remarks3_":"NULL"}},
{"type":"Feature","geometry":{"type":"Point","coordinates":[79.30334900,14.48742300]},"properties":{"GmlID":"Reservoir_Station.785","objectid":785,"station_id":"null","station_code":"0f512470-1770-11e6-b6ba-3e1d05defe78","station_name":"SOMASILA RESERVOIR","station_type":"Reservoir","lat":14.48742300,"long":79.30334900,"agency_name":"APWRIMS","agency_id":null,"state_name":"Andhra Pradesh","state_code":"AP","district__name":"SPSR Nellore","district__code":"NULL","block__name":"Ananthasagaram","block__code":"NULL","basin__name":"Pennar Basin","basin_code":"NULL","sub_basin__name":"Pennar Lower","sub_basin__code":"NULL","created_date":"11/11/2021 12:00:08 AM","remarks":"NULL","remarks1":"{\\\"designcapacity\\\": 156.0, \\\"deadstoragelevel\\\": 82.3, \\\"deadstorage\\\": 7.568563597, \\\"fullreservoirlevel\\\": 131.240784, \\\"live_capacity_frl\\\": 2.209}","remarks2":"131.240784","remarks3":"2.209","year":"NULL","remarks_":"NULL","remarks__":"NULL","remarks2_":"NULL","remarks3_":"NULL"}},
{"type":"Feature","geometry":{"type":"Point","coordinates":[80.93911111,17.00989167]},"properties":{"GmlID":"Reservoir_Station.786","objectid":786,"station_id":"null","station_code":"586ceeb9-3ad4-49bc-a92d-444015851593","station_name":"TAMMILERU RESERVOIR","station_type":"Reservoir","lat":17.00989167,"long":80.93911111,"agency_name":"APWRIMS","agency_id":null,"state_name":"Andhra Pradesh","state_code":"AP","district__name":"Krishna","district__code":"NULL","block__name":"Chatrayi","block__code":"NULL","basin__name":"East flowing rivers between Mahanadi and Pennar Basin","basin_code":"NULL","sub_basin__name":"East flowing rivers between Godavari and krishna","sub_basin__code":"NULL","created_date":"11/11/2021 12:00:08 AM","remarks":"NULL","remarks1":"{\\\"designcapacity\\\": 2.21, \\\"deadstoragelevel\\\": 99.06, \\\"deadstorage\\\": 0.3, \\\"fullreservoirlevel\\\": 216.408, \\\"live_capacity_frl\\\": 0.031}","remarks2":"216.408","remarks3":"0.031","year":"NULL","remarks_":"NULL","remarks__":"NULL","remarks2_":"NULL","remarks3_":"NULL"}},
{"type":"Feature","geometry":{"type":"Point","coordinates":[83.19147000,18.17231000]},"properties":{"GmlID":"Reservoir_Station.787","objectid":787,"station_id":"null","station_code":"eeb82fe7-e68a-4c75-9eb7-456b2581083c","station_name":"THATIPUDI RESERVOIR","station_type":"Reservoir","lat":18.17231000,"long":83.19147000,"agency_name":"APWRIMS","agency_id":null,"state_name":"Andhra Pradesh","state_code":"AP","district__name":"Vizianagaram","district__code":"NULL","block__name":"Srungavarapukota","block__code":"NULL","basin__name":"East flowing rivers between Mahanadi and Pennar Basin","basin_code":"NULL","sub_basin__name":"Nagvati and other","sub_basin__code":"NULL","created_date":"11/11/2021 12:00:08 AM","remarks":"NULL","remarks1":"{\\\"designcapacity\\\": 6.66, \\\"deadstoragelevel\\\": 76.510896, \\\"deadstorage\\\": 0.15, \\\"fullreservoirlevel\\\": 181.0512, \\\"live_capacity_frl\\\": 0.094}","remarks2":"181.0512","remarks3":"0.094","year":"NULL","remarks_":"NULL","remarks__":"NULL","remarks2_":"NULL","remarks3_":"NULL"}},
{"type":"Feature","geometry":{"type":"Point","coordinates":[83.49609000,18.78437200]},"properties":{"GmlID":"Reservoir_Station.788","objectid":788,"station_id":"null","station_code":"cb4a8d34-5463-40af-8bea-976b10d1705a","station_name":"THOTAPALLI REGULATOR / BARRAGE","station_type":"Reservoir","lat":18.78437200,"long":83.49609000,"agency_name":"APWRIMS","agency_id":null,"state_name":"Andhra Pradesh","state_code":"AP","district__name":"Vizianagaram","district__code":"NULL","block__name":"Garugubilli","block__code":"NULL","basin__name":"East flowing rivers between Mahanadi and Pennar Basin","basin_code":"NULL","sub_basin__name":"Nagvati and other","sub_basin__code":"NULL","created_date":"11/11/2021 12:00:08 AM","remarks":"NULL","remarks1":"{\\\"designcapacity\\\": 5.02, \\\"deadstoragelevel\\\": 99.998784, \\\"deadstorage\\\": 0.12, \\\"fullreservoirlevel\\\": 209.7024, \\\"live_capacity_frl\\\": 0.071}","remarks2":"209.7024","remarks3":"0.071","year":"NULL","remarks_":"NULL","remarks__":"NULL","remarks2_":"NULL","remarks3_":"NULL"}},
{"type":"Feature","geometry":{"type":"Point","coordinates":[78.64635556,15.96693611]},"properties":{"GmlID":"Reservoir_Station.789","objectid":789,"station_id":"null","station_code":"89fabc06-f306-4919-b057-6a749e68a277","station_name":"VARADARAJASWAMY GUDI PROJECT","station_type":"Reservoir","lat":15.96693611,"long":78.64635556,"agency_name":"APWRIMS","agency_id":null,"state_name":"Andhra Pradesh","state_code":"AP","district__name":"Kurnool","district__code":"NULL","block__name":"Atmakur","block__code":"NULL","basin__name":"Krishna Basin","basin_code":"NULL","sub_basin__name":"Krishna Middle","sub_basin__code":"NULL","created_date":"11/11/2021 12:00:08 AM","remarks":"NULL","remarks1":"{\\\"designcapacity\\\": 0.78, \\\"deadstoragelevel\\\": 362.800392, \\\"deadstorage\\\": 0.0, \\\"fullreservoirlevel\\\": 739.999536, \\\"live_capacity_frl\\\": 0.011}","remarks2":"739.999536","remarks3":"0.011","year":"NULL","remarks_":"NULL","remarks__":"NULL","remarks2_":"NULL","remarks3_":"NULL"}},
{"type":"Feature","geometry":{"type":"Point","coordinates":[83.58957500,18.83640833]},"properties":{"GmlID":"Reservoir_Station.790","objectid":790,"station_id":"null","station_code":"b972c684-1c96-4683-8d27-1735d3b983e9","station_name":"VATTIGEDDA RESERVOIR","station_type":"Reservoir","lat":18.83640833,"long":83.58957500,"agency_name":"APWRIMS","agency_id":null,"state_name":"Andhra Pradesh","state_code":"AP","district__name":"Vizianagaram","district__code":"NULL","block__name":"Jiyyammavalasa","block__code":"NULL","basin__name":"East flowing rivers between Mahanadi and Pennar Basin","basin_code":"NULL","sub_basin__name":"Nagvati and other","sub_basin__code":"NULL","created_date":"11/11/2021 12:00:08 AM","remarks":"NULL","remarks1":"{\\\"designcapacity\\\": 1.92, \\\"deadstoragelevel\\\": 110.7948, \\\"deadstorage\\\": 0.07, \\\"fullreservoirlevel\\\": 243.236496, \\\"live_capacity_frl\\\": 0.027}","remarks2":"243.236496","remarks3":"0.027","year":"NULL","remarks_":"NULL","remarks__":"NULL","remarks2_":"NULL","remarks3_":"NULL"}},
{"type":"Feature","geometry":{"type":"Point","coordinates":[78.59111389,15.72490000]},"properties":{"GmlID":"Reservoir_Station.791","objectid":791,"station_id":"null","station_code":"9e2cb9f8-743b-473a-b966-7d11cb000a79","station_name":"VELOGODU BALANCING RESERVOIR","station_type":"Reservoir","lat":15.72490000,"long":78.59111389,"agency_name":"APWRIMS","agency_id":null,"state_name":"Andhra Pradesh","state_code":"AP","district__name":"Kurnool","district__code":"NULL","block__name":"Velugodu","block__code":"NULL","basin__name":"Pennar Basin","basin_code":"NULL","sub_basin__name":"Pennar Upper","sub_basin__code":"NULL","created_date":"11/11/2021 12:00:08 AM","remarks":"NULL","remarks1":"{\\\"designcapacity\\\": 33.9, \\\"deadstoragelevel\\\": 247.9993008, \\\"deadstorage\\\": 0.63, \\\"fullreservoirlevel\\\": 529.4376, \\\"live_capacity_frl\\\": 0.48}","remarks2":"529.4376","remarks3":"0.48","year":"NULL","remarks_":"NULL","remarks__":"NULL","remarks2_":"NULL","remarks3_":"NULL"}},
{"type":"Feature","geometry":{"type":"Point","coordinates":[83.22150556,18.62339722]},"properties":{"GmlID":"Reservoir_Station.792","objectid":792,"station_id":"null","station_code":"57b13ab7-4d94-4962-b1f6-7046686a4257","station_name":"VENGALRAYA SAGARAM","station_type":"Reservoir","lat":18.62339722,"long":83.22150556,"agency_name":"APWRIMS","agency_id":null,"state_name":"Andhra Pradesh","state_code":"AP","district__name":"Vizianagaram","district__code":"NULL","block__name":"Makkuva","block__code":"NULL","basin__name":"East flowing rivers between Mahanadi and Pennar Basin","basin_code":"NULL","sub_basin__name":"Nagvati and other","sub_basin__code":"NULL","created_date":"11/11/2021 12:00:08 AM","remarks":"NULL","remarks1":"{\\\"designcapacity\\\": 3.0, \\\"deadstoragelevel\\\": 150.99792, \\\"deadstorage\\\": 0.19, \\\"fullreservoirlevel\\\": 321.996816, \\\"live_capacity_frl\\\": 0.042}","remarks2":"321.996816","remarks3":"0.042","year":"NULL","remarks_":"NULL","remarks__":"NULL","remarks2_":"NULL","remarks3_":"NULL"}},
{"type":"Feature","geometry":{"type":"Point","coordinates":[82.09538000,17.30794000]},"properties":{"GmlID":"Reservoir_Station.793","objectid":793,"station_id":"null","station_code":"2047859b-a4c5-4f4b-a9e6-35d06bdf0fab","station_name":"YELERU RESERVOIR","station_type":"Reservoir","lat":17.30794000,"long":82.09538000,"agency_name":"APWRIMS","agency_id":null,"state_name":"Andhra Pradesh","state_code":"AP","district__name":"East Godavari","district__code":"NULL","block__name":"Eleswaram","block__code":"NULL","basin__name":"East flowing rivers between Mahanadi and Pennar Basin","basin_code":"NULL","sub_basin__name":"Nagvati and other","sub_basin__code":"NULL","created_date":"11/11/2021 12:00:08 AM","remarks":"NULL","remarks1":"{\\\"designcapacity\\\": 48.22, \\\"deadstoragelevel\\\": 72.560688, \\\"deadstorage\\\": 6.16, \\\"fullreservoirlevel\\\": 173.120304, \\\"live_capacity_frl\\\": 0.683}","remarks2":"173.120304","remarks3":"0.683","year":"NULL","remarks_":"NULL","remarks__":"NULL","remarks2_":"NULL","remarks3_":"NULL"}},
{"type":"Feature","geometry":{"type":"Point","coordinates":[81.25674444,17.09994167]},"properties":{"GmlID":"Reservoir_Station.794","objectid":794,"station_id":"null","station_code":"b0eda010-a7bd-49a4-a0b5-c10af6f93b16","station_name":"YERRAKALVA RESERVOIR","station_type":"Reservoir","lat":17.09994167,"long":81.25674444,"agency_name":"APWRIMS","agency_id":null,"state_name":"Andhra Pradesh","state_code":"AP","district__name":"West Godavari","district__code":"NULL","block__name":"Jangareddigudem","block__code":"NULL","basin__name":"East flowing rivers between Mahanadi and Pennar Basin","basin_code":"NULL","sub_basin__name":"East flowing rivers between Godavari and krishna","sub_basin__code":"NULL","created_date":"11/11/2021 12:00:08 AM","remarks":"NULL","remarks1":"{\\\"designcapacity\\\": 8.86, \\\"deadstoragelevel\\\": 76.498704, \\\"deadstorage\\\": 0.38, \\\"fullreservoirlevel\\\": 162.098736, \\\"live_capacity_frl\\\": 0.125}","remarks2":"162.098736","remarks3":"0.125","year":"NULL","remarks_":"NULL","remarks__":"NULL","remarks2_":"NULL","remarks3_":"NULL"}},
{"type":"Feature","geometry":{"type":"Point","coordinates":[78.13730556,15.30971389]},"properties":{"GmlID":"Reservoir_Station.795","objectid":795,"station_id":"null","station_code":"901e15e0-2d83-4546-bb15-5a60dafcf358","station_name":"ZURRERU RESERVOIR","station_type":"Reservoir","lat":15.30971389,"long":78.13730556,"agency_name":"APWRIMS","agency_id":null,"state_name":"Andhra Pradesh","state_code":"AP","district__name":"Kurnool","district__code":"NULL","block__name":"Banganapalle","block__code":"NULL","basin__name":"Pennar Basin","basin_code":"NULL","sub_basin__name":"Pennar Upper","sub_basin__code":"NULL","created_date":"11/11/2021 12:00:08 AM","remarks":"NULL","remarks1":"{\\\"designcapacity\\\": 0.54, \\\"deadstoragelevel\\\": 255.846072, \\\"deadstorage\\\": 0.02, \\\"fullreservoirlevel\\\": 527.304, \\\"live_capacity_frl\\\": 0.008}","remarks2":"527.304","remarks3":"0.008","year":"NULL","remarks_":"NULL","remarks__":"NULL","remarks2_":"NULL","remarks3_":"NULL"}},
{"type":"Feature","geometry":{"type":"Point","coordinates":[70.18310000,22.40620000]},"properties":{"GmlID":"Reservoir_Station.796","objectid":796,"station_id":"null","station_code":"a0210b3d-a15a-4106-8ee2-046ffd913747","station_name":"Vijarkhi","station_type":"Reservoir","lat":22.40620000,"long":70.18310000,"agency_name":"Gujarat","agency_id":null,"state_name":"Gujarat","state_code":"GJ","district__name":"Jamnagar","district__code":"NULL","block__name":"Jamnagar","block__code":"NULL","basin__name":"West flowing rivers of Kutch and Saurashtra including Luni Basin","basin_code":"NULL","sub_basin__name":"Drainage of Rann","sub_basin__code":"NULL","created_date":"10/26/2021 12:00:08 AM","remarks":"101","remarks1":"NULL","remarks2":"30.48","remarks3":"0.0097","year":"NULL","remarks_":"NULL","remarks__":"NULL","remarks2_":"NULL","remarks3_":"NULL"}},
{"type":"Feature","geometry":{"type":"Point","coordinates":[70.34040000,21.30370000]},"properties":{"GmlID":"Reservoir_Station.797","objectid":797,"station_id":"null","station_code":"5db740da-a7f3-4c31-8b12-d11213dcbab6","station_name":"Wodisang","station_type":"Reservoir","lat":21.30370000,"long":70.34040000,"agency_name":"Gujarat","agency_id":null,"state_name":"Gujarat","state_code":"GJ","district__name":"Junagadh","district__code":"NULL","block__name":"Keshod","block__code":"NULL","basin__name":"West flowing rivers of Kutch and Saurashtra including Luni Basin","basin_code":"NULL","sub_basin__name":"Bhadar and other west flowing rivers","sub_basin__code":"NULL","created_date":"10/26/2021 12:00:08 AM","remarks":"119","remarks1":"NULL","remarks2":"76.5","remarks3":"0.00785","year":"NULL","remarks_":"NULL","remarks__":"NULL","remarks2_":"NULL","remarks3_":"NULL"}},
{"type":"Feature","geometry":{"type":"Point","coordinates":[80.06797222,14.00697500]},"properties":{"GmlID":"Reservoir_Station.798","objectid":798,"station_id":"null","station_code":"1765fa8a-3f21-441c-9bd5-526b37ba9aec","station_name":"SWARNAMUKHI BARRAGE CUM BRIDGE","station_type":"Reservoir","lat":14.00697500,"long":80.06797222,"agency_name":"APWRIMS","agency_id":null,"state_name":"Andhra Pradesh","state_code":"AP","district__name":"SPSR Nellore","district__code":"NULL","block__name":"Vakadu","block__code":"NULL","basin__name":"East flowing rivers between Pennar and Kanyakumari Basin","basin_code":"NULL","sub_basin__name":"Palar and other","sub_basin__code":"NULL","created_date":"11/11/2021 12:00:08 AM","remarks":"NULL","remarks1":"{\\\"designcapacity\\\": 2.14, \\\"deadstoragelevel\\\": 55.680864, \\\"deadstorage\\\": 0.0, \\\"fullreservoirlevel\\\": 115.939763, \\\"live_capacity_frl\\\": 0.03}","remarks2":"115.939763","remarks3":"0.03","year":"NULL","remarks_":"NULL","remarks__":"NULL","remarks2_":"NULL","remarks3_":"NULL"}},
{"type":"Feature","geometry":{"type":"Point","coordinates":[70.42310000,21.76150000]},"properties":{"GmlID":"Reservoir_Station.799","objectid":799,"station_id":"null","station_code":"6bc8bcfc-c7fe-4472-a959-35c19970379f","station_name":"Bhadar - II","station_type":"Reservoir","lat":21.76150000,"long":70.42310000,"agency_name":"Gujarat","agency_id":null,"state_name":"Gujarat","state_code":"GJ","district__name":"Rajkot","district__code":"NULL","block__name":"Dhoraji","block__code":"NULL","basin__name":"West flowing rivers of Kutch and Saurashtra including Luni Basin","basin_code":"NULL","sub_basin__name":"Bhadar and other west flowing rivers","sub_basin__code":"NULL","created_date":"10/26/2021 12:00:08 AM","remarks":"149","remarks1":"NULL","remarks2":"53.1","remarks3":"0.049","year":"NULL","remarks_":"NULL","remarks__":"NULL","remarks2_":"NULL","remarks3_":"NULL"}},
{"type":"Feature","geometry":{"type":"Point","coordinates":[71.79380000,22.19690000]},"properties":{"GmlID":"Reservoir_Station.800","objectid":800,"station_id":"null","station_code":"377308e1-c24d-490b-87ae-fbdc47232024","station_name":"Utavali","station_type":"Reservoir","lat":22.19690000,"long":71.79380000,"agency_name":"Gujarat","agency_id":null,"state_name":"Gujarat","state_code":"GJ","district__name":"Botad","district__code":"NULL","block__name":"Ranpur","block__code":"NULL","basin__name":"West flowing rivers of Kutch and Saurashtra including Luni Basin","basin_code":"NULL","sub_basin__name":"Shetranjuli and other east flowing rivers","sub_basin__code":"NULL","created_date":"10/26/2021 12:00:08 AM","remarks":"2","remarks1":"NULL","remarks2":"49.3","remarks3":"0.00901","year":"NULL","remarks_":"NULL","remarks__":"NULL","remarks2_":"NULL","remarks3_":"NULL"}},
{"type":"Feature","geometry":{"type":"Point","coordinates":[76.83843333,14.53914722]},"properties":{"GmlID":"Reservoir_Station.801","objectid":801,"station_id":"null","station_code":"d5e80539-c254-486e-8f06-d51d951a5bb1","station_name":"BHAIRAVANITHIPPA PROJECT","station_type":"Reservoir","lat":14.53914722,"long":76.83843333,"agency_name":"APWRIMS","agency_id":null,"state_name":"Andhra Pradesh","state_code":"AP","district__name":"Anantapur","district__code":"NULL","block__name":"Gummagatta","block__code":"NULL","basin__name":"Krishna Basin","basin_code":"NULL","sub_basin__name":"Tungabhadra Lower","sub_basin__code":"NULL","created_date":"11/11/2021 12:00:08 AM","remarks":"NULL","remarks1":"{\\\"designcapacity\\\": 4.0, \\\"deadstoragelevel\\\": 497.7384, \\\"deadstorage\\\": 0.04, \\\"fullreservoirlevel\\\": 1008.875808, \\\"live_capacity_frl\\\": 0.057}","remarks2":"1008.875808","remarks3":"0.057","year":"NULL","remarks_":"NULL","remarks__":"NULL","remarks2_":"NULL","remarks3_":"NULL"}},
{"type":"Feature","geometry":{"type":"Point","coordinates":[77.82823056,14.91828333]},"properties":{"GmlID":"Reservoir_Station.802","objectid":802,"station_id":"null","station_code":"0baf751c-7060-4d25-aea1-62524b8d1f53","station_name":"CHAGALLU BALANCING RESERVOIR","station_type":"Reservoir","lat":14.91828333,"long":77.82823056,"agency_name":"APWRIMS","agency_id":null,"state_name":"Andhra Pradesh","state_code":"AP","district__name":"Anantapur","district__code":"NULL","block__name":"Pedda Pappuru","block__code":"NULL","basin__name":"Pennar Basin","basin_code":"NULL","sub_basin__name":"Pennar Upper","sub_basin__code":"NULL","created_date":"11/11/2021 12:00:08 AM","remarks":"NULL","remarks1":"{\\\"designcapacity\\\": 3.598, \\\"deadstoragelevel\\\": 255.4294104, \\\"deadstorage\\\": 0.05, \\\"fullreservoirlevel\\\": 531.8589312, \\\"live_capacity_frl\\\": 0.051}","remarks2":"531.8589312","remarks3":"0.051","year":"NULL","remarks_":"NULL","remarks__":"NULL","remarks2_":"NULL","remarks3_":"NULL"}},
{"type":"Feature","geometry":{"type":"Point","coordinates":[78.17947778,13.86148056]},"properties":{"GmlID":"Reservoir_Station.803","objectid":803,"station_id":"null","station_code":"d8a1e0fc-ae8c-4438-b856-e919211549a6","station_name":"CHENNARAYA SWAMI GUDI PROJECT","station_type":"Reservoir","lat":13.86148056,"long":78.17947778,"agency_name":"APWRIMS","agency_id":null,"state_name":"Andhra Pradesh","state_code":"AP","district__name":"Anantapur","district__code":"NULL","block__name":"Tanakal","block__code":"NULL","basin__name":"Pennar Basin","basin_code":"NULL","sub_basin__name":"Pennar Upper","sub_basin__code":"NULL","created_date":"11/11/2021 12:00:08 AM","remarks":"NULL","remarks1":"{\\\"designcapacity\\\": 0.34, \\\"deadstoragelevel\\\": 577.589904, \\\"deadstorage\\\": 0.01, \\\"fullreservoirlevel\\\": 1174.6992, \\\"live_capacity_frl\\\": 0.005}","remarks2":"1174.6992","remarks3":"0.005","year":"NULL","remarks_":"NULL","remarks__":"NULL","remarks2_":"NULL","remarks3_":"NULL"}},
{"type":"Feature","geometry":{"type":"Point","coordinates":[78.17583333,14.02611111]},"properties":{"GmlID":"Reservoir_Station.804","objectid":804,"station_id":"null","station_code":"d47c97a8-bfec-11e8-a355-529269fb1459","station_name":"CHERLOPALLI RESERVOIR","station_type":"Reservoir","lat":14.02611111,"long":78.17583333,"agency_name":"APWRIMS","agency_id":null,"state_name":"Andhra Pradesh","state_code":"AP","district__name":"Anantapur","district__code":"NULL","block__name":"Nallacheruvu","block__code":"NULL","basin__name":"Pennar Basin","basin_code":"NULL","sub_basin__name":"Pennar Upper","sub_basin__code":"NULL","created_date":"11/11/2021 12:00:08 AM","remarks":"NULL","remarks1":"{\\\"designcapacity\\\": 1.608, \\\"deadstoragelevel\\\": 578.9929594, \\\"deadstorage\\\": 0.351, \\\"fullreservoirlevel\\\": 599.4927101, \\\"live_capacity_frl\\\": 0.046}","remarks2":"599.4927101","remarks3":"0.046","year":"NULL","remarks_":"NULL","remarks__":"NULL","remarks2_":"NULL","remarks3_":"NULL"}},
{"type":"Feature","geometry":{"type":"Point","coordinates":[77.58291000,14.20029500]},"properties":{"GmlID":"Reservoir_Station.805","objectid":805,"station_id":"null","station_code":"9c2cc428-c7b6-11e8-a8d5-f2801f1b9fd1","station_name":"GOLLAPALLI RESERVOIR","station_type":"Reservoir","lat":14.20029500,"long":77.58291000,"agency_name":"APWRIMS","agency_id":null,"state_name":"Andhra Pradesh","state_code":"AP","district__name":"Anantapur","district__code":"NULL","block__name":"Penukonda","block__code":"NULL","basin__name":"Pennar Basin","basin_code":"NULL","sub_basin__name":"Pennar Upper","sub_basin__code":"NULL","created_date":"11/11/2021 12:00:08 AM","remarks":"NULL","remarks1":"{\\\"designcapacity\\\": 1.913, \\\"deadstoragelevel\\\": 520.3, \\\"deadstorage\\\": 0.653, \\\"fullreservoirlevel\\\": 529.0, \\\"live_capacity_frl\\\": 0.054}","remarks2":"529","remarks3":"0.054","year":"NULL","remarks_":"NULL","remarks__":"NULL","remarks2_":"NULL","remarks3_":"NULL"}},
{"type":"Feature","geometry":{"type":"Point","coordinates":[77.27048889,14.69913611]},"properties":{"GmlID":"Reservoir_Station.806","objectid":806,"station_id":"null","station_code":"f47bcc5a-c8da-4c55-9eba-2ffd605e3efb","station_name":"JEEDIPALLI RESERVOIR","station_type":"Reservoir","lat":14.69913611,"long":77.27048889,"agency_name":"APWRIMS","agency_id":null,"state_name":"Andhra Pradesh","state_code":"AP","district__name":"Anantapur","district__code":"NULL","block__name":"Beluguppa","block__code":"NULL","basin__name":"Pennar Basin","basin_code":"NULL","sub_basin__name":"Pennar Upper","sub_basin__code":"NULL","created_date":"11/11/2021 12:00:08 AM","remarks":"NULL","remarks1":"{\\\"designcapacity\\\": 3.38, \\\"deadstoragelevel\\\": 452.000112, \\\"deadstorage\\\": 0.08, \\\"fullreservoirlevel\\\": 928.396416, \\\"live_capacity_frl\\\": 0.048}","remarks2":"928.396416","remarks3":"0.048","year":"NULL","remarks_":"NULL","remarks__":"NULL","remarks2_":"NULL","remarks3_":"NULL"}},
{"type":"Feature","geometry":{"type":"Point","coordinates":[77.93972222,14.12833333]},"properties":{"GmlID":"Reservoir_Station.807","objectid":807,"station_id":"null","station_code":"85ddf356-bfee-11e8-a355-529269fb1459","station_name":"MARALA RESERVOIR","station_type":"Reservoir","lat":14.12833333,"long":77.93972222,"agency_name":"APWRIMS","agency_id":null,"state_name":"Andhra Pradesh","state_code":"AP","district__name":"Anantapur","district__code":"NULL","block__name":"Nallamada","block__code":"NULL","basin__name":"Pennar Basin","basin_code":"NULL","sub_basin__name":"Pennar Upper","sub_basin__code":"NULL","created_date":"11/11/2021 12:00:08 AM","remarks":"NULL","remarks1":"{\\\"designcapacity\\\": 0.483, \\\"deadstoragelevel\\\": 430.0728, \\\"deadstorage\\\": 0.018, \\\"fullreservoirlevel\\\": 445.008, \\\"live_capacity_frl\\\": 0.014}","remarks2":"445.008","remarks3":"0.014","year":"NULL","remarks_":"NULL","remarks__":"NULL","remarks2_":"NULL","remarks3_":"NULL"}},
{"type":"Feature","geometry":{"type":"Point","coordinates":[77.40936944,14.87085556]},"properties":{"GmlID":"Reservoir_Station.808","objectid":808,"station_id":"null","station_code":"f29b32d3-cf35-4a18-a85d-79848a8b5f3c","station_name":"MID PENNAR RESERVOIR","station_type":"Reservoir","lat":14.87085556,"long":77.40936944,"agency_name":"APWRIMS","agency_id":null,"state_name":"Andhra Pradesh","state_code":"AP","district__name":"Anantapur","district__code":"NULL","block__name":"Kuderu","block__code":"NULL","basin__name":"Pennar Basin","basin_code":"NULL","sub_basin__name":"Pennar Upper","sub_basin__code":"NULL","created_date":"11/11/2021 12:00:08 AM","remarks":"NULL","remarks1":"{\\\"designcapacity\\\": 10.34, \\\"deadstoragelevel\\\": 345.6432, \\\"deadstorage\\\": 0.21, \\\"fullreservoirlevel\\\": 731.477328, \\\"live_capacity_frl\\\": 0.146}","remarks2":"731.477328","remarks3":"0.146","year":"NULL","remarks_":"NULL","remarks__":"NULL","remarks2_":"NULL","remarks3_":"NULL"}},
{"type":"Feature","geometry":{"type":"Point","coordinates":[77.29934167,14.79077500]},"properties":{"GmlID":"Reservoir_Station.809","objectid":809,"station_id":"null","station_code":"1c20cc80-9c3f-4a6f-bc74-e16b29b5ad9a","station_name":"PENNA AHOBILAM BALANCING RESERVOIR","station_type":"Reservoir","lat":14.79077500,"long":77.29934167,"agency_name":"APWRIMS","agency_id":null,"state_name":"Andhra Pradesh","state_code":"AP","district__name":"Anantapur","district__code":"NULL","block__name":"Uravakonda","block__code":"NULL","basin__name":"Pennar Basin","basin_code":"NULL","sub_basin__name":"Pennar Upper","sub_basin__code":"NULL","created_date":"11/11/2021 12:00:08 AM","remarks":"NULL","remarks1":"{\\\"designcapacity\\\": 22.2, \\\"deadstoragelevel\\\": 419.3490216, \\\"deadstorage\\\": 0.33, \\\"fullreservoirlevel\\\": 885.998736, \\\"live_capacity_frl\\\": 0.314}","remarks2":"885.998736","remarks3":"0.314","year":"NULL","remarks_":"NULL","remarks__":"NULL","remarks2_":"NULL","remarks3_":"NULL"}},
{"type":"Feature","geometry":{"type":"Point","coordinates":[77.35402500,14.33669167]},"properties":{"GmlID":"Reservoir_Station.810","objectid":810,"station_id":"null","station_code":"bc723128-4dab-11e6-a0d5-68f72823d03e","station_name":"UPPER PENNAR","station_type":"Reservoir","lat":14.33669167,"long":77.35402500,"agency_name":"APWRIMS","agency_id":null,"state_name":"Andhra Pradesh","state_code":"AP","district__name":"Anantapur","district__code":"NULL","block__name":"Ramagiri","block__code":"NULL","basin__name":"Pennar Basin","basin_code":"NULL","sub_basin__name":"Pennar Upper","sub_basin__code":"NULL","created_date":"11/11/2021 12:00:08 AM","remarks":"NULL","remarks1":"{\\\"designcapacity\\\": 3.62, \\\"deadstoragelevel\\\": 529.44, \\\"deadstorage\\\": 0.237010349, \\\"fullreservoirlevel\\\": 699.94996, \\\"live_capacity_frl\\\": 0.051}","remarks2":"699.94996","remarks3":"0.051","year":"NULL","remarks_":"NULL","remarks__":"NULL","remarks2_":"NULL","remarks3_":"NULL"}},
{"type":"Feature","geometry":{"type":"Point","coordinates":[73.71673800,23.05426400]},"properties":{"GmlID":"Reservoir_Station.811","objectid":811,"station_id":"null","station_code":"6cafccd4-b7af-4846-ab48-4755a4a9483d","station_name":"Panam","station_type":"Reservoir","lat":23.05426400,"long":73.71673800,"agency_name":"Gujarat","agency_id":null,"state_name":"Gujarat","state_code":"GJ","district__name":"Mahisagar","district__code":"NULL","block__name":"Santrampur","block__code":"NULL","basin__name":"Mahi Basin","basin_code":"NULL","sub_basin__name":"Mahi Lower","sub_basin__code":"NULL","created_date":"10/26/2021 12:00:08 AM","remarks":"14","remarks1":"NULL","remarks2":"127.41","remarks3":"0.57819","year":"NULL","remarks_":"NULL","remarks__":"NULL","remarks2_":"NULL","remarks3_":"NULL"}},
{"type":"Feature","geometry":{"type":"Point","coordinates":[78.05173333,14.35821667]},"properties":{"GmlID":"Reservoir_Station.812","objectid":812,"station_id":"null","station_code":"5f99ff1c-5c63-4c69-9929-b185336dea42","station_name":"YOGI VEMANA (MADDILERU) RESERVOIR","station_type":"Reservoir","lat":14.35821667,"long":78.05173333,"agency_name":"APWRIMS","agency_id":null,"state_name":"Andhra Pradesh","state_code":"AP","district__name":"Anantapur","district__code":"NULL","block__name":"Nallamada","block__code":"NULL","basin__name":"Pennar Basin","basin_code":"NULL","sub_basin__name":"Pennar Upper","sub_basin__code":"NULL","created_date":"11/11/2021 12:00:08 AM","remarks":"NULL","remarks1":"{\\\"designcapacity\\\": 1.8, \\\"deadstoragelevel\\\": 376.842528, \\\"deadstorage\\\": 0.3, \\\"fullreservoirlevel\\\": 765.998976, \\\"live_capacity_frl\\\": 0.025}","remarks2":"765.998976","remarks3":"0.025","year":"NULL","remarks_":"NULL","remarks__":"NULL","remarks2_":"NULL","remarks3_":"NULL"}},
{"type":"Feature","geometry":{"type":"Point","coordinates":[78.03280100,14.66958100]},"properties":{"GmlID":"Reservoir_Station.813","objectid":813,"station_id":"null","station_code":"78ade112-336d-11e9-b210-d663bd873d93","station_name":"GODDAMVARIPALLI SR3","station_type":"Reservoir","lat":14.66958100,"long":78.03280100,"agency_name":"APWRIMS","agency_id":null,"state_name":"Andhra Pradesh","state_code":"AP","district__name":"Anantapur","district__code":"NULL","block__name":"Yellanur","block__code":"NULL","basin__name":"Pennar Basin","basin_code":"NULL","sub_basin__name":"Pennar Upper","sub_basin__code":"NULL","created_date":"11/11/2021 12:00:08 AM","remarks":"NULL","remarks1":"{\\\"designcapacity\\\": 0.3, \\\"deadstoragelevel\\\": 245.99, \\\"deadstorage\\\": 0.1, \\\"fullreservoirlevel\\\": 250.0, \\\"live_capacity_frl\\\": 0.0}","remarks2":"250","remarks3":"0.01","year":"NULL","remarks_":"NULL","remarks__":"NULL","remarks2_":"NULL","remarks3_":"NULL"}},
{"type":"Feature","geometry":{"type":"Point","coordinates":[71.01830000,21.98270000]},"properties":{"GmlID":"Reservoir_Station.814","objectid":814,"station_id":"null","station_code":"6eadd153-b5fb-4267-b204-5d71c11125d9","station_name":"Ishwaria","station_type":"Reservoir","lat":21.98270000,"long":71.01830000,"agency_name":"Gujarat","agency_id":null,"state_name":"Gujarat","state_code":"GJ","district__name":"Rajkot","district__code":"NULL","block__name":"Jasdan","block__code":"NULL","basin__name":"West flowing rivers of Kutch and Saurashtra including Luni Basin","basin_code":"NULL","sub_basin__name":"Bhadar and other west flowing rivers","sub_basin__code":"NULL","created_date":"10/26/2021 12:00:08 AM","remarks":"177","remarks1":"NULL","remarks2":"157.3","remarks3":"0.00525","year":"NULL","remarks_":"NULL","remarks__":"NULL","remarks2_":"NULL","remarks3_":"NULL"}},
{"type":"Feature","geometry":{"type":"Point","coordinates":[72.33888900,24.33750000]},"properties":{"GmlID":"Reservoir_Station.815","objectid":815,"station_id":"null","station_code":"6454d06c-516a-4bf8-a193-ce9207599d5c","station_name":"Dantiwada","station_type":"Reservoir","lat":24.33750000,"long":72.33888900,"agency_name":"Gujarat","agency_id":null,"state_name":"Gujarat","state_code":"GJ","district__name":"Banas Kantha","district__code":"NULL","block__name":"Dantiwada","block__code":"NULL","basin__name":"West flowing rivers of Kutch and Saurashtra including Luni Basin","basin_code":"NULL","sub_basin__name":"Saraswati","sub_basin__code":"NULL","created_date":"10/26/2021 12:00:08 AM","remarks":"4","remarks1":"NULL","remarks2":"184.1","remarks3":"0.39362","year":"NULL","remarks_":"NULL","remarks__":"NULL","remarks2_":"NULL","remarks3_":"NULL"}},
{"type":"Feature","geometry":{"type":"Point","coordinates":[71.62660000,22.23970000]},"properties":{"GmlID":"Reservoir_Station.816","objectid":816,"station_id":"null","station_code":"c36240ce-6226-4137-898c-7e1baa9cc08b","station_name":"Kaniyad","station_type":"Reservoir","lat":22.23970000,"long":71.62660000,"agency_name":"Gujarat","agency_id":null,"state_name":"Gujarat","state_code":"GJ","district__name":"Botad","district__code":"NULL","block__name":"Botad","block__code":"NULL","basin__name":"West flowing rivers of Kutch and Saurashtra including Luni Basin","basin_code":"NULL","sub_basin__name":"Shetranjuli and other east flowing rivers","sub_basin__code":"NULL","created_date":"10/26/2021 12:00:08 AM","remarks":"87","remarks1":"NULL","remarks2":"102.25","remarks3":"0.00293","year":"NULL","remarks_":"NULL","remarks__":"NULL","remarks2_":"NULL","remarks3_":"NULL"}},
{"type":"Feature","geometry":{"type":"Point","coordinates":[71.39100000,21.96610000]},"properties":{"GmlID":"Reservoir_Station.817","objectid":817,"station_id":"null","station_code":"6280342e-1a42-4f90-8a94-623116dd89bc","station_name":"Ghelo-I","station_type":"Reservoir","lat":21.96610000,"long":71.39100000,"agency_name":"Gujarat","agency_id":null,"state_name":"Gujarat","state_code":"GJ","district__name":"Amreli","district__code":"NULL","block__name":"Babra","block__code":"NULL","basin__name":"West flowing rivers of Kutch and Saurashtra including Luni Basin","basin_code":"NULL","sub_basin__name":"Shetranjuli and other east flowing rivers","sub_basin__code":"NULL","created_date":"10/26/2021 12:00:08 AM","remarks":"93","remarks1":"NULL","remarks2":"166.72","remarks3":"0.01009","year":"NULL","remarks_":"NULL","remarks__":"NULL","remarks2_":"NULL","remarks3_":"NULL"}},
{"type":"Feature","geometry":{"type":"Point","coordinates":[68.88190000,23.46170000]},"properties":{"GmlID":"Reservoir_Station.818","objectid":818,"station_id":"null","station_code":"1503079c-c674-40ae-8d7f-27dd9b7c73d7","station_name":"Jangdia","station_type":"Reservoir","lat":23.46170000,"long":68.88190000,"agency_name":"Gujarat","agency_id":null,"state_name":"Gujarat","state_code":"GJ","district__name":"Kachchh","district__code":"NULL","block__name":"Abdasa","block__code":"NULL","basin__name":"West flowing rivers of Kutch and Saurashtra including Luni Basin","basin_code":"NULL","sub_basin__name":"Drainage of Rann","sub_basin__code":"NULL","created_date":"10/26/2021 12:00:08 AM","remarks":"58","remarks1":"NULL","remarks2":"38.6","remarks3":"0.00904","year":"NULL","remarks_":"NULL","remarks__":"NULL","remarks2_":"NULL","remarks3_":"NULL"}},
{"type":"Feature","geometry":{"type":"Point","coordinates":[71.62980000,21.86140000]},"properties":{"GmlID":"Reservoir_Station.819","objectid":819,"station_id":"null","station_code":"5e5e4ddc-4133-4c71-83e5-17f49c14398c","station_name":"Kalubhar","station_type":"Reservoir","lat":21.86140000,"long":71.62980000,"agency_name":"Gujarat","agency_id":null,"state_name":"Gujarat","state_code":"GJ","district__name":"Botad","district__code":"NULL","block__name":"Gadhada","block__code":"NULL","basin__name":"West flowing rivers of Kutch and Saurashtra including Luni Basin","basin_code":"NULL","sub_basin__name":"Shetranjuli and other east flowing rivers","sub_basin__code":"NULL","created_date":"10/26/2021 12:00:08 AM","remarks":"78","remarks1":"NULL","remarks2":"60.36","remarks3":"0.01814","year":"NULL","remarks_":"NULL","remarks__":"NULL","remarks2_":"NULL","remarks3_":"NULL"}},
{"type":"Feature","geometry":{"type":"Point","coordinates":[70.07690000,21.50480000]},"properties":{"GmlID":"Reservoir_Station.820","objectid":820,"station_id":"null","station_code":"80393314-c24b-4b77-8447-2a8cd3157e14","station_name":"Bantva-Kharo","station_type":"Reservoir","lat":21.50480000,"long":70.07690000,"agency_name":"Gujarat","agency_id":null,"state_name":"Gujarat","state_code":"GJ","district__name":"Junagadh","district__code":"NULL","block__name":"Manavadar","block__code":"NULL","basin__name":"West flowing rivers of Kutch and Saurashtra including Luni Basin","basin_code":"NULL","sub_basin__name":"Bhadar and other west flowing rivers","sub_basin__code":"NULL","created_date":"10/26/2021 12:00:08 AM","remarks":"136","remarks1":"NULL","remarks2":"16.25","remarks3":"0.00668","year":"NULL","remarks_":"NULL","remarks__":"NULL","remarks2_":"NULL","remarks3_":"NULL"}},
{"type":"Feature","geometry":{"type":"Point","coordinates":[71.45340000,22.41480000]},"properties":{"GmlID":"Reservoir_Station.821","objectid":821,"station_id":"null","station_code":"1628c382-e648-4524-b3d1-d9f4d9b9b4b9","station_name":"Nimbmani","station_type":"Reservoir","lat":22.41480000,"long":71.45340000,"agency_name":"Gujarat","agency_id":null,"state_name":"Gujarat","state_code":"GJ","district__name":"Surendranagar","district__code":"NULL","block__name":"Sayla","block__code":"NULL","basin__name":"Sabarmati Basin","basin_code":"NULL","sub_basin__name":"Sabarmati Lower","sub_basin__code":"NULL","created_date":"10/26/2021 12:00:08 AM","remarks":"186","remarks1":"NULL","remarks2":"134.5","remarks3":"0.00618","year":"NULL","remarks_":"NULL","remarks__":"NULL","remarks2_":"NULL","remarks3_":"NULL"}},
{"type":"Feature","geometry":{"type":"Point","coordinates":[71.25550000,22.39440000]},"properties":{"GmlID":"Reservoir_Station.822","objectid":822,"station_id":"null","station_code":"148d0eaf-e585-40e3-b226-6db40bae78ac","station_name":"Morshal","station_type":"Reservoir","lat":22.39440000,"long":71.25550000,"agency_name":"Gujarat","agency_id":null,"state_name":"Gujarat","state_code":"GJ","district__name":"Surendranagar","district__code":"NULL","block__name":"Chotila","block__code":"NULL","basin__name":"Sabarmati Basin","basin_code":"NULL","sub_basin__name":"Sabarmati Lower","sub_basin__code":"NULL","created_date":"10/26/2021 12:00:08 AM","remarks":"191","remarks1":"NULL","remarks2":"177","remarks3":"0.00325","year":"NULL","remarks_":"NULL","remarks__":"NULL","remarks2_":"NULL","remarks3_":"NULL"}},
{"type":"Feature","geometry":{"type":"Point","coordinates":[71.28440000,22.21470000]},"properties":{"GmlID":"Reservoir_Station.823","objectid":823,"station_id":"null","station_code":"b44173c3-9371-4a26-af1c-71b43dc408f3","station_name":"Dhari","station_type":"Reservoir","lat":22.21470000,"long":71.28440000,"agency_name":"Gujarat","agency_id":null,"state_name":"Gujarat","state_code":"GJ","district__name":"Rajkot","district__code":"NULL","block__name":"Vinchhiya","block__code":"NULL","basin__name":"Sabarmati Basin","basin_code":"NULL","sub_basin__name":"Sabarmati Lower","sub_basin__code":"NULL","created_date":"10/26/2021 12:00:08 AM","remarks":"180","remarks1":"NULL","remarks2":"49.07","remarks3":"0.00301","year":"NULL","remarks_":"NULL","remarks__":"NULL","remarks2_":"NULL","remarks3_":"NULL"}},
{"type":"Feature","geometry":{"type":"Point","coordinates":[69.92750000,21.82860000]},"properties":{"GmlID":"Reservoir_Station.824","objectid":824,"station_id":"null","station_code":"f7286c5a-99f8-4bfc-8bb4-a2a521ca3c71","station_name":"Dia-Minsar","station_type":"Reservoir","lat":21.82860000,"long":69.92750000,"agency_name":"Gujarat","agency_id":null,"state_name":"Gujarat","state_code":"GJ","district__name":"Jamnagar","district__code":"NULL","block__name":"Jam Jodhpur","block__code":"NULL","basin__name":"West flowing rivers of Kutch and Saurashtra including Luni Basin","basin_code":"NULL","sub_basin__name":"Bhadar and other west flowing rivers","sub_basin__code":"NULL","created_date":"10/26/2021 12:00:08 AM","remarks":"99","remarks1":"NULL","remarks2":"75.4","remarks3":"0.01111","year":"NULL","remarks_":"NULL","remarks__":"NULL","remarks2_":"NULL","remarks3_":"NULL"}},
{"type":"Feature","geometry":{"type":"Point","coordinates":[73.38506700,21.54843900]},"properties":{"GmlID":"Reservoir_Station.825","objectid":825,"station_id":"null","station_code":"f84b1cfe-d8e8-47f0-bfc8-e2ede8188a75","station_name":"Pigut","station_type":"Reservoir","lat":21.54843900,"long":73.38506700,"agency_name":"Gujarat","agency_id":null,"state_name":"Gujarat","state_code":"GJ","district__name":"Bharuch","district__code":"NULL","block__name":"Netrang","block__code":"NULL","basin__name":"Tapi Basin","basin_code":"NULL","sub_basin__name":"Tapi Lower","sub_basin__code":"NULL","created_date":"10/26/2021 12:00:08 AM","remarks":"10","remarks1":"NULL","remarks2":"139.7","remarks3":"0.00752","year":"NULL","remarks_":"NULL","remarks__":"NULL","remarks2_":"NULL","remarks3_":"NULL"}},
{"type":"Feature","geometry":{"type":"Point","coordinates":[70.76761700,21.81494000]},"properties":{"GmlID":"Reservoir_Station.826","objectid":826,"station_id":"null","station_code":"da508f4b-ff31-4be6-87c3-b163ec664c4f","station_name":"Bhadar","station_type":"Reservoir","lat":21.81494000,"long":70.76761700,"agency_name":"Gujarat","agency_id":null,"state_name":"Gujarat","state_code":"GJ","district__name":"Mahisagar","district__code":"NULL","block__name":"Kadana","block__code":"NULL","basin__name":"Mahi Basin","basin_code":"NULL","sub_basin__name":"Mahi Lower","sub_basin__code":"NULL","created_date":"10/26/2021 12:00:08 AM","remarks":"148","remarks1":"NULL","remarks2":"107.9","remarks3":"0.18814","year":"NULL","remarks_":"NULL","remarks__":"NULL","remarks2_":"NULL","remarks3_":"NULL"}},
{"type":"Feature","geometry":{"type":"Point","coordinates":[73.59393600,23.57533500]},"properties":{"GmlID":"Reservoir_Station.827","objectid":827,"station_id":"null","station_code":"7c75abed-f132-40df-9048-d3063d62612f","station_name":"Waidy","station_type":"Reservoir","lat":23.57533500,"long":73.59393600,"agency_name":"Gujarat","agency_id":null,"state_name":"Gujarat","state_code":"GJ","district__name":"Arvalli","district__code":"NULL","block__name":"Meghraj","block__code":"NULL","basin__name":"Sabarmati Basin","basin_code":"NULL","sub_basin__name":"Sabarmati Upper","sub_basin__code":"NULL","created_date":"10/26/2021 12:00:08 AM","remarks":"35","remarks1":"NULL","remarks2":"199.2","remarks3":"0.00928","year":"NULL","remarks_":"NULL","remarks__":"NULL","remarks2_":"NULL","remarks3_":"NULL"}},
{"type":"Feature","geometry":{"type":"Point","coordinates":[73.40570900,23.31348900]},"properties":{"GmlID":"Reservoir_Station.828","objectid":828,"station_id":"null","station_code":"163db835-903f-4baa-9473-3d64a3e52bf5","station_name":"Watrak","station_type":"Reservoir","lat":23.31348900,"long":73.40570900,"agency_name":"Gujarat","agency_id":null,"state_name":"Gujarat","state_code":"GJ","district__name":"Arvalli","district__code":"NULL","block__name":"Malpur","block__code":"NULL","basin__name":"Sabarmati Basin","basin_code":"NULL","sub_basin__name":"Sabarmati Upper","sub_basin__code":"NULL","created_date":"10/26/2021 12:00:08 AM","remarks":"27","remarks1":"NULL","remarks2":"136.25","remarks3":"0.154","year":"NULL","remarks_":"NULL","remarks__":"NULL","remarks2_":"NULL","remarks3_":"NULL"}},
{"type":"Feature","geometry":{"type":"Point","coordinates":[69.68176900,22.92951000]},"properties":{"GmlID":"Reservoir_Station.829","objectid":829,"station_id":"null","station_code":"0c38081c-9547-447c-96fd-f36e21c0f53e","station_name":"Kalaghogha","station_type":"Reservoir","lat":22.92951000,"long":69.68176900,"agency_name":"Gujarat","agency_id":null,"state_name":"Gujarat","state_code":"GJ","district__name":"Kachchh","district__code":"NULL","block__name":"Mundra","block__code":"NULL","basin__name":"West flowing rivers of Kutch and Saurashtra including Luni Basin","basin_code":"NULL","sub_basin__name":"Drainage of Rann","sub_basin__code":"NULL","created_date":"10/26/2021 12:00:08 AM","remarks":"62","remarks1":"NULL","remarks2":"37","remarks3":"0.00498","year":"NULL","remarks_":"NULL","remarks__":"NULL","remarks2_":"NULL","remarks3_":"NULL"}},
{"type":"Feature","geometry":{"type":"Point","coordinates":[69.95750000,21.70790000]},"properties":{"GmlID":"Reservoir_Station.830","objectid":830,"station_id":"null","station_code":"a7bb1b07-ebd1-4426-a686-ca4a0933eb9b","station_name":"Kalindri","station_type":"Reservoir","lat":21.70790000,"long":69.95750000,"agency_name":"Gujarat","agency_id":null,"state_name":"Gujarat","state_code":"GJ","district__name":"Porbandar","district__code":"NULL","block__name":"Kutiyana","block__code":"NULL","basin__name":"West flowing rivers of Kutch and Saurashtra including Luni Basin","basin_code":"NULL","sub_basin__name":"Bhadar and other west flowing rivers","sub_basin__code":"NULL","created_date":"10/26/2021 12:00:08 AM","remarks":"146","remarks1":"NULL","remarks2":"52.23","remarks3":"0.00722","year":"NULL","remarks_":"NULL","remarks__":"NULL","remarks2_":"NULL","remarks3_":"NULL"}},
{"type":"Feature","geometry":{"type":"Point","coordinates":[70.30460000,22.52560000]},"properties":{"GmlID":"Reservoir_Station.831","objectid":831,"station_id":"null","station_code":"7ba786e4-fcd4-403e-bd46-9eafd8f143d9","station_name":"Kankavati","station_type":"Reservoir","lat":22.52560000,"long":70.30460000,"agency_name":"Gujarat","agency_id":null,"state_name":"Gujarat","state_code":"GJ","district__name":"Jamnagar","district__code":"NULL","block__name":"Jamnagar","block__code":"NULL","basin__name":"West flowing rivers of Kutch and Saurashtra including Luni Basin","basin_code":"NULL","sub_basin__name":"Drainage of Rann","sub_basin__code":"NULL","created_date":"10/26/2021 12:00:08 AM","remarks":"107","remarks1":"NULL","remarks2":"30.5","remarks3":"0.00682","year":"NULL","remarks_":"NULL","remarks__":"NULL","remarks2_":"NULL","remarks3_":"NULL"}},
{"type":"Feature","geometry":{"type":"Point","coordinates":[78.00906500,14.59692200]},"properties":{"GmlID":"Reservoir_Station.832","objectid":832,"station_id":"null","station_code":"78ade252-336d-11e9-b210-d663bd873d93","station_name":"GODDUMARRI ANICUT","station_type":"Reservoir","lat":14.59692200,"long":78.00906500,"agency_name":"APWRIMS","agency_id":null,"state_name":"Andhra Pradesh","state_code":"AP","district__name":"Anantapur","district__code":"NULL","block__name":"Yellanur","block__code":"NULL","basin__name":"Pennar Basin","basin_code":"NULL","sub_basin__name":"Pennar Upper","sub_basin__code":"NULL","created_date":"11/11/2021 12:00:08 AM","remarks":"NULL","remarks1":"{\\\"designcapacity\\\": 0.27, \\\"deadstoragelevel\\\": 255.84, \\\"deadstorage\\\": 0.02, \\\"fullreservoirlevel\\\": 263.65, \\\"live_capacity_frl\\\": 0.0}","remarks2":"263.65","remarks3":"0.01","year":"NULL","remarks_":"NULL","remarks__":"NULL","remarks2_":"NULL","remarks3_":"NULL"}},
{"type":"Feature","geometry":{"type":"Point","coordinates":[77.54663300,15.45128000]},"properties":{"GmlID":"Reservoir_Station.833","objectid":833,"station_id":"null","station_code":"78ae665a-336d-11e9-b210-d663bd873d93","station_name":"PATHIKONDA RESERVOIR","station_type":"Reservoir","lat":15.45128000,"long":77.54663300,"agency_name":"APWRIMS","agency_id":null,"state_name":"Andhra Pradesh","state_code":"AP","district__name":"Kurnool","district__code":"NULL","block__name":"Pattikonda","block__code":"NULL","basin__name":"Krishna Basin","basin_code":"NULL","sub_basin__name":"Tungabhadra Lower","sub_basin__code":"NULL","created_date":"11/11/2021 12:00:08 AM","remarks":"NULL","remarks1":"{\\\"designcapacity\\\": 1.126, \\\"deadstoragelevel\\\": 445.0, \\\"deadstorage\\\": 0.241, \\\"fullreservoirlevel\\\": 450.6, \\\"live_capacity_frl\\\": 0.0}","remarks2":"450.6","remarks3":"0.03","year":"NULL","remarks_":"NULL","remarks__":"NULL","remarks2_":"NULL","remarks3_":"NULL"}},
{"type":"Feature","geometry":{"type":"Point","coordinates":[78.07100000,14.69540400]},"properties":{"GmlID":"Reservoir_Station.834","objectid":834,"station_id":"null","station_code":"78ae56f6-336d-11e9-b210-d663bd873d93","station_name":"YELLANUR SR2","station_type":"Reservoir","lat":14.69540400,"long":78.07100000,"agency_name":"APWRIMS","agency_id":null,"state_name":"Andhra Pradesh","state_code":"AP","district__name":"Anantapur","district__code":"NULL","block__name":"Yellanur","block__code":"NULL","basin__name":"Pennar Basin","basin_code":"NULL","sub_basin__name":"Pennar Upper","sub_basin__code":"NULL","created_date":"11/11/2021 12:00:08 AM","remarks":"NULL","remarks1":"{\\\"designcapacity\\\": 0.31, \\\"deadstoragelevel\\\": 235.38, \\\"deadstorage\\\": 0.1, \\\"fullreservoirlevel\\\": 237.9, \\\"live_capacity_frl\\\": 0.0}","remarks2":"237.9","remarks3":"0.01","year":"NULL","remarks_":"NULL","remarks__":"NULL","remarks2_":"NULL","remarks3_":"NULL"}},
{"type":"Feature","geometry":{"type":"Point","coordinates":[77.83738500,15.53893200]},"properties":{"GmlID":"Reservoir_Station.835","objectid":835,"station_id":"null","station_code":"78ae63d0-336d-11e9-b210-d663bd873d93","station_name":"KRISHNAGIRI RESERVOIR","station_type":"Reservoir","lat":15.53893200,"long":77.83738500,"agency_name":"APWRIMS","agency_id":null,"state_name":"Andhra Pradesh","state_code":"AP","district__name":"Kurnool","district__code":"NULL","block__name":"Krishnagiri","block__code":"NULL","basin__name":"Krishna Basin","basin_code":"NULL","sub_basin__name":"Tungabhadra Lower","sub_basin__code":"NULL","created_date":"11/11/2021 12:00:08 AM","remarks":"NULL","remarks1":"{\\\"designcapacity\\\": \\\"null\\\", \\\"deadstoragelevel\\\": \\\"null\\\", \\\"deadstorage\\\": \\\"null\\\", \\\"fullreservoirlevel\\\": \\\"null\\\", \\\"live_capacity_frl\\\": 0.0}","remarks2":"null","remarks3":"0.00000016","year":"NULL","remarks_":"NULL","remarks__":"NULL","remarks2_":"NULL","remarks3_":"NULL"}},
{"type":"Feature","geometry":{"type":"Point","coordinates":[77.46321100,13.82463100]},"properties":{"GmlID":"Reservoir_Station.836","objectid":836,"station_id":"null","station_code":"78ae68da-336d-11e9-b210-d663bd873d93","station_name":"PENNAR KUMUDWATHI PROJECT (ANICUT)","station_type":"Reservoir","lat":13.82463100,"long":77.46321100,"agency_name":"APWRIMS","agency_id":null,"state_name":"Andhra Pradesh","state_code":"AP","district__name":"Anantapur","district__code":"NULL","block__name":"Hindupur","block__code":"NULL","basin__name":"Pennar Basin","basin_code":"NULL","sub_basin__name":"Pennar Upper","sub_basin__code":"NULL","created_date":"11/11/2021 12:00:08 AM","remarks":"NULL","remarks1":"{\\\"designcapacity\\\": \\\"null\\\", \\\"deadstoragelevel\\\": \\\"null\\\", \\\"deadstorage\\\": \\\"null\\\", \\\"fullreservoirlevel\\\": \\\"null\\\", \\\"live_capacity_frl\\\": 0.0}","remarks2":"null","remarks3":"null","year":"NULL","remarks_":"NULL","remarks__":"NULL","remarks2_":"NULL","remarks3_":"NULL"}},
{"type":"Feature","geometry":{"type":"Point","coordinates":[74.27013500,23.01933200]},"properties":{"GmlID":"Reservoir_Station.837","objectid":837,"station_id":"null","station_code":"5978c855-ae71-4755-96b5-7b87a3a9e2e0","station_name":"Kali - II","station_type":"Reservoir","lat":23.01933200,"long":74.27013500,"agency_name":"Gujarat","agency_id":null,"state_name":"Gujarat","state_code":"GJ","district__name":"Dohad","district__code":"NULL","block__name":"Zalod","block__code":"NULL","basin__name":"Mahi Basin","basin_code":"NULL","sub_basin__name":"Mahi Upper","sub_basin__code":"NULL","created_date":"10/26/2021 12:00:08 AM","remarks":"26","remarks1":"NULL","remarks2":"257","remarks3":"0.01452","year":"NULL","remarks_":"NULL","remarks__":"NULL","remarks2_":"NULL","remarks3_":"NULL"}},
{"type":"Feature","geometry":{"type":"Point","coordinates":[79.96433333,14.44491389]},"properties":{"GmlID":"Reservoir_Station.838","objectid":838,"station_id":"null","station_code":"ecc0c894-c06f-11e6-a4a6-cec0c932ce01","station_name":"NELLORE ANICUT","station_type":"Reservoir","lat":14.44491389,"long":79.96433333,"agency_name":"APWRIMS","agency_id":null,"state_name":"Andhra Pradesh","state_code":"AP","district__name":"SPSR Nellore","district__code":"NULL","block__name":"Nellore","block__code":"NULL","basin__name":"Pennar Basin","basin_code":"NULL","sub_basin__name":"Pennar Lower","sub_basin__code":"NULL","created_date":"11/11/2021 12:00:08 AM","remarks":"NULL","remarks1":"{\\\"designcapacity\\\": 0.25, \\\"deadstoragelevel\\\": 10.064, \\\"deadstorage\\\": 0.035, \\\"fullreservoirlevel\\\": 13.719, \\\"live_capacity_frl\\\": 0.0}","remarks2":"13.719","remarks3":"0.01","year":"NULL","remarks_":"NULL","remarks__":"NULL","remarks2_":"NULL","remarks3_":"NULL"}},
{"type":"Feature","geometry":{"type":"Point","coordinates":[79.96433333,14.44491389]},"properties":{"GmlID":"Reservoir_Station.839","objectid":839,"station_id":"null","station_code":"4d351fe8-c072-11e6-a4a6-cec0c932ce01","station_name":"NELLORE TANK","station_type":"Reservoir","lat":14.44491389,"long":79.96433333,"agency_name":"APWRIMS","agency_id":null,"state_name":"Andhra Pradesh","state_code":"AP","district__name":"SPSR Nellore","district__code":"NULL","block__name":"Nellore","block__code":"NULL","basin__name":"Pennar Basin","basin_code":"NULL","sub_basin__name":"Pennar Lower","sub_basin__code":"NULL","created_date":"11/11/2021 12:00:08 AM","remarks":"NULL","remarks1":"{\\\"designcapacity\\\": 0.836, \\\"deadstoragelevel\\\": 15.81, \\\"deadstorage\\\": 1e-06, \\\"fullreservoirlevel\\\": 20.79, \\\"live_capacity_frl\\\": 0.0}","remarks2":"20.79","remarks3":"0.02","year":"NULL","remarks_":"NULL","remarks__":"NULL","remarks2_":"NULL","remarks3_":"NULL"}},
{"type":"Feature","geometry":{"type":"Point","coordinates":[79.89778000,15.29805000]},"properties":{"GmlID":"Reservoir_Station.840","objectid":840,"station_id":"null","station_code":"78ae6524-336d-11e9-b210-d663bd873d93","station_name":"PALERU BITRAGUNTA ANICUT","station_type":"Reservoir","lat":15.29805000,"long":79.89778000,"agency_name":"APWRIMS","agency_id":null,"state_name":"Andhra Pradesh","state_code":"AP","district__name":"Prakasam","district__code":"NULL","block__name":"Kandukur","block__code":"NULL","basin__name":"East flowing rivers between Mahanadi and Pennar Basin","basin_code":"NULL","sub_basin__name":"East flowing rivers between krishna and Pennar","sub_basin__code":"NULL","created_date":"11/11/2021 12:00:08 AM","remarks":"NULL","remarks1":"{\\\"designcapacity\\\": \\\"null\\\", \\\"deadstoragelevel\\\": \\\"null\\\", \\\"deadstorage\\\": \\\"null\\\", \\\"fullreservoirlevel\\\": \\\"null\\\", \\\"live_capacity_frl\\\": 0.0}","remarks2":"null","remarks3":"null","year":"NULL","remarks_":"NULL","remarks__":"NULL","remarks2_":"NULL","remarks3_":"NULL"}},
{"type":"Feature","geometry":{"type":"Point","coordinates":[69.13220000,23.16410000]},"properties":{"GmlID":"Reservoir_Station.841","objectid":841,"station_id":"null","station_code":"3f8039c6-5a54-4664-890d-35a9c1eb8d1b","station_name":"Kankawati","station_type":"Reservoir","lat":23.16410000,"long":69.13220000,"agency_name":"Gujarat","agency_id":null,"state_name":"Gujarat","state_code":"GJ","district__name":"Kachchh","district__code":"NULL","block__name":"Abdasa","block__code":"NULL","basin__name":"West flowing rivers of Kutch and Saurashtra including Luni Basin","basin_code":"NULL","sub_basin__name":"Drainage of Rann","sub_basin__code":"NULL","created_date":"10/26/2021 12:00:08 AM","remarks":"52","remarks1":"NULL","remarks2":"131.67","remarks3":"0.0105","year":"NULL","remarks_":"NULL","remarks__":"NULL","remarks2_":"NULL","remarks3_":"NULL"}},
{"type":"Feature","geometry":{"type":"Point","coordinates":[73.69405700,22.56107400]},"properties":{"GmlID":"Reservoir_Station.842","objectid":842,"station_id":"null","station_code":"cfb3d145-3d26-4df6-90e1-d9f2ac0e3463","station_name":"Karad","station_type":"Reservoir","lat":22.56107400,"long":73.69405700,"agency_name":"Gujarat","agency_id":null,"state_name":"Gujarat","state_code":"GJ","district__name":"Panch Mahals","district__code":"NULL","block__name":"Ghoghamba","block__code":"NULL","basin__name":"Mahi Basin","basin_code":"NULL","sub_basin__name":"Mahi Lower","sub_basin__code":"NULL","created_date":"10/26/2021 12:00:08 AM","remarks":"20","remarks1":"NULL","remarks2":"140.08","remarks3":"0.04245","year":"NULL","remarks_":"NULL","remarks__":"NULL","remarks2_":"NULL","remarks3_":"NULL"}},
{"type":"Feature","geometry":{"type":"Point","coordinates":[83.80855833,18.48617778]},"properties":{"GmlID":"Reservoir_Station.843","objectid":843,"station_id":"null","station_code":"3f7ccade-c202-4169-ae1f-e617dd29a3a1","station_name":"NARAYANAPURAM ANICUT","station_type":"Reservoir","lat":18.48617778,"long":83.80855833,"agency_name":"APWRIMS","agency_id":null,"state_name":"Andhra Pradesh","state_code":"AP","district__name":"Srikakulam","district__code":"NULL","block__name":"Burja","block__code":"NULL","basin__name":"East flowing rivers between Mahanadi and Pennar Basin","basin_code":"NULL","sub_basin__name":"Nagvati and other","sub_basin__code":"NULL","created_date":"11/11/2021 12:00:08 AM","remarks":"NULL","remarks1":"{\\\"designcapacity\\\": 0.0001, \\\"deadstoragelevel\\\": 27.13, \\\"deadstorage\\\": 0.0, \\\"fullreservoirlevel\\\": 58.96656, \\\"live_capacity_frl\\\": 0.0}","remarks2":"32.769","remarks3":"null","year":"NULL","remarks_":"NULL","remarks__":"NULL","remarks2_":"NULL","remarks3_":"NULL"}},
{"type":"Feature","geometry":{"type":"Point","coordinates":[81.03763333,16.80279722]},"properties":{"GmlID":"Reservoir_Station.844","objectid":844,"station_id":"null","station_code":"f455494b-8345-4a83-af48-0f0b19b40d25","station_name":"VIJAYARAI ANICUT","station_type":"Reservoir","lat":16.80279722,"long":81.03763333,"agency_name":"APWRIMS","agency_id":null,"state_name":"Andhra Pradesh","state_code":"AP","district__name":"Krishna","district__code":"NULL","block__name":"Musunuru","block__code":"NULL","basin__name":"East flowing rivers between Mahanadi and Pennar Basin","basin_code":"NULL","sub_basin__name":"East flowing rivers between Godavari and krishna","sub_basin__code":"NULL","created_date":"11/11/2021 12:00:08 AM","remarks":"NULL","remarks1":"{\\\"designcapacity\\\": 3.0, \\\"deadstoragelevel\\\": 29.02, \\\"deadstorage\\\": 0.0, \\\"fullreservoirlevel\\\": 43.20846, \\\"live_capacity_frl\\\": 0.0}","remarks2":"33.699","remarks3":"null","year":"NULL","remarks_":"NULL","remarks__":"NULL","remarks2_":"NULL","remarks3_":"NULL"}},
{"type":"Feature","geometry":{"type":"Point","coordinates":[79.80412000,15.10097200]},"properties":{"GmlID":"Reservoir_Station.845","objectid":845,"station_id":"null","station_code":"78ae6cfe-336d-11e9-b210-d663bd873d93","station_name":"VEERA RAGHAVANI KOTA ANICUT","station_type":"Reservoir","lat":15.10097200,"long":79.80412000,"agency_name":"APWRIMS","agency_id":null,"state_name":"Andhra Pradesh","state_code":"AP","district__name":"Prakasam","district__code":"NULL","block__name":"Lingasamudram","block__code":"NULL","basin__name":"East flowing rivers between Mahanadi and Pennar Basin","basin_code":"NULL","sub_basin__name":"East flowing rivers between krishna and Pennar","sub_basin__code":"NULL","created_date":"11/11/2021 12:00:08 AM","remarks":"NULL","remarks1":"{\\\"designcapacity\\\": \\\"null\\\", \\\"deadstoragelevel\\\": \\\"null\\\", \\\"deadstorage\\\": \\\"null\\\", \\\"fullreservoirlevel\\\": \\\"null\\\", \\\"live_capacity_frl\\\": 0.0}","remarks2":"null","remarks3":"0.0000006","year":"NULL","remarks_":"NULL","remarks__":"NULL","remarks2_":"NULL","remarks3_":"NULL"}},
{"type":"Feature","geometry":{"type":"Point","coordinates":[71.60300000,22.72410000]},"properties":{"GmlID":"Reservoir_Station.846","objectid":846,"station_id":"null","station_code":"4470c4ea-959f-4410-ab06-0fd5d1efd6a9","station_name":"Dholidhaja","station_type":"Reservoir","lat":22.72410000,"long":71.60300000,"agency_name":"Gujarat","agency_id":null,"state_name":"Gujarat","state_code":"GJ","district__name":"Surendranagar","district__code":"NULL","block__name":"Wadhwan","block__code":"NULL","basin__name":"Sabarmati Basin","basin_code":"NULL","sub_basin__name":"Sabarmati Lower","sub_basin__code":"NULL","created_date":"10/26/2021 12:00:08 AM","remarks":"184","remarks1":"NULL","remarks2":"80.47","remarks3":"0.02039","year":"NULL","remarks_":"NULL","remarks__":"NULL","remarks2_":"NULL","remarks3_":"NULL"}},
{"type":"Feature","geometry":{"type":"Point","coordinates":[73.51777800,21.12250000]},"properties":{"GmlID":"Reservoir_Station.847","objectid":847,"station_id":"null","station_code":"8f8c9060-a48c-4331-8e24-dafaa6cc518d","station_name":"Doswada","station_type":"Reservoir","lat":21.12250000,"long":73.51777800,"agency_name":"Gujarat","agency_id":null,"state_name":"Gujarat","state_code":"GJ","district__name":"Tapi","district__code":"NULL","block__name":"Songadh","block__code":"NULL","basin__name":"West flowing rivers from Tapi to Tadri Basin","basin_code":"NULL","sub_basin__name":"Bhatsol and others","sub_basin__code":"NULL","created_date":"10/26/2021 12:00:08 AM","remarks":"37","remarks1":"NULL","remarks2":"123.44","remarks3":"0.0038","year":"NULL","remarks_":"NULL","remarks__":"NULL","remarks2_":"NULL","remarks3_":"NULL"}},
{"type":"Feature","geometry":{"type":"Point","coordinates":[69.36000000,23.42920000]},"properties":{"GmlID":"Reservoir_Station.848","objectid":848,"station_id":"null","station_code":"9799c195-a30a-49ae-9a5f-a8b49fe9a4e0","station_name":"Bhukhi","station_type":"Reservoir","lat":23.42920000,"long":69.36000000,"agency_name":"Gujarat","agency_id":null,"state_name":"Gujarat","state_code":"GJ","district__name":"Kachchh","district__code":"NULL","block__name":"Nakhtarana","block__code":"NULL","basin__name":"West flowing rivers of Kutch and Saurashtra including Luni Basin","basin_code":"NULL","sub_basin__name":"Luni Lower","sub_basin__code":"NULL","created_date":"10/26/2021 12:00:08 AM","remarks":"51","remarks1":"NULL","remarks2":"73","remarks3":"0.01558","year":"NULL","remarks_":"NULL","remarks__":"NULL","remarks2_":"NULL","remarks3_":"NULL"}},
{"type":"Feature","geometry":{"type":"Point","coordinates":[70.80180500,23.69001000]},"properties":{"GmlID":"Reservoir_Station.849","objectid":849,"station_id":"null","station_code":"0832178d-1115-4249-beb2-a1a7240469de","station_name":"Fatehgadh","station_type":"Reservoir","lat":23.69001000,"long":70.80180500,"agency_name":"Gujarat","agency_id":null,"state_name":"Gujarat","state_code":"GJ","district__name":"Kachchh","district__code":"NULL","block__name":"Rapar","block__code":"NULL","basin__name":"West flowing rivers of Kutch and Saurashtra including Luni Basin","basin_code":"NULL","sub_basin__name":"Luni Lower","sub_basin__code":"NULL","created_date":"10/26/2021 12:00:08 AM","remarks":"59","remarks1":"NULL","remarks2":"22.7","remarks3":"0.00744","year":"NULL","remarks_":"NULL","remarks__":"NULL","remarks2_":"NULL","remarks3_":"NULL"}},
{"type":"Feature","geometry":{"type":"Point","coordinates":[71.09310400,22.97698500]},"properties":{"GmlID":"Reservoir_Station.850","objectid":850,"station_id":"null","station_code":"eeb2e3a2-535a-43c2-945b-85ce94e895b9","station_name":"Brahmani-II","station_type":"Reservoir","lat":22.97698500,"long":71.09310400,"agency_name":"Gujarat","agency_id":null,"state_name":"Gujarat","state_code":"GJ","district__name":"Morbi","district__code":"NULL","block__name":"Halvad","block__code":"NULL","basin__name":"West flowing rivers of Kutch and Saurashtra including Luni Basin","basin_code":"NULL","sub_basin__name":"Saraswati","sub_basin__code":"NULL","created_date":"10/26/2021 12:00:08 AM","remarks":"200","remarks1":"NULL","remarks2":"44.5","remarks3":"0.0198","year":"NULL","remarks_":"NULL","remarks__":"NULL","remarks2_":"NULL","remarks3_":"NULL"}},
{"type":"Feature","geometry":{"type":"Point","coordinates":[70.72880000,22.70740000]},"properties":{"GmlID":"Reservoir_Station.851","objectid":851,"station_id":"null","station_code":"07e08ef5-45bd-4938-a37b-c0a6259b5165","station_name":"Demi - II","station_type":"Reservoir","lat":22.70740000,"long":70.72880000,"agency_name":"Gujarat","agency_id":null,"state_name":"Gujarat","state_code":"GJ","district__name":"Morbi","district__code":"NULL","block__name":"Tankara","block__code":"NULL","basin__name":"West flowing rivers of Kutch and Saurashtra including Luni Basin","basin_code":"NULL","sub_basin__name":"Drainage of Rann","sub_basin__code":"NULL","created_date":"10/26/2021 12:00:08 AM","remarks":"164","remarks1":"NULL","remarks2":"48","remarks3":"0.02133","year":"NULL","remarks_":"NULL","remarks__":"NULL","remarks2_":"NULL","remarks3_":"NULL"}},
{"type":"Feature","geometry":{"type":"Point","coordinates":[70.22210000,22.38790000]},"properties":{"GmlID":"Reservoir_Station.852","objectid":852,"station_id":"null","station_code":"ac524112-3a4d-415f-acff-8d3169013cc3","station_name":"Sapada","station_type":"Reservoir","lat":22.38790000,"long":70.22210000,"agency_name":"Gujarat","agency_id":null,"state_name":"Gujarat","state_code":"GJ","district__name":"Jamnagar","district__code":"NULL","block__name":"Jamnagar","block__code":"NULL","basin__name":"West flowing rivers of Kutch and Saurashtra including Luni Basin","basin_code":"NULL","sub_basin__name":"Drainage of Rann","sub_basin__code":"NULL","created_date":"10/26/2021 12:00:08 AM","remarks":"114","remarks1":"NULL","remarks2":"32.77","remarks3":"0.00556","year":"NULL","remarks_":"NULL","remarks__":"NULL","remarks2_":"NULL","remarks3_":"NULL"}},
{"type":"Feature","geometry":{"type":"Point","coordinates":[73.32031041,21.71273125]},"properties":{"GmlID":"Reservoir_Station.853","objectid":853,"station_id":"null","station_code":"4d7d93b9-64b4-4481-a2fb-c9f6b3c3926c","station_name":"Dholi","station_type":"Reservoir","lat":21.71273125,"long":73.32031041,"agency_name":"Gujarat","agency_id":null,"state_name":"Gujarat","state_code":"GJ","district__name":"Surat","district__code":"NULL","block__name":"Mandvi","block__code":"NULL","basin__name":"Tapi Basin","basin_code":"NULL","sub_basin__name":"Tapi Lower","sub_basin__code":"NULL","created_date":"10/26/2021 12:00:08 AM","remarks":"7","remarks1":"NULL","remarks2":"136","remarks3":"0.01417","year":"NULL","remarks_":"NULL","remarks__":"NULL","remarks2_":"NULL","remarks3_":"NULL"}},
{"type":"Feature","geometry":{"type":"Point","coordinates":[69.30092200,22.96710100]},"properties":{"GmlID":"Reservoir_Station.854","objectid":854,"station_id":"null","station_code":"ce66ce93-4ce9-414f-8b47-c598bab6a647","station_name":"Don","station_type":"Reservoir","lat":22.96710100,"long":69.30092200,"agency_name":"Gujarat","agency_id":null,"state_name":"Gujarat","state_code":"GJ","district__name":"Kachchh","district__code":"NULL","block__name":"Mandvi","block__code":"NULL","basin__name":"West flowing rivers of Kutch and Saurashtra including Luni Basin","basin_code":"NULL","sub_basin__name":"Drainage of Rann","sub_basin__code":"NULL","created_date":"10/26/2021 12:00:08 AM","remarks":"63","remarks1":"NULL","remarks2":"47.75","remarks3":"0.00228","year":"NULL","remarks_":"NULL","remarks__":"NULL","remarks2_":"NULL","remarks3_":"NULL"}},
{"type":"Feature","geometry":{"type":"Point","coordinates":[70.70470000,21.34690000]},"properties":{"GmlID":"Reservoir_Station.855","objectid":855,"station_id":"null","station_code":"47d3066b-469a-43f6-a2ce-90f67d8fc05a","station_name":"Draphad","station_type":"Reservoir","lat":21.34690000,"long":70.70470000,"agency_name":"Gujarat","agency_id":null,"state_name":"Gujarat","state_code":"GJ","district__name":"Junagadh","district__code":"NULL","block__name":"Visavadar","block__code":"NULL","basin__name":"West flowing rivers of Kutch and Saurashtra including Luni Basin","basin_code":"NULL","sub_basin__name":"Bhadar and other west flowing rivers","sub_basin__code":"NULL","created_date":"10/26/2021 12:00:08 AM","remarks":"135","remarks1":"NULL","remarks2":"124","remarks3":"0.00962","year":"NULL","remarks_":"NULL","remarks__":"NULL","remarks2_":"NULL","remarks3_":"NULL"}},
{"type":"Feature","geometry":{"type":"Point","coordinates":[69.45910000,22.11340000]},"properties":{"GmlID":"Reservoir_Station.856","objectid":856,"station_id":"null","station_code":"42486355-7b6c-4524-a7d3-591a05cd89a3","station_name":"Gadhaki","station_type":"Reservoir","lat":22.11340000,"long":69.45910000,"agency_name":"Gujarat","agency_id":null,"state_name":"Gujarat","state_code":"GJ","district__name":"Devbhumi Dwarka","district__code":"NULL","block__name":"Khambhaliya","block__code":"NULL","basin__name":"West flowing rivers of Kutch and Saurashtra including Luni Basin","basin_code":"NULL","sub_basin__name":"Bhadar and other west flowing rivers","sub_basin__code":"NULL","created_date":"10/26/2021 12:00:08 AM","remarks":"104","remarks1":"NULL","remarks2":"30","remarks3":"0.00934","year":"NULL","remarks_":"NULL","remarks__":"NULL","remarks2_":"NULL","remarks3_":"NULL"}},
{"type":"Feature","geometry":{"type":"Point","coordinates":[73.04920000,23.42520000]},"properties":{"GmlID":"Reservoir_Station.857","objectid":857,"station_id":"null","station_code":"ae087925-f5c6-49c4-b566-d7cec3a132d3","station_name":"Gorathiya","station_type":"Reservoir","lat":23.42520000,"long":73.04920000,"agency_name":"Gujarat","agency_id":null,"state_name":"Gujarat","state_code":"GJ","district__name":"Sabar Kantha","district__code":"NULL","block__name":"Talod","block__code":"NULL","basin__name":"Sabarmati Basin","basin_code":"NULL","sub_basin__name":"Sabarmati Upper","sub_basin__code":"NULL","created_date":"10/26/2021 12:00:08 AM","remarks":"201","remarks1":"NULL","remarks2":"110.43","remarks3":"0.00415","year":"NULL","remarks_":"NULL","remarks__":"NULL","remarks2_":"NULL","remarks3_":"NULL"}},
{"type":"Feature","geometry":{"type":"Point","coordinates":[70.66150000,21.19230000]},"properties":{"GmlID":"Reservoir_Station.858","objectid":858,"station_id":"null","station_code":"9883bab2-0760-4ee3-a8ef-63bdf8de1ab5","station_name":"Hiran-I","station_type":"Reservoir","lat":21.19230000,"long":70.66150000,"agency_name":"Gujarat","agency_id":null,"state_name":"Gujarat","state_code":"GJ","district__name":"Junagadh","district__code":"NULL","block__name":"Mendarda","block__code":"NULL","basin__name":"West flowing rivers of Kutch and Saurashtra including Luni Basin","basin_code":"NULL","sub_basin__name":"Bhadar and other west flowing rivers","sub_basin__code":"NULL","created_date":"10/26/2021 12:00:08 AM","remarks":"140","remarks1":"NULL","remarks2":"44.2","remarks3":"0.02022","year":"NULL","remarks_":"NULL","remarks__":"NULL","remarks2_":"NULL","remarks3_":"NULL"}},
{"type":"Feature","geometry":{"type":"Point","coordinates":[70.51010000,21.56940000]},"properties":{"GmlID":"Reservoir_Station.859","objectid":859,"station_id":"null","station_code":"36f70215-3dad-4058-b00f-167bee3da2a0","station_name":"Hasanapur","station_type":"Reservoir","lat":21.56940000,"long":70.51010000,"agency_name":"Gujarat","agency_id":null,"state_name":"Gujarat","state_code":"GJ","district__name":"Junagadh","district__code":"NULL","block__name":"Junagadh","block__code":"NULL","basin__name":"West flowing rivers of Kutch and Saurashtra including Luni Basin","basin_code":"NULL","sub_basin__name":"Bhadar and other west flowing rivers","sub_basin__code":"NULL","created_date":"10/26/2021 12:00:08 AM","remarks":"131","remarks1":"NULL","remarks2":"148.13","remarks3":"0.0084","year":"NULL","remarks_":"NULL","remarks__":"NULL","remarks2_":"NULL","remarks3_":"NULL"}},
{"type":"Feature","geometry":{"type":"Point","coordinates":[70.47060000,21.02420000]},"properties":{"GmlID":"Reservoir_Station.860","objectid":860,"station_id":"null","station_code":"e16fedda-fc64-4e99-9db6-d3c2db6fe175","station_name":"Hiran-II","station_type":"Reservoir","lat":21.02420000,"long":70.47060000,"agency_name":"Gujarat","agency_id":null,"state_name":"Gujarat","state_code":"GJ","district__name":"Gir Somnath","district__code":"NULL","block__name":"Talala","block__code":"NULL","basin__name":"West flowing rivers of Kutch and Saurashtra including Luni Basin","basin_code":"NULL","sub_basin__name":"Bhadar and other west flowing rivers","sub_basin__code":"NULL","created_date":"10/26/2021 12:00:08 AM","remarks":"125","remarks1":"NULL","remarks2":"71.26","remarks3":"0.03858","year":"NULL","remarks_":"NULL","remarks__":"NULL","remarks2_":"NULL","remarks3_":"NULL"}},
{"type":"Feature","geometry":{"type":"Point","coordinates":[69.81520000,22.24110000]},"properties":{"GmlID":"Reservoir_Station.861","objectid":861,"station_id":"null","station_code":"6c392afb-e5cb-45af-b356-fb432298fe65","station_name":"Fulzar-II","station_type":"Reservoir","lat":22.24110000,"long":69.81520000,"agency_name":"Gujarat","agency_id":null,"state_name":"Gujarat","state_code":"GJ","district__name":"Jamnagar","district__code":"NULL","block__name":"Lalpur","block__code":"NULL","basin__name":"West flowing rivers of Kutch and Saurashtra including Luni Basin","basin_code":"NULL","sub_basin__name":"Drainage of Rann","sub_basin__code":"NULL","created_date":"10/26/2021 12:00:08 AM","remarks":"116","remarks1":"NULL","remarks2":"52.12","remarks3":"0.0031","year":"NULL","remarks_":"NULL","remarks__":"NULL","remarks2_":"NULL","remarks3_":"NULL"}},
{"type":"Feature","geometry":{"type":"Point","coordinates":[69.12390000,23.58610000]},"properties":{"GmlID":"Reservoir_Station.862","objectid":862,"station_id":"null","station_code":"9c32f670-9c9a-4ddc-9e65-f251de99be41","station_name":"Gajansar","station_type":"Reservoir","lat":23.58610000,"long":69.12390000,"agency_name":"Gujarat","agency_id":null,"state_name":"Gujarat","state_code":"GJ","district__name":"Kachchh","district__code":"NULL","block__name":"Nakhtarana","block__code":"NULL","basin__name":"West flowing rivers of Kutch and Saurashtra including Luni Basin","basin_code":"NULL","sub_basin__name":"Luni Lower","sub_basin__code":"NULL","created_date":"10/26/2021 12:00:08 AM","remarks":"61","remarks1":"NULL","remarks2":"30","remarks3":"0.00598","year":"NULL","remarks_":"NULL","remarks__":"NULL","remarks2_":"NULL","remarks3_":"NULL"}},
{"type":"Feature","geometry":{"type":"Point","coordinates":[69.56272800,23.01693800]},"properties":{"GmlID":"Reservoir_Station.863","objectid":863,"station_id":"null","station_code":"f8548674-b3a9-420b-a565-16c48e7de3e9","station_name":"Gajod","station_type":"Reservoir","lat":23.01693800,"long":69.56272800,"agency_name":"Gujarat","agency_id":null,"state_name":"Gujarat","state_code":"GJ","district__name":"Kachchh","district__code":"NULL","block__name":"Bhuj","block__code":"NULL","basin__name":"West flowing rivers of Kutch and Saurashtra including Luni Basin","basin_code":"NULL","sub_basin__name":"Drainage of Rann","sub_basin__code":"NULL","created_date":"10/26/2021 12:00:08 AM","remarks":"57","remarks1":"NULL","remarks2":"90.85","remarks3":"0.00771","year":"NULL","remarks_":"NULL","remarks__":"NULL","remarks2_":"NULL","remarks3_":"NULL"}},
{"type":"Feature","geometry":{"type":"Point","coordinates":[69.65520000,22.18970000]},"properties":{"GmlID":"Reservoir_Station.864","objectid":864,"station_id":"null","station_code":"185c0127-ebbf-451e-b197-da798cf75a95","station_name":"Ghee","station_type":"Reservoir","lat":22.18970000,"long":69.65520000,"agency_name":"Gujarat","agency_id":null,"state_name":"Gujarat","state_code":"GJ","district__name":"Devbhumi Dwarka","district__code":"NULL","block__name":"Khambhaliya","block__code":"NULL","basin__name":"West flowing rivers of Kutch and Saurashtra including Luni Basin","basin_code":"NULL","sub_basin__name":"Drainage of Rann","sub_basin__code":"NULL","created_date":"10/26/2021 12:00:08 AM","remarks":"97","remarks1":"NULL","remarks2":"40.54","remarks3":"0.01097","year":"NULL","remarks_":"NULL","remarks__":"NULL","remarks2_":"NULL","remarks3_":"NULL"}},
{"type":"Feature","geometry":{"type":"Point","coordinates":[70.90830000,22.83390000]},"properties":{"GmlID":"Reservoir_Station.865","objectid":865,"station_id":"null","station_code":"8712ba66-527d-4333-81ed-f17e12ad9bfe","station_name":"Ghodadhroi","station_type":"Reservoir","lat":22.83390000,"long":70.90830000,"agency_name":"Gujarat","agency_id":null,"state_name":"Gujarat","state_code":"GJ","district__name":"Morbi","district__code":"NULL","block__name":"Morbi","block__code":"NULL","basin__name":"West flowing rivers of Kutch and Saurashtra including Luni Basin","basin_code":"NULL","sub_basin__name":"Saraswati","sub_basin__code":"NULL","created_date":"10/26/2021 12:00:08 AM","remarks":"166","remarks1":"NULL","remarks2":"98.3","remarks3":"0.00688","year":"NULL","remarks_":"NULL","remarks__":"NULL","remarks2_":"NULL","remarks3_":"NULL"}},
{"type":"Feature","geometry":{"type":"Point","coordinates":[73.73166700,21.51555600]},"properties":{"GmlID":"Reservoir_Station.866","objectid":866,"station_id":"null","station_code":"ea1e746e-bfb1-47ab-a8b0-e4f41324fb75","station_name":"Kakdi-Amba","station_type":"Reservoir","lat":21.51555600,"long":73.73166700,"agency_name":"Gujarat","agency_id":null,"state_name":"Gujarat","state_code":"GJ","district__name":"Narmada","district__code":"NULL","block__name":"Sagbara","block__code":"NULL","basin__name":"Tapi Basin","basin_code":"NULL","sub_basin__name":"Tapi Middle","sub_basin__code":"NULL","created_date":"10/26/2021 12:00:08 AM","remarks":"11","remarks1":"NULL","remarks2":"187.71","remarks3":"0.00937","year":"NULL","remarks_":"NULL","remarks__":"NULL","remarks2_":"NULL","remarks3_":"NULL"}},
{"type":"Feature","geometry":{"type":"Point","coordinates":[70.80510000,21.39480000]},"properties":{"GmlID":"Reservoir_Station.867","objectid":867,"station_id":"null","station_code":"00fe5a7c-a45e-4167-87af-29dfc3fb9636","station_name":"Jhanjeshri","station_type":"Reservoir","lat":21.39480000,"long":70.80510000,"agency_name":"Gujarat","agency_id":null,"state_name":"Gujarat","state_code":"GJ","district__name":"Junagadh","district__code":"NULL","block__name":"Visavadar","block__code":"NULL","basin__name":"West flowing rivers of Kutch and Saurashtra including Luni Basin","basin_code":"NULL","sub_basin__name":"Bhadar and other west flowing rivers","sub_basin__code":"NULL","created_date":"10/26/2021 12:00:08 AM","remarks":"141","remarks1":"NULL","remarks2":"149.96","remarks3":"0.01003","year":"NULL","remarks_":"NULL","remarks__":"NULL","remarks2_":"NULL","remarks3_":"NULL"}},
{"type":"Feature","geometry":{"type":"Point","coordinates":[73.82553300,23.30583800]},"properties":{"GmlID":"Reservoir_Station.868","objectid":868,"station_id":"null","station_code":"edb4fbcf-5bd1-4520-9f7d-a5b4435aeb02","station_name":"Kadana","station_type":"Reservoir","lat":23.30583800,"long":73.82553300,"agency_name":"Gujarat","agency_id":null,"state_name":"Gujarat","state_code":"GJ","district__name":"Mahisagar","district__code":"NULL","block__name":"Kadana","block__code":"NULL","basin__name":"Mahi Basin","basin_code":"NULL","sub_basin__name":"Mahi Lower","sub_basin__code":"NULL","created_date":"10/26/2021 12:00:08 AM","remarks":"17","remarks1":"NULL","remarks2":"127.71","remarks3":"1.2493","year":"NULL","remarks_":"NULL","remarks__":"NULL","remarks2_":"NULL","remarks3_":"NULL"}},
{"type":"Feature","geometry":{"type":"Point","coordinates":[70.57991500,21.38614200]},"properties":{"GmlID":"Reservoir_Station.869","objectid":869,"station_id":"null","station_code":"1634381b-cfd4-451c-af12-1ffa2776a6cb","station_name":"Ozat-II","station_type":"Reservoir","lat":21.38614200,"long":70.57991500,"agency_name":"Gujarat","agency_id":null,"state_name":"Gujarat","state_code":"GJ","district__name":"Junagadh","district__code":"NULL","block__name":"Junagadh","block__code":"NULL","basin__name":"West flowing rivers of Kutch and Saurashtra including Luni Basin","basin_code":"NULL","sub_basin__name":"Bhadar and other west flowing rivers","sub_basin__code":"NULL","created_date":"10/26/2021 12:00:08 AM","remarks":"132","remarks1":"NULL","remarks2":"77.5","remarks3":"0.0362","year":"NULL","remarks_":"NULL","remarks__":"NULL","remarks2_":"NULL","remarks3_":"NULL"}},
{"type":"Feature","geometry":{"type":"Point","coordinates":[69.76310400,21.74789400]},"properties":{"GmlID":"Reservoir_Station.870","objectid":870,"station_id":"null","station_code":"774b0cac-855a-4ecc-916c-1015252cbaca","station_name":"Khambhala","station_type":"Reservoir","lat":21.74789400,"long":69.76310400,"agency_name":"Gujarat","agency_id":null,"state_name":"Gujarat","state_code":"GJ","district__name":"Botad","district__code":"NULL","block__name":"Barwala","block__code":"NULL","basin__name":"West flowing rivers of Kutch and Saurashtra including Luni Basin","basin_code":"NULL","sub_basin__name":"Shetranjuli and other east flowing rivers","sub_basin__code":"NULL","created_date":"10/26/2021 12:00:08 AM","remarks":"143","remarks1":"NULL","remarks2":"39.63","remarks3":"0.01537","year":"NULL","remarks_":"NULL","remarks__":"NULL","remarks2_":"NULL","remarks3_":"NULL"}},
{"type":"Feature","geometry":{"type":"Point","coordinates":[71.79365200,22.16283900]},"properties":{"GmlID":"Reservoir_Station.871","objectid":871,"station_id":"null","station_code":"cc4d303b-f917-4379-83df-d38cf91a647b","station_name":"Khambhada","station_type":"Reservoir","lat":22.16283900,"long":71.79365200,"agency_name":"Gujarat","agency_id":null,"state_name":"Gujarat","state_code":"GJ","district__name":"Botad","district__code":"NULL","block__name":"Barwala","block__code":"NULL","basin__name":"West flowing rivers of Kutch and Saurashtra including Luni Basin","basin_code":"NULL","sub_basin__name":"Shetranjuli and other east flowing rivers","sub_basin__code":"NULL","created_date":"10/26/2021 12:00:08 AM","remarks":"1","remarks1":"NULL","remarks2":"50.35","remarks3":"0.00441","year":"NULL","remarks_":"NULL","remarks__":"NULL","remarks2_":"NULL","remarks3_":"NULL"}},
{"type":"Feature","geometry":{"type":"Point","coordinates":[73.35399600,23.48529000]},"properties":{"GmlID":"Reservoir_Station.872","objectid":872,"station_id":"null","station_code":"4b8ffd2e-5a04-483e-9fdf-178d12bdf2a2","station_name":"Mazam","station_type":"Reservoir","lat":23.48529000,"long":73.35399600,"agency_name":"Gujarat","agency_id":null,"state_name":"Gujarat","state_code":"GJ","district__name":"Arvalli","district__code":"NULL","block__name":"Modasa","block__code":"NULL","basin__name":"Sabarmati Basin","basin_code":"NULL","sub_basin__name":"Sabarmati Upper","sub_basin__code":"NULL","created_date":"10/26/2021 12:00:08 AM","remarks":"29","remarks1":"NULL","remarks2":"157.1","remarks3":"0.04386","year":"NULL","remarks_":"NULL","remarks__":"NULL","remarks2_":"NULL","remarks3_":"NULL"}},
{"type":"Feature","geometry":{"type":"Point","coordinates":[73.24674500,23.14803100]},"properties":{"GmlID":"Reservoir_Station.873","objectid":873,"station_id":"null","station_code":"9d58066f-4ab6-4f59-bc4a-cfba8c8934ae","station_name":"Lank","station_type":"Reservoir","lat":23.14803100,"long":73.24674500,"agency_name":"Gujarat","agency_id":null,"state_name":"Gujarat","state_code":"GJ","district__name":"Arvalli","district__code":"NULL","block__name":"Bayad","block__code":"NULL","basin__name":"Sabarmati Basin","basin_code":"NULL","sub_basin__name":"Sabarmati Upper","sub_basin__code":"NULL","created_date":"10/26/2021 12:00:08 AM","remarks":"31","remarks1":"NULL","remarks2":"111.55","remarks3":"0.00754","year":"NULL","remarks_":"NULL","remarks__":"NULL","remarks2_":"NULL","remarks3_":"NULL"}},
{"type":"Feature","geometry":{"type":"Point","coordinates":[73.38835000,23.66176200]},"properties":{"GmlID":"Reservoir_Station.874","objectid":874,"station_id":"null","station_code":"dba5dc0d-2efd-453a-b791-928108c7b86a","station_name":"Meshwo","station_type":"Reservoir","lat":23.66176200,"long":73.38835000,"agency_name":"Gujarat","agency_id":null,"state_name":"Gujarat","state_code":"GJ","district__name":"Arvalli","district__code":"NULL","block__name":"Bhiloda","block__code":"NULL","basin__name":"Sabarmati Basin","basin_code":"NULL","sub_basin__name":"Sabarmati Upper","sub_basin__code":"NULL","created_date":"10/26/2021 12:00:08 AM","remarks":"34","remarks1":"NULL","remarks2":"214.59","remarks3":"0.05313","year":"NULL","remarks_":"NULL","remarks__":"NULL","remarks2_":"NULL","remarks3_":"NULL"}},
{"type":"Feature","geometry":{"type":"Point","coordinates":[79.01746389,14.21371944]},"properties":{"GmlID":"Reservoir_Station.875","objectid":875,"station_id":"null","station_code":"16b17962-4e67-485c-b4e7-9cd18c7e6f68","station_name":"ANNAMAYYA (CHEYYERU) RESERVOIR","station_type":"Reservoir","lat":14.21371944,"long":79.01746389,"agency_name":"APWRIMS","agency_id":null,"state_name":"Andhra Pradesh","state_code":"AP","district__name":"Y.S.R.","district__code":"NULL","block__name":"Rajampet","block__code":"NULL","basin__name":"Pennar Basin","basin_code":"NULL","sub_basin__name":"Pennar Lower","sub_basin__code":"NULL","created_date":"11/11/2021 12:00:08 AM","remarks":"NULL","remarks1":"{\\\"designcapacity\\\": 4.48, \\\"deadstoragelevel\\\": 200.180448, \\\"deadstorage\\\": 1.47, \\\"fullreservoirlevel\\\": 407.200608, \\\"live_capacity_frl\\\": 0.063}","remarks2":"407.200608","remarks3":"0.063","year":"NULL","remarks_":"NULL","remarks__":"NULL","remarks2_":"NULL","remarks3_":"NULL"}},
{"type":"Feature","geometry":{"type":"Point","coordinates":[78.89424444,14.80158611]},"properties":{"GmlID":"Reservoir_Station.876","objectid":876,"station_id":"null","station_code":"3a4daec9-661f-4400-9a21-cad79c1f758a","station_name":"BRAHMAMSAGAR RESERVOIR","station_type":"Reservoir","lat":14.80158611,"long":78.89424444,"agency_name":"APWRIMS","agency_id":null,"state_name":"Andhra Pradesh","state_code":"AP","district__name":"Y.S.R.","district__code":"NULL","block__name":"Brahmamgari Matham","block__code":"NULL","basin__name":"Pennar Basin","basin_code":"NULL","sub_basin__name":"Pennar Lower","sub_basin__code":"NULL","created_date":"11/11/2021 12:00:08 AM","remarks":"NULL","remarks1":"{\\\"designcapacity\\\": 35.48, \\\"deadstoragelevel\\\": 186.001152, \\\"deadstorage\\\": 0.78, \\\"fullreservoirlevel\\\": 433.004976, \\\"live_capacity_frl\\\": 0.502}","remarks2":"433.004976","remarks3":"0.502","year":"NULL","remarks_":"NULL","remarks__":"NULL","remarks2_":"NULL","remarks3_":"NULL"}},
{"type":"Feature","geometry":{"type":"Point","coordinates":[78.83551111,14.40023333]},"properties":{"GmlID":"Reservoir_Station.877","objectid":877,"station_id":"null","station_code":"001ef564-fb77-47b7-8725-ef1c55f1fa49","station_name":"BUGGAVANKA RESERVOIR","station_type":"Reservoir","lat":14.40023333,"long":78.83551111,"agency_name":"APWRIMS","agency_id":null,"state_name":"Andhra Pradesh","state_code":"AP","district__name":"Y.S.R.","district__code":"NULL","block__name":"Chintakommadinne","block__code":"NULL","basin__name":"Pennar Basin","basin_code":"NULL","sub_basin__name":"Pennar Lower","sub_basin__code":"NULL","created_date":"11/11/2021 12:00:08 AM","remarks":"NULL","remarks1":"{\\\"designcapacity\\\": 1.02, \\\"deadstoragelevel\\\": 174.949104, \\\"deadstorage\\\": 0.03, \\\"fullreservoirlevel\\\": 372.002304, \\\"live_capacity_frl\\\": 0.014}","remarks2":"372.002304","remarks3":"0.014","year":"NULL","remarks_":"NULL","remarks__":"NULL","remarks2_":"NULL","remarks3_":"NULL"}},
{"type":"Feature","geometry":{"type":"Point","coordinates":[77.95885000,14.56190000]},"properties":{"GmlID":"Reservoir_Station.878","objectid":878,"station_id":"null","station_code":"7e103cea-040e-464a-9dbe-d7a17bda3fc2","station_name":"CHITRAVATI BALANCING RESERVOIR","station_type":"Reservoir","lat":14.56190000,"long":77.95885000,"agency_name":"APWRIMS","agency_id":null,"state_name":"Andhra Pradesh","state_code":"AP","district__name":"Y.S.R.","district__code":"NULL","block__name":"Lingala","block__code":"NULL","basin__name":"Pennar Basin","basin_code":"NULL","sub_basin__name":"Pennar Upper","sub_basin__code":"NULL","created_date":"11/11/2021 12:00:08 AM","remarks":"NULL","remarks1":"{\\\"designcapacity\\\": 20.0, \\\"deadstoragelevel\\\": 283.031184, \\\"deadstorage\\\": 0.38, \\\"fullreservoirlevel\\\": 595.999824, \\\"live_capacity_frl\\\": 0.283}","remarks2":"595.999824","remarks3":"0.283","year":"NULL","remarks_":"NULL","remarks__":"NULL","remarks2_":"NULL","remarks3_":"NULL"}},
{"type":"Feature","geometry":{"type":"Point","coordinates":[78.25125000,14.80858000]},"properties":{"GmlID":"Reservoir_Station.879","objectid":879,"station_id":"null","station_code":"b1651343-8580-4b6d-ac5d-d6b4688260ec","station_name":"GANDIKOTA RESERVOIR","station_type":"Reservoir","lat":14.80858000,"long":78.25125000,"agency_name":"APWRIMS","agency_id":null,"state_name":"Andhra Pradesh","state_code":"AP","district__name":"Y.S.R.","district__code":"NULL","block__name":"Kondapuram","block__code":"NULL","basin__name":"Pennar Basin","basin_code":"NULL","sub_basin__name":"Pennar Upper","sub_basin__code":"NULL","created_date":"11/11/2021 12:00:08 AM","remarks":"NULL","remarks1":"{\\\"designcapacity\\\": 53.7, \\\"deadstoragelevel\\\": 197.501256, \\\"deadstorage\\\": 0.18, \\\"fullreservoirlevel\\\": 424.001184, \\\"live_capacity_frl\\\": 0.76}","remarks2":"424.001184","remarks3":"0.76","year":"NULL","remarks_":"NULL","remarks__":"NULL","remarks2_":"NULL","remarks3_":"NULL"}},
{"type":"Feature","geometry":{"type":"Point","coordinates":[78.44268500,14.59913800]},"properties":{"GmlID":"Reservoir_Station.880","objectid":880,"station_id":"null","station_code":"78ae4724-336d-11e9-b210-d663bd873d93","station_name":"VAMIKONDA SAGAR RESERVOIR","station_type":"Reservoir","lat":14.59913800,"long":78.44268500,"agency_name":"APWRIMS","agency_id":null,"state_name":"Andhra Pradesh","state_code":"AP","district__name":"Y.S.R.","district__code":"NULL","block__name":"Muddanur","block__code":"NULL","basin__name":"Pennar Basin","basin_code":"NULL","sub_basin__name":"Pennar Upper","sub_basin__code":"NULL","created_date":"11/11/2021 12:00:08 AM","remarks":"NULL","remarks1":"{\\\"designcapacity\\\": 1.6, \\\"deadstoragelevel\\\": 192.65, \\\"deadstorage\\\": 0.262, \\\"fullreservoirlevel\\\": 200.0, \\\"live_capacity_frl\\\": 0.045}","remarks2":"200","remarks3":"0.045","year":"NULL","remarks_":"NULL","remarks__":"NULL","remarks2_":"NULL","remarks3_":"NULL"}},
{"type":"Feature","geometry":{"type":"Point","coordinates":[78.94816389,14.95343056]},"properties":{"GmlID":"Reservoir_Station.881","objectid":881,"station_id":"null","station_code":"022ebbcc-adba-4d59-8fd0-598f00b28571","station_name":"LOWER SAGILERU ANI CUT","station_type":"Reservoir","lat":14.95343056,"long":78.94816389,"agency_name":"APWRIMS","agency_id":null,"state_name":"Andhra Pradesh","state_code":"AP","district__name":"Y.S.R.","district__code":"NULL","block__name":"Porumamilla","block__code":"NULL","basin__name":"Pennar Basin","basin_code":"NULL","sub_basin__name":"Pennar Lower","sub_basin__code":"NULL","created_date":"11/11/2021 12:00:08 AM","remarks":"NULL","remarks1":"{\\\"designcapacity\\\": 0.34, \\\"deadstoragelevel\\\": 153.6192, \\\"deadstorage\\\": 0.0, \\\"fullreservoirlevel\\\": 313.937904, \\\"live_capacity_frl\\\": 0.005}","remarks2":"313.937904","remarks3":"0.005","year":"NULL","remarks_":"NULL","remarks__":"NULL","remarks2_":"NULL","remarks3_":"NULL"}},
{"type":"Feature","geometry":{"type":"Point","coordinates":[78.34351075,14.84962352]},"properties":{"GmlID":"Reservoir_Station.882","objectid":882,"station_id":"null","station_code":"1a837a05-e220-4554-a444-d62a31f40dcc","station_name":"MYLAVARAM(PENNAR) RESERVOIR","station_type":"Reservoir","lat":14.84962352,"long":78.34351075,"agency_name":"APWRIMS","agency_id":null,"state_name":"Andhra Pradesh","state_code":"AP","district__name":"Y.S.R.","district__code":"NULL","block__name":"Mylavaram","block__code":"NULL","basin__name":"Pennar Basin","basin_code":"NULL","sub_basin__name":"Pennar Upper","sub_basin__code":"NULL","created_date":"11/11/2021 12:00:08 AM","remarks":"NULL","remarks1":"{\\\"designcapacity\\\": 19.96, \\\"deadstoragelevel\\\": 189.000384, \\\"deadstorage\\\": 0.59, \\\"fullreservoirlevel\\\": 403.299168, \\\"live_capacity_frl\\\": 0.283}","remarks2":"403.299168","remarks3":"0.283","year":"NULL","remarks_":"NULL","remarks__":"NULL","remarks2_":"NULL","remarks3_":"NULL"}},
{"type":"Feature","geometry":{"type":"Point","coordinates":[78.19253100,14.70595000]},"properties":{"GmlID":"Reservoir_Station.883","objectid":883,"station_id":"null","station_code":"78ae1628-336d-11e9-b210-d663bd873d93","station_name":"PAIDIPALEM BALANCING RESERVOIR","station_type":"Reservoir","lat":14.70595000,"long":78.19253100,"agency_name":"APWRIMS","agency_id":null,"state_name":"Andhra Pradesh","state_code":"AP","district__name":"Y.S.R.","district__code":"NULL","block__name":"Simhadripuram","block__code":"NULL","basin__name":"Pennar Basin","basin_code":"NULL","sub_basin__name":"Pennar Upper","sub_basin__code":"NULL","created_date":"11/11/2021 12:00:08 AM","remarks":"NULL","remarks1":"{\\\"designcapacity\\\": 6.0, \\\"deadstoragelevel\\\": 246.89, \\\"deadstorage\\\": 0.05, \\\"fullreservoirlevel\\\": 281.33, \\\"live_capacity_frl\\\": 0.17}","remarks2":"281.33","remarks3":"0.17","year":"NULL","remarks_":"NULL","remarks__":"NULL","remarks2_":"NULL","remarks3_":"NULL"}},
{"type":"Feature","geometry":{"type":"Point","coordinates":[78.43130800,14.54215800]},"properties":{"GmlID":"Reservoir_Station.884","objectid":884,"station_id":"null","station_code":"78ae2974-336d-11e9-b210-d663bd873d93","station_name":"SARVARAJA SAGAR","station_type":"Reservoir","lat":14.54215800,"long":78.43130800,"agency_name":"APWRIMS","agency_id":null,"state_name":"Andhra Pradesh","state_code":"AP","district__name":"Y.S.R.","district__code":"NULL","block__name":"Virapanaya","block__code":"NULL","basin__name":"Pennar Basin","basin_code":"NULL","sub_basin__name":"Pennar Upper","sub_basin__code":"NULL","created_date":"11/11/2021 12:00:08 AM","remarks":"NULL","remarks1":"{\\\"designcapacity\\\": 3.06, \\\"deadstoragelevel\\\": 190.01, \\\"deadstorage\\\": 0.296, \\\"fullreservoirlevel\\\": 201.3, \\\"live_capacity_frl\\\": 0.087}","remarks2":"201.3","remarks3":"0.087","year":"NULL","remarks_":"NULL","remarks__":"NULL","remarks2_":"NULL","remarks3_":"NULL"}},
{"type":"Feature","geometry":{"type":"Point","coordinates":[78.14013800,14.75142900]},"properties":{"GmlID":"Reservoir_Station.885","objectid":885,"station_id":"null","station_code":"78ae40b2-336d-11e9-b210-d663bd873d93","station_name":"THIMMAPURAM SR1","station_type":"Reservoir","lat":14.75142900,"long":78.14013800,"agency_name":"APWRIMS","agency_id":null,"state_name":"Andhra Pradesh","state_code":"AP","district__name":"Y.S.R.","district__code":"NULL","block__name":"Kondapuram","block__code":"NULL","basin__name":"Pennar Basin","basin_code":"NULL","sub_basin__name":"Pennar Upper","sub_basin__code":"NULL","created_date":"11/11/2021 12:00:08 AM","remarks":"NULL","remarks1":"{\\\"designcapacity\\\": 0.3, \\\"deadstoragelevel\\\": 217.1, \\\"deadstorage\\\": 0.1, \\\"fullreservoirlevel\\\": 220.6, \\\"live_capacity_frl\\\": 0.0}","remarks2":"220.6","remarks3":"0.01","year":"NULL","remarks_":"NULL","remarks__":"NULL","remarks2_":"NULL","remarks3_":"NULL"}},
{"type":"Feature","geometry":{"type":"Point","coordinates":[78.71405278,14.84573056]},"properties":{"GmlID":"Reservoir_Station.886","objectid":886,"station_id":"null","station_code":"bc72203e-4dab-11e6-a0d5-68f72823d03e","station_name":"SUBSIDIARY RESERVOIR -I","station_type":"Reservoir","lat":14.84573056,"long":78.71405278,"agency_name":"APWRIMS","agency_id":null,"state_name":"Andhra Pradesh","state_code":"AP","district__name":"Y.S.R.","district__code":"NULL","block__name":"Maidukuru","block__code":"NULL","basin__name":"Pennar Basin","basin_code":"NULL","sub_basin__name":"Pennar Upper","sub_basin__code":"NULL","created_date":"11/11/2021 12:00:08 AM","remarks":"NULL","remarks1":"{\\\"designcapacity\\\": 4.26, \\\"deadstoragelevel\\\": 208.0, \\\"deadstorage\\\": 0.292, \\\"fullreservoirlevel\\\": 290.9704, \\\"live_capacity_frl\\\": 0.06}","remarks2":"290.9704","remarks3":"0.06","year":"NULL","remarks_":"NULL","remarks__":"NULL","remarks2_":"NULL","remarks3_":"NULL"}},
{"type":"Feature","geometry":{"type":"Point","coordinates":[78.75522222,14.82404167]},"properties":{"GmlID":"Reservoir_Station.887","objectid":887,"station_id":"null","station_code":"bc7228d6-4dab-11e6-a0d5-68f72823d03e","station_name":"SUBSIDIARY RESERVOIR -II","station_type":"Reservoir","lat":14.82404167,"long":78.75522222,"agency_name":"APWRIMS","agency_id":null,"state_name":"Andhra Pradesh","state_code":"AP","district__name":"Y.S.R.","district__code":"NULL","block__name":"Maidukuru","block__code":"NULL","basin__name":"Pennar Basin","basin_code":"NULL","sub_basin__name":"Pennar Upper","sub_basin__code":"NULL","created_date":"11/11/2021 12:00:08 AM","remarks":"NULL","remarks1":"{\\\"designcapacity\\\": 4.88, \\\"deadstoragelevel\\\": 204.0, \\\"deadstorage\\\": 0.175, \\\"fullreservoirlevel\\\": 290.683344, \\\"live_capacity_frl\\\": 0.069}","remarks2":"290.683344","remarks3":"0.069","year":"NULL","remarks_":"NULL","remarks__":"NULL","remarks2_":"NULL","remarks3_":"NULL"}},
{"type":"Feature","geometry":{"type":"Point","coordinates":[78.47704722,14.03152778]},"properties":{"GmlID":"Reservoir_Station.888","objectid":888,"station_id":"null","station_code":"32e583e8-18db-453e-bc0e-7187a58373be","station_name":"VELIGALLU RESERVOIR","station_type":"Reservoir","lat":14.03152778,"long":78.47704722,"agency_name":"APWRIMS","agency_id":null,"state_name":"Andhra Pradesh","state_code":"AP","district__name":"Y.S.R.","district__code":"NULL","block__name":"Galividu","block__code":"NULL","basin__name":"Pennar Basin","basin_code":"NULL","sub_basin__name":"Pennar Upper","sub_basin__code":"NULL","created_date":"11/11/2021 12:00:08 AM","remarks":"NULL","remarks1":"{\\\"designcapacity\\\": 9.28, \\\"deadstoragelevel\\\": 415.149792, \\\"deadstorage\\\": 2.84, \\\"fullreservoirlevel\\\": 839.99832, \\\"live_capacity_frl\\\": 0.131}","remarks2":"839.99832","remarks3":"0.131","year":"NULL","remarks_":"NULL","remarks__":"NULL","remarks2_":"NULL","remarks3_":"NULL"}},
{"type":"Feature","geometry":{"type":"Point","coordinates":[78.92020000,15.14365400]},"properties":{"GmlID":"Reservoir_Station.889","objectid":889,"station_id":"null","station_code":"78ae45ee-336d-11e9-b210-d663bd873d93","station_name":"UPPER SAGILERU","station_type":"Reservoir","lat":15.14365400,"long":78.92020000,"agency_name":"APWRIMS","agency_id":null,"state_name":"Andhra Pradesh","state_code":"AP","district__name":"Y.S.R.","district__code":"NULL","block__name":"Kalasapadu","block__code":"NULL","basin__name":"Pennar Basin","basin_code":"NULL","sub_basin__name":"Pennar Lower","sub_basin__code":"NULL","created_date":"11/11/2021 12:00:08 AM","remarks":"NULL","remarks1":"{\\\"designcapacity\\\": \\\"null\\\", \\\"deadstoragelevel\\\": \\\"null\\\", \\\"deadstorage\\\": \\\"null\\\", \\\"fullreservoirlevel\\\": \\\"null\\\", \\\"live_capacity_frl\\\": 0.0}","remarks2":"null","remarks3":"null","year":"NULL","remarks_":"NULL","remarks__":"NULL","remarks2_":"NULL","remarks3_":"NULL"}},
{"type":"Feature","geometry":{"type":"Point","coordinates":[79.07500000,14.78333333]},"properties":{"GmlID":"Reservoir_Station.890","objectid":890,"station_id":"null","station_code":"78adc592-336d-11e9-b210-d663bd873d93","station_name":"BADVEL TANK","station_type":"Reservoir","lat":14.78333333,"long":79.07500000,"agency_name":"APWRIMS","agency_id":null,"state_name":"Andhra Pradesh","state_code":"AP","district__name":"Y.S.R.","district__code":"NULL","block__name":"Badvel","block__code":"NULL","basin__name":"Pennar Basin","basin_code":"NULL","sub_basin__name":"Pennar Lower","sub_basin__code":"NULL","created_date":"11/11/2021 12:00:08 AM","remarks":"NULL","remarks1":"{\\\"designcapacity\\\": 1.364, \\\"deadstoragelevel\\\": \\\"null\\\", \\\"deadstorage\\\": 0.0, \\\"fullreservoirlevel\\\": 145.63, \\\"live_capacity_frl\\\": 0.0}","remarks2":"145.63","remarks3":"0.00000136","year":"NULL","remarks_":"NULL","remarks__":"NULL","remarks2_":"NULL","remarks3_":"NULL"}},
{"type":"Feature","geometry":{"type":"Point","coordinates":[78.94946600,13.95296600]},"properties":{"GmlID":"Reservoir_Station.891","objectid":891,"station_id":"null","station_code":"78ae6b6e-336d-11e9-b210-d663bd873d93","station_name":"SRINIVASAPURAM RESERVOIR (HNSS)","station_type":"Reservoir","lat":13.95296600,"long":78.94946600,"agency_name":"APWRIMS","agency_id":null,"state_name":"Andhra Pradesh","state_code":"AP","district__name":"Y.S.R.","district__code":"NULL","block__name":"T Sundupalle","block__code":"NULL","basin__name":"Pennar Basin","basin_code":"NULL","sub_basin__name":"Pennar Lower","sub_basin__code":"NULL","created_date":"11/11/2021 12:00:08 AM","remarks":"NULL","remarks1":"{\\\"designcapacity\\\": 1.02, \\\"deadstoragelevel\\\": 413.0, \\\"deadstorage\\\": 0.329, \\\"fullreservoirlevel\\\": 430.0, \\\"live_capacity_frl\\\": 0.0}","remarks2":"430","remarks3":"0.03","year":"NULL","remarks_":"NULL","remarks__":"NULL","remarks2_":"NULL","remarks3_":"NULL"}},
{"type":"Feature","geometry":{"type":"Point","coordinates":[78.73417700,14.60518500]},"properties":{"GmlID":"Reservoir_Station.892","objectid":892,"station_id":"null","station_code":"78ae5db8-336d-11e9-b210-d663bd873d93","station_name":"ADINIMMAYAPALLI ANICUT","station_type":"Reservoir","lat":14.60518500,"long":78.73417700,"agency_name":"APWRIMS","agency_id":null,"state_name":"Andhra Pradesh","state_code":"AP","district__name":"Y.S.R.","district__code":"NULL","block__name":"Vallur","block__code":"NULL","basin__name":"Pennar Basin","basin_code":"NULL","sub_basin__name":"Pennar Lower","sub_basin__code":"NULL","created_date":"11/11/2021 12:00:08 AM","remarks":"NULL","remarks1":"{\\\"designcapacity\\\": \\\"null\\\", \\\"deadstoragelevel\\\": \\\"null\\\", \\\"deadstorage\\\": \\\"null\\\", \\\"fullreservoirlevel\\\": \\\"null\\\", \\\"live_capacity_frl\\\": 0.0}","remarks2":"null","remarks3":"null","year":"NULL","remarks_":"NULL","remarks__":"NULL","remarks2_":"NULL","remarks3_":"NULL"}},
{"type":"Feature","geometry":{"type":"Point","coordinates":[73.88717700,22.43705300]},"properties":{"GmlID":"Reservoir_Station.893","objectid":893,"station_id":"null","station_code":"4bfa6e70-a776-4958-8b45-79cf3f60cf94","station_name":"Sukhi","station_type":"Reservoir","lat":22.43705300,"long":73.88717700,"agency_name":"Gujarat","agency_id":null,"state_name":"Gujarat","state_code":"GJ","district__name":"Chhotaudepur","district__code":"NULL","block__name":"Jetpur-Pavi","block__code":"NULL","basin__name":"Narmada Basin","basin_code":"NULL","sub_basin__name":"Narmada Lower","sub_basin__code":"NULL","created_date":"10/26/2021 12:00:08 AM","remarks":"40","remarks1":"NULL","remarks2":"147.82","remarks3":"0.17301","year":"NULL","remarks_":"NULL","remarks__":"NULL","remarks2_":"NULL","remarks3_":"NULL"}},
{"type":"Feature","geometry":{"type":"Point","coordinates":[73.87782100,22.89072500]},"properties":{"GmlID":"Reservoir_Station.894","objectid":894,"station_id":"null","station_code":"3ae17252-2993-4f24-a746-a95a95641fbb","station_name":"Hadaf","station_type":"Reservoir","lat":22.89072500,"long":73.87782100,"agency_name":"Gujarat","agency_id":null,"state_name":"Gujarat","state_code":"GJ","district__name":"Dohad","district__code":"NULL","block__name":"Limkheda","block__code":"NULL","basin__name":"Mahi Basin","basin_code":"NULL","sub_basin__name":"Mahi Lower","sub_basin__code":"NULL","created_date":"10/26/2021 12:00:08 AM","remarks":"16","remarks1":"NULL","remarks2":"166.2","remarks3":"0.02209","year":"NULL","remarks_":"NULL","remarks__":"NULL","remarks2_":"NULL","remarks3_":"NULL"}},
{"type":"Feature","geometry":{"type":"Point","coordinates":[74.04850100,22.67582600]},"properties":{"GmlID":"Reservoir_Station.895","objectid":895,"station_id":"null","station_code":"2ae33f0d-4c80-4864-bc5e-7ff17c017f48","station_name":"Edalwada","station_type":"Reservoir","lat":22.67582600,"long":74.04850100,"agency_name":"Gujarat","agency_id":null,"state_name":"Gujarat","state_code":"GJ","district__name":"Dohad","district__code":"NULL","block__name":"Dhanpur","block__code":"NULL","basin__name":"Mahi Basin","basin_code":"NULL","sub_basin__name":"Mahi Lower","sub_basin__code":"NULL","created_date":"10/26/2021 12:00:08 AM","remarks":"25","remarks1":"NULL","remarks2":"237.3","remarks3":"0.01408","year":"NULL","remarks_":"NULL","remarks__":"NULL","remarks2_":"NULL","remarks3_":"NULL"}},
{"type":"Feature","geometry":{"type":"Point","coordinates":[83.19483333,17.75928333]},"properties":{"GmlID":"Reservoir_Station.896","objectid":896,"station_id":"null","station_code":"e964c4dd-6a15-4147-9104-0a9626d1ac80","station_name":"MEHADRIGADD RESERVOIR","station_type":"Reservoir","lat":17.75928333,"long":83.19483333,"agency_name":"APWRIMS","agency_id":null,"state_name":"Andhra Pradesh","state_code":"AP","district__name":"Visakhapatanam","district__code":"NULL","block__name":"Pendurti","block__code":"NULL","basin__name":"East flowing rivers between Mahanadi and Pennar Basin","basin_code":"NULL","sub_basin__name":"Nagvati and other","sub_basin__code":"NULL","created_date":"11/11/2021 12:00:08 AM","remarks":"NULL","remarks1":"{\\\"designcapacity\\\": 2.34, \\\"deadstoragelevel\\\": 13.4112, \\\"deadstorage\\\": 0.13, \\\"fullreservoirlevel\\\": 37.1856, \\\"live_capacity_frl\\\": 0.033}","remarks2":"37.1856","remarks3":"0.033","year":"NULL","remarks_":"NULL","remarks__":"NULL","remarks2_":"NULL","remarks3_":"NULL"}},
{"type":"Feature","geometry":{"type":"Point","coordinates":[82.96564722,18.00660833]},"properties":{"GmlID":"Reservoir_Station.897","objectid":897,"station_id":"null","station_code":"53a12642-b27f-4a34-9ac0-19bab3af825f","station_name":"RAIWADA RESERVOIR","station_type":"Reservoir","lat":18.00660833,"long":82.96564722,"agency_name":"APWRIMS","agency_id":null,"state_name":"Andhra Pradesh","state_code":"AP","district__name":"Visakhapatanam","district__code":"NULL","block__name":"Devarapalle","block__code":"NULL","basin__name":"East flowing rivers between Mahanadi and Pennar Basin","basin_code":"NULL","sub_basin__name":"Nagvati and other","sub_basin__code":"NULL","created_date":"11/11/2021 12:00:08 AM","remarks":"NULL","remarks1":"{\\\"designcapacity\\\": 7.2, \\\"deadstoragelevel\\\": 98.935032, \\\"deadstorage\\\": 0.33, \\\"fullreservoirlevel\\\": 227.850192, \\\"live_capacity_frl\\\": 0.102}","remarks2":"227.850192","remarks3":"0.102","year":"NULL","remarks_":"NULL","remarks__":"NULL","remarks2_":"NULL","remarks3_":"NULL"}},
{"type":"Feature","geometry":{"type":"Point","coordinates":[82.43734000,17.61137000]},"properties":{"GmlID":"Reservoir_Station.898","objectid":898,"station_id":"null","station_code":"d61f5d35-82fe-4361-a05a-b067cba27fe5","station_name":"TANDAVA RESERVOIR","station_type":"Reservoir","lat":17.61137000,"long":82.43734000,"agency_name":"APWRIMS","agency_id":null,"state_name":"Andhra Pradesh","state_code":"AP","district__name":"Visakhapatanam","district__code":"NULL","block__name":"Koyyuru","block__code":"NULL","basin__name":"East flowing rivers between Mahanadi and Pennar Basin","basin_code":"NULL","sub_basin__name":"Nagvati and other","sub_basin__code":"NULL","created_date":"11/11/2021 12:00:08 AM","remarks":"NULL","remarks1":"{\\\"designcapacity\\\": 9.92, \\\"deadstoragelevel\\\": 103.632, \\\"deadstorage\\\": 0.56, \\\"fullreservoirlevel\\\": 231.648, \\\"live_capacity_frl\\\": 0.14}","remarks2":"231.648","remarks3":"0.14","year":"NULL","remarks_":"NULL","remarks__":"NULL","remarks2_":"NULL","remarks3_":"NULL"}},
{"type":"Feature","geometry":{"type":"Point","coordinates":[82.67533333,17.81086389]},"properties":{"GmlID":"Reservoir_Station.899","objectid":899,"station_id":"null","station_code":"79562fd0-acce-4b24-92d9-6d6a8590b59d","station_name":"VARAHA RESERVOIR","station_type":"Reservoir","lat":17.81086389,"long":82.67533333,"agency_name":"APWRIMS","agency_id":null,"state_name":"Andhra Pradesh","state_code":"AP","district__name":"Visakhapatanam","district__code":"NULL","block__name":"Ravikamatam","block__code":"NULL","basin__name":"East flowing rivers between Mahanadi and Pennar Basin","basin_code":"NULL","sub_basin__name":"Nagvati and other","sub_basin__code":"NULL","created_date":"11/11/2021 12:00:08 AM","remarks":"NULL","remarks1":"{\\\"designcapacity\\\": 0.94, \\\"deadstoragelevel\\\": 128.6256, \\\"deadstorage\\\": 0.03, \\\"fullreservoirlevel\\\": 280.416, \\\"live_capacity_frl\\\": 0.013}","remarks2":"280.416","remarks3":"0.013","year":"NULL","remarks_":"NULL","remarks__":"NULL","remarks2_":"NULL","remarks3_":"NULL"}}
]}